Entity,code_x,Year,GDP per Capita,owid_region_x,code_y,literacy_rate,Years of Schooling,population_historical,owid_region_y,GDP per Schooling Year
Afghanistan,0,1990,0.0,0,AFG,18.0,2.06,12045664.0,Asia,0.0
Afghanistan,0,1995,0.0,0,AFG,18.0,2.4,17065837.0,Asia,0.0
Afghanistan,AFG,2000,1617.8264,Asia,AFG,18.0,3.03,20130334.0,Asia,533.9361056105611
Afghanistan,AFG,2001,1454.1108,Asia,AFG,18.0,3.03,20130334.0,Asia,479.9045544554456
Afghanistan,AFG,2002,1774.3087,Asia,AFG,18.0,3.03,20130334.0,Asia,585.5804290429044
Afghanistan,AFG,2003,1815.9282,Asia,AFG,18.0,3.03,20130334.0,Asia,599.3162376237624
Afghanistan,AFG,2004,1776.9182,Asia,AFG,18.0,3.03,20130334.0,Asia,586.4416501650165
Afghanistan,AFG,2005,1908.1147,Asia,AFG,18.0,3.32,24404575.0,Asia,574.733343373494
Afghanistan,AFG,2006,1929.7239,Asia,AFG,18.0,3.32,24404575.0,Asia,581.2421385542169
Afghanistan,AFG,2007,2155.353,Asia,AFG,18.0,3.32,24404575.0,Asia,649.2027108433736
Afghanistan,AFG,2008,2191.5044,Asia,AFG,18.0,3.32,24404575.0,Asia,660.0916867469879
Afghanistan,AFG,2009,2565.022,Asia,AFG,18.0,3.32,24404575.0,Asia,772.5969879518073
Afghanistan,AFG,2010,2848.5862,Asia,AFG,18.0,3.93,28284088.0,Asia,724.8310941475827
Afghanistan,AFG,2011,2757.0525,Asia,AFG,31.0,3.93,29347708.0,Asia,701.5400763358778
Afghanistan,AFG,2012,2985.319,Asia,AFG,31.0,3.93,29347708.0,Asia,759.623155216285
Afghanistan,AFG,2013,3046.5798,Asia,AFG,31.0,3.93,29347708.0,Asia,775.211145038168
Afghanistan,AFG,2014,3017.9426,Asia,AFG,31.0,3.93,29347708.0,Asia,767.9243256997455
Afghanistan,AFG,2015,2967.6921,Asia,AFG,33.75384,4.81,33831767.0,Asia,616.9838045738047
Afghanistan,AFG,2016,2958.7854,Asia,AFG,33.75384,4.81,33831767.0,Asia,615.1320997920999
Afghanistan,AFG,2017,2952.999,Asia,AFG,33.75384,4.81,33831767.0,Asia,613.929106029106
Afghanistan,AFG,2018,2902.392,Asia,AFG,33.75384,4.81,33831767.0,Asia,603.4079002079002
Afghanistan,AFG,2019,2927.245,Asia,AFG,33.75384,4.81,33831767.0,Asia,608.5748440748441
Afghanistan,AFG,2020,2769.6858,Asia,AFG,33.75384,5.69,39068977.0,Asia,486.7637609841828
Afghanistan,AFG,2021,2144.1665,Asia,AFG,37.0,5.69,40000410.0,Asia,376.83066783831276
Afghanistan,AFG,2022,1981.7102,Asia,AFG,37.0,5.69,40000410.0,Asia,348.2794727592267
Afghanistan,AFG,2023,1983.8126,Asia,AFG,37.0,5.69,40000410.0,Asia,348.6489630931458
Africa,AFG,1990,1983.8126,Asia,OWID_AFR,37.0,4.1424775,643490587.0,Asia,478.8952022068919
Africa,AFG,1995,1983.8126,Asia,OWID_AFR,37.0,4.7085795,732395090.0,Asia,421.31870131958055
Africa,AFG,2000,1983.8126,Asia,OWID_AFR,37.0,5.012495,830226481.0,Asia,395.77348206831124
Africa,AFG,2005,1983.8126,Asia,OWID_AFR,37.0,5.4465013,942115143.0,Asia,364.23613816084094
Africa,AFG,2010,1983.8126,Asia,OWID_AFR,37.0,5.890455,1071809929.0,Asia,336.7842721827091
Africa,AFG,2015,1983.8126,Asia,OWID_AFR,37.0,6.1954384,1219484027.0,Asia,320.20536270685864
Africa,AFG,2020,1983.8126,Asia,OWID_AFR,37.0,6.6818657,1379939686.0,Asia,296.8950124214559
Albania,ALB,1990,5560.857,Europe,ALB,72.5,8.61,3277965.0,Europe,645.8602787456447
Albania,ALB,1991,4027.9055,Europe,ALB,72.5,8.61,3277965.0,Europe,467.817131242741
Albania,ALB,1992,3761.1555,Europe,ALB,72.5,8.61,3277965.0,Europe,436.8357142857143
Albania,ALB,1993,4145.92,Europe,ALB,72.5,8.61,3277965.0,Europe,481.5238095238096
Albania,ALB,1994,4517.799,Europe,ALB,72.5,8.61,3277965.0,Europe,524.715331010453
Albania,ALB,1995,5151.3975,Europe,ALB,72.5,8.54,3258573.0,Europe,603.2081381733021
Albania,ALB,1996,5563.793,Europe,ALB,72.5,8.54,3258573.0,Europe,651.4980093676816
Albania,ALB,1997,4943.004,Europe,ALB,72.5,8.54,3258573.0,Europe,578.8060889929743
Albania,ALB,1998,5387.5684,Europe,ALB,72.5,8.54,3258573.0,Europe,630.8628103044497
Albania,ALB,1999,6086.009,Europe,ALB,72.5,8.54,3258573.0,Europe,712.6474238875879
Albania,ALB,2000,6582.0166,Europe,ALB,72.5,9.93,3166147.0,Europe,662.841550855992
Albania,ALB,2001,7232.9907,Europe,ALB,99.0,9.93,3147943.0,Europe,728.3978549848944
Albania,ALB,2002,7590.49,Europe,ALB,99.0,9.93,3147943.0,Europe,764.3997985901309
Albania,ALB,2003,8025.2812,Europe,ALB,99.0,9.93,3147943.0,Europe,808.1854179254784
Albania,ALB,2004,8483.294,Europe,ALB,99.0,9.93,3147943.0,Europe,854.3095669687815
Albania,ALB,2005,8964.318,Europe,ALB,99.0,10.24,3076156.0,Europe,875.4216796874999
Albania,ALB,2006,9564.029,Europe,ALB,99.0,10.24,3076156.0,Europe,933.98720703125
Albania,ALB,2007,10262.967,Europe,ALB,99.0,10.24,3076156.0,Europe,1002.2428710937501
Albania,ALB,2008,11056.352,Europe,ALB,96.0,10.24,2992933.0,Europe,1079.721875
Albania,ALB,2009,11430.622,Europe,ALB,96.0,10.24,2992933.0,Europe,1116.2716796875
Albania,ALB,2010,11829.054,Europe,ALB,96.0,10.44,2928731.0,Europe,1133.0511494252873
Albania,ALB,2011,12153.114,Europe,ALB,97.0,10.44,2911499.0,Europe,1164.0913793103448
Albania,ALB,2012,12463.57,Europe,ALB,97.0,10.44,2910003.0,Europe,1193.8285440613026
Albania,ALB,2013,12873.483,Europe,ALB,97.0,10.44,2910003.0,Europe,1233.0922413793105
Albania,ALB,2014,13366.56,Europe,ALB,97.0,10.44,2910003.0,Europe,1280.3218390804598
Albania,ALB,2015,13876.819,Europe,ALB,97.0,9.99,2898634.0,Europe,1389.0709709709708
Albania,ALB,2016,14643.489,Europe,ALB,97.0,9.99,2898634.0,Europe,1465.8147147147147
Albania,ALB,2017,15359.461,Europe,ALB,98.81623,9.99,2898245.0,Europe,1537.4835835835836
Albania,ALB,2018,16170.99,Europe,ALB,98.81623,9.99,2898245.0,Europe,1618.7177177177177
Albania,ALB,2019,16761.193,Europe,ALB,98.81623,9.99,2898245.0,Europe,1677.797097097097
Albania,ALB,2020,16457.787,Europe,ALB,98.81623,10.32,2871950.0,Europe,1594.7468023255815
Albania,ALB,2021,18212.871,Europe,ALB,98.81623,10.32,2871950.0,Europe,1764.8130813953487
Albania,ALB,2022,19388.873,Europe,ALB,98.81623,10.32,2871950.0,Europe,1878.7667635658913
Albania,ALB,2023,20481.035,Europe,ALB,98.81623,10.32,2871950.0,Europe,1984.596414728682
Algeria,DZA,1990,11728.546,Africa,DZA,50.0,5.05,25375815.0,Africa,2322.484356435644
Algeria,DZA,1991,11314.864,Africa,DZA,50.0,5.05,25375815.0,Africa,2240.567128712871
Algeria,DZA,1992,11241.415,Africa,DZA,50.0,5.05,25375815.0,Africa,2226.022772277228
Algeria,DZA,1993,10743.706,Africa,DZA,50.0,5.05,25375815.0,Africa,2127.4665346534653
Algeria,DZA,1994,10414.035,Africa,DZA,50.0,5.05,25375815.0,Africa,2062.1851485148513
Algeria,DZA,1995,10588.443,Africa,DZA,50.0,5.76,28470194.0,Africa,1838.2713541666667
Algeria,DZA,1996,10808.879,Africa,DZA,50.0,5.76,28470194.0,Africa,1876.5414930555557
Algeria,DZA,1997,10725.968,Africa,DZA,50.0,5.76,28470194.0,Africa,1862.1472222222224
Algeria,DZA,1998,11094.888,Africa,DZA,50.0,5.76,28470194.0,Africa,1926.1958333333334
Algeria,DZA,1999,11292.037,Africa,DZA,50.0,5.76,28470194.0,Africa,1960.4230902777779
Algeria,DZA,2000,11558.221,Africa,DZA,50.0,6.06,30903894.0,Africa,1907.297194719472
Algeria,DZA,2001,11742.595,Africa,DZA,50.0,6.06,30903894.0,Africa,1937.7219471947194
Algeria,DZA,2002,12213.126,Africa,DZA,70.0,6.06,31750832.0,Africa,2015.3673267326735
Algeria,DZA,2003,12835.182,Africa,DZA,70.0,6.06,31750832.0,Africa,2118.0168316831687
Algeria,DZA,2004,13226.765,Africa,DZA,70.0,6.06,31750832.0,Africa,2182.634488448845
Algeria,DZA,2005,13738.496,Africa,DZA,70.0,6.43,33109258.0,Africa,2136.624572317263
Algeria,DZA,2006,13920.694,Africa,DZA,73.0,6.43,33623505.0,Africa,2164.9601866251946
Algeria,DZA,2007,14114.675,Africa,DZA,73.0,6.43,33623505.0,Africa,2195.128304821151
Algeria,DZA,2008,14206.776,Africa,DZA,75.0,6.43,34816963.0,Africa,2209.451944012442
Algeria,DZA,2009,14104.428,Africa,DZA,75.0,6.43,34816963.0,Africa,2193.5346811819595
Algeria,DZA,2010,14496.421,Africa,DZA,75.0,7.0,36188237.0,Africa,2070.9172857142858
Algeria,DZA,2011,14641.964,Africa,DZA,75.0,7.0,36188237.0,Africa,2091.709142857143
Algeria,DZA,2012,14697.54,Africa,DZA,75.0,7.0,36188237.0,Africa,2099.6485714285714
Algeria,DZA,2013,14778.191,Africa,DZA,75.0,7.0,36188237.0,Africa,2111.1701428571428
Algeria,DZA,2014,15073.763,Africa,DZA,75.0,7.0,36188237.0,Africa,2153.3947142857146
Algeria,DZA,2015,15239.518,Africa,DZA,75.0,7.55,40019528.0,Africa,2018.4792052980133
Algeria,DZA,2016,15511.686,Africa,DZA,75.0,7.55,40019528.0,Africa,2054.5279470198675
Algeria,DZA,2017,15427.664,Africa,DZA,75.0,7.55,40019528.0,Africa,2043.3992052980134
Algeria,DZA,2018,15343.426,Africa,DZA,75.0,7.55,40019528.0,Africa,2032.2418543046358
Algeria,DZA,2019,15199.199,Africa,DZA,75.0,7.55,40019528.0,Africa,2013.138940397351
Algeria,DZA,2020,14194.155,Africa,DZA,75.0,8.18,44042094.0,Africa,1735.2267726161372
Algeria,DZA,2021,14496.865,Africa,DZA,75.0,8.18,44042094.0,Africa,1772.2328850855747
Algeria,DZA,2022,14782.2,Africa,DZA,75.0,8.18,44042094.0,Africa,1807.114914425428
Algeria,DZA,2023,15159.324,Africa,DZA,75.0,8.18,44042094.0,Africa,1853.2180929095355
Andorra,AND,1990,50036.3,Europe,AND,82.5,8.18,6018.0,Europe,6116.907090464549
Andorra,AND,1991,47624.97,Europe,AND,82.5,8.18,6018.0,Europe,5822.123471882641
Andorra,AND,1992,45246.53,Europe,AND,82.5,8.18,6018.0,Europe,5531.360635696821
Andorra,AND,1993,42605.66,Europe,AND,82.5,8.18,6018.0,Europe,5208.515892420539
Andorra,AND,1994,42716.367,Europe,AND,82.5,8.18,6018.0,Europe,5222.0497555012225
Andorra,AND,1995,44375.023,Europe,AND,82.5,8.18,6018.0,Europe,5424.819437652812
Andorra,AND,1996,46386.09,Europe,AND,82.5,8.18,6018.0,Europe,5670.671149144254
Andorra,AND,1997,50032.35,Europe,AND,82.5,8.18,6018.0,Europe,6116.424205378973
Andorra,AND,1998,51092.223,Europe,AND,82.5,8.18,6018.0,Europe,6245.993031784841
Andorra,AND,1999,52921.047,Europe,AND,82.5,8.18,6018.0,Europe,6469.5656479217605
Andorra,AND,2000,54809.145,Europe,AND,82.5,8.18,6018.0,Europe,6700.384474327629
Andorra,AND,2001,59109.016,Europe,AND,82.5,8.18,6018.0,Europe,7226.041075794622
Andorra,AND,2002,61188.637,Europe,AND,82.5,8.18,6018.0,Europe,7480.273471882641
Andorra,AND,2003,63656.195,Europe,AND,82.5,8.18,6018.0,Europe,7781.930929095355
Andorra,AND,2004,64353.484,Europe,AND,82.5,8.18,6018.0,Europe,7867.174083129584
Andorra,AND,2005,65114.805,Europe,AND,82.5,8.18,6018.0,Europe,7960.24511002445
Andorra,AND,2006,66390.3,Europe,AND,82.5,8.18,6018.0,Europe,8116.17359413203
Andorra,AND,2007,65534.117,Europe,AND,82.5,8.18,6018.0,Europe,8011.5057457212715
Andorra,AND,2008,60691.605,Europe,AND,82.5,8.18,6018.0,Europe,7419.511613691932
Andorra,AND,2009,57203.973,Europe,AND,82.5,8.18,6018.0,Europe,6993.150733496333
Andorra,AND,2010,58285.06,Europe,AND,82.5,8.18,6018.0,Europe,7125.312958435208
Andorra,AND,2011,60470.465,Europe,AND,82.5,8.18,6018.0,Europe,7392.477383863081
Andorra,AND,2012,58172.133,Europe,AND,82.5,8.18,6018.0,Europe,7111.507701711492
Andorra,AND,2013,57332.16,Europe,AND,82.5,8.18,6018.0,Europe,7008.821515892421
Andorra,AND,2014,59929.246,Europe,AND,82.5,8.18,6018.0,Europe,7326.31369193154
Andorra,AND,2015,62105.152,Europe,AND,82.5,8.18,6018.0,Europe,7592.316870415649
Andorra,AND,2016,64402.81,Europe,AND,82.5,8.18,6018.0,Europe,7873.204156479218
Andorra,AND,2017,63239.656,Europe,AND,82.5,8.18,6018.0,Europe,7731.009290953546
Andorra,AND,2018,63048.598,Europe,AND,82.5,8.18,6018.0,Europe,7707.652567237164
Andorra,AND,2019,63215.9,Europe,AND,82.5,8.18,6018.0,Europe,7728.105134474328
Andorra,AND,2020,55488.492,Europe,AND,82.5,8.18,6018.0,Europe,6783.434229828851
Andorra,AND,2021,59332.203,Europe,AND,82.5,8.18,6018.0,Europe,7253.32555012225
Andorra,AND,2022,63913.383,Europe,AND,82.5,8.18,6018.0,Europe,7813.372004889976
Andorra,AND,2023,64631.297,Europe,AND,82.5,8.18,6018.0,Europe,7901.136552567237
Angola,AGO,1990,8368.723,Africa,AGO,3.0,8.18,4551869.0,Africa,1023.0712713936431
Angola,AGO,1991,8172.5054,Africa,AGO,3.0,8.18,4551869.0,Africa,999.0837897310514
Angola,AGO,1992,7447.494,Africa,AGO,3.0,8.18,4551869.0,Africa,910.4515892420537
Angola,AGO,1993,5483.2773,Africa,AGO,3.0,8.18,4551869.0,Africa,670.3272982885086
Angola,AGO,1994,5379.475,Africa,AGO,3.0,8.18,4551869.0,Africa,657.6375305623473
Angola,AGO,1995,5983.184,Africa,AGO,3.0,8.18,4551869.0,Africa,731.4405867970661
Angola,AGO,1996,6567.6777,Africa,AGO,3.0,8.18,4551869.0,Africa,802.8945843520783
Angola,AGO,1997,6810.2163,Africa,AGO,3.0,8.18,4551869.0,Africa,832.5447799511003
Angola,AGO,1998,6895.026,Africa,AGO,3.0,8.18,4551869.0,Africa,842.9127139364304
Angola,AGO,1999,6817.057,Africa,AGO,3.0,8.18,4551869.0,Africa,833.3810513447432
Angola,AGO,2000,6796.4062,Africa,AGO,3.0,8.18,4551869.0,Africa,830.8565036674818
Angola,AGO,2001,6848.683,Africa,AGO,67.0,8.18,16747204.0,Africa,837.2473105134475
Angola,AGO,2002,7523.813,Africa,AGO,67.0,8.18,16747204.0,Africa,919.7815403422983
Angola,AGO,2003,7518.8896,Africa,AGO,67.0,8.18,16747204.0,Africa,919.1796577017116
Angola,AGO,2004,8081.757,Africa,AGO,67.0,8.18,16747204.0,Africa,987.9898533007334
Angola,AGO,2005,8895.377,Africa,AGO,67.0,8.18,16747204.0,Africa,1087.4544009779952
Angola,AGO,2006,9588.822,Africa,AGO,67.0,8.18,16747204.0,Africa,1172.2276283618583
Angola,AGO,2007,10437.59,Africa,AGO,67.0,8.18,16747204.0,Africa,1275.9889975550122
Angola,AGO,2008,11134.705,Africa,AGO,67.0,8.18,16747204.0,Africa,1361.210880195599
Angola,AGO,2009,10933.271,Africa,AGO,67.0,8.18,16747204.0,Africa,1336.585696821516
Angola,AGO,2010,11077.13,Africa,AGO,67.0,8.18,16747204.0,Africa,1354.1723716381418
Angola,AGO,2011,11037.639,Africa,AGO,67.0,8.18,16747204.0,Africa,1349.3446210268949
Angola,AGO,2012,11519.993,Africa,AGO,67.0,8.18,16747204.0,Africa,1408.3121026894867
Angola,AGO,2013,11626.1875,Africa,AGO,67.0,8.18,16747204.0,Africa,1421.294315403423
Angola,AGO,2014,11721.664,Africa,AGO,66.0,8.18,27160767.0,Africa,1432.9662591687043
Angola,AGO,2015,11392.906,Africa,AGO,66.23586,8.18,28157802.0,Africa,1392.775794621027
Angola,AGO,2016,10805.712,Africa,AGO,66.23586,8.18,28157802.0,Africa,1320.9916870415648
Angola,AGO,2017,10414.236,Africa,AGO,66.23586,8.18,28157802.0,Africa,1273.1339853300735
Angola,AGO,2018,10000.944,Africa,AGO,66.23586,8.18,28157802.0,Africa,1222.6092909535453
Angola,AGO,2019,9648.011,Africa,AGO,66.23586,8.18,28157802.0,Africa,1179.463447432763
Angola,AGO,2020,8960.338,Africa,AGO,66.23586,8.18,28157802.0,Africa,1095.3958435207824
Angola,AGO,2021,8862.281,Africa,AGO,66.23586,8.18,28157802.0,Africa,1083.4084352078241
Angola,AGO,2022,8950.143,Africa,AGO,66.23586,8.18,28157802.0,Africa,1094.149511002445
Angola,AGO,2023,8788.261,Africa,AGO,66.23586,8.18,28157802.0,Africa,1074.359535452323
Antigua And Barbuda,ATG,1990,21074.576,North America,ATG,82.5,8.18,45462.0,North America,2576.3540342298293
Antigua And Barbuda,ATG,1991,21424.291,North America,ATG,82.5,8.18,45462.0,North America,2619.106479217604
Antigua And Barbuda,ATG,1992,21330.273,North America,ATG,82.5,8.18,45462.0,North America,2607.612836185819
Antigua And Barbuda,ATG,1993,22051.438,North America,ATG,82.5,8.18,45462.0,North America,2695.7748166259166
Antigua And Barbuda,ATG,1994,23081.664,North America,ATG,82.5,8.18,45462.0,North America,2821.719315403423
Antigua And Barbuda,ATG,1995,21639.602,North America,ATG,82.5,8.18,45462.0,North America,2645.428117359413
Antigua And Barbuda,ATG,1996,22597.314,North America,ATG,82.5,8.18,45462.0,North America,2762.50782396088
Antigua And Barbuda,ATG,1997,23350.309,North America,ATG,82.5,8.18,45462.0,North America,2854.561002444988
Antigua And Barbuda,ATG,1998,23996.115,North America,ATG,82.5,8.18,45462.0,North America,2933.510391198044
Antigua And Barbuda,ATG,1999,24462.203,North America,ATG,82.5,8.18,45462.0,North America,2990.4893643031787
Antigua And Barbuda,ATG,2000,25547.611,North America,ATG,82.5,8.18,45462.0,North America,3123.1798288508558
Antigua And Barbuda,ATG,2001,24014.775,North America,ATG,99.0,8.18,76082.0,North America,2935.7915647921764
Antigua And Barbuda,ATG,2002,23958.164,North America,ATG,99.0,8.18,76082.0,North America,2928.870904645477
Antigua And Barbuda,ATG,2003,25136.002,North America,ATG,99.0,8.18,76082.0,North America,3072.8608801955993
Antigua And Barbuda,ATG,2004,26303.617,North America,ATG,99.0,8.18,76082.0,North America,3215.601100244499
Antigua And Barbuda,ATG,2005,27692.635,North America,ATG,99.0,8.18,76082.0,North America,3385.4077017114914
Antigua And Barbuda,ATG,2006,30827.342,North America,ATG,99.0,8.18,76082.0,North America,3768.6237163814185
Antigua And Barbuda,ATG,2007,33245.27,North America,ATG,99.0,8.18,76082.0,North America,4064.2139364303175
Antigua And Barbuda,ATG,2008,32756.307,North America,ATG,99.0,8.18,76082.0,North America,4004.438508557457
Antigua And Barbuda,ATG,2009,28405.69,North America,ATG,99.0,8.18,76082.0,North America,3472.578239608802
Antigua And Barbuda,ATG,2010,25826.61,North America,ATG,99.0,8.18,76082.0,North America,3157.28728606357
Antigua And Barbuda,ATG,2011,25023.918,North America,ATG,99.0,8.18,76082.0,North America,3059.1586797066016
Antigua And Barbuda,ATG,2012,25592.906,North America,ATG,99.0,8.18,76082.0,North America,3128.7171149144256
Antigua And Barbuda,ATG,2013,25206.846,North America,ATG,99.0,8.18,76082.0,North America,3081.5215158924207
Antigua And Barbuda,ATG,2014,25557.525,North America,ATG,99.0,8.18,76082.0,North America,3124.391809290954
Antigua And Barbuda,ATG,2015,25734.152,North America,ATG,99.0,8.18,76082.0,North America,3145.9843520782397
Antigua And Barbuda,ATG,2016,26627.715,North America,ATG,99.0,8.18,76082.0,North America,3255.221882640587
Antigua And Barbuda,ATG,2017,27199.195,North America,ATG,99.0,8.18,76082.0,North America,3325.0849633251833
Antigua And Barbuda,ATG,2018,28878.607,North America,ATG,99.0,8.18,76082.0,North America,3530.392053789731
Antigua And Barbuda,ATG,2019,29651.863,North America,ATG,99.0,8.18,76082.0,North America,3624.9221271393644
Antigua And Barbuda,ATG,2020,23930.672,North America,ATG,99.0,8.18,76082.0,North America,2925.5100244498776
Antigua And Barbuda,ATG,2021,25745.496,North America,ATG,99.0,8.18,76082.0,North America,3147.371149144254
Antigua And Barbuda,ATG,2022,27941.785,North America,ATG,99.0,8.18,76082.0,North America,3415.8661369193155
Antigua And Barbuda,ATG,2023,28474.045,North America,ATG,99.0,8.18,76082.0,North America,3480.934596577017
Argentina,ARG,1990,17007.285,South America,ARG,94.0,8.67,32755907.0,South America,1961.6245674740485
Argentina,ARG,1991,18295.61,South America,ARG,96.0,8.67,33230293.0,South America,2110.2202998846597
Argentina,ARG,1992,19476.283,South America,ARG,96.0,8.67,33230293.0,South America,2246.399423298731
Argentina,ARG,1993,20791.346,South America,ARG,96.0,8.67,33230293.0,South America,2398.0791234140715
Argentina,ARG,1994,21711.844,South America,ARG,96.0,8.67,33230293.0,South America,2504.249596309112
Argentina,ARG,1995,20819.5,South America,ARG,96.0,8.91,35070016.0,South America,2336.6442199775533
Argentina,ARG,1996,21695.596,South America,ARG,96.0,8.91,35070016.0,South America,2434.9714927048262
Argentina,ARG,1997,23172.158,South America,ARG,96.0,8.91,35070016.0,South America,2600.6911335578
Argentina,ARG,1998,23783.102,South America,ARG,96.0,8.91,35070016.0,South America,2669.2594837261504
Argentina,ARG,1999,22714.512,South America,ARG,96.0,8.91,35070016.0,South America,2549.327946127946
Argentina,ARG,2000,22281.38,South America,ARG,96.0,9.08,37213986.0,South America,2453.896475770925
Argentina,ARG,2001,21066.459,South America,ARG,97.0,9.08,37624817.0,South America,2320.094603524229
Argentina,ARG,2002,18571.701,South America,ARG,97.0,9.08,37624817.0,South America,2045.3415198237885
Argentina,ARG,2003,20005.139,South America,ARG,97.0,9.08,37624817.0,South America,2203.209140969163
Argentina,ARG,2004,21591.45,South America,ARG,97.0,9.08,37624817.0,South America,2377.9129955947137
Argentina,ARG,2005,23262.408,South America,ARG,97.0,9.57,39216786.0,South America,2430.763636363636
Argentina,ARG,2006,24877.25,South America,ARG,97.0,9.57,39216786.0,South America,2599.503657262278
Argentina,ARG,2007,26850.664,South America,ARG,97.0,9.57,39216786.0,South America,2805.712016718913
Argentina,ARG,2008,27658.484,South America,ARG,97.0,9.57,39216786.0,South America,2890.123719958203
Argentina,ARG,2009,25747.197,South America,ARG,97.0,9.57,39216786.0,South America,2690.407210031348
Argentina,ARG,2010,28056.258,South America,ARG,97.0,9.71,41288694.0,South America,2889.4189495365604
Argentina,ARG,2011,29425.76,South America,ARG,97.0,9.71,41288694.0,South America,3030.459320288362
Argentina,ARG,2012,28825.967,South America,ARG,97.0,9.71,41288694.0,South America,2968.6886714727084
Argentina,ARG,2013,29227.66,South America,ARG,97.0,9.71,41288694.0,South America,3010.0576725025744
Argentina,ARG,2014,28200.814,South America,ARG,97.0,9.71,41288694.0,South America,2904.306282183316
Argentina,ARG,2015,28669.207,South America,ARG,97.0,9.59,43477011.0,South America,2989.4897810218977
Argentina,ARG,2016,27802.105,South America,ARG,97.0,9.59,43477011.0,South America,2899.072471324296
Argentina,ARG,2017,28334.904,South America,ARG,97.0,9.59,43477011.0,South America,2954.6302398331595
Argentina,ARG,2018,27367.115,South America,ARG,97.0,9.59,43477011.0,South America,2853.7137643378524
Argentina,ARG,2019,26629.553,South America,ARG,97.0,9.59,43477011.0,South America,2776.8042752867573
Argentina,ARG,2020,23877.094,South America,ARG,97.0,9.86,45191960.0,South America,2421.6119675456393
Argentina,ARG,2021,26300.273,South America,ARG,97.0,9.86,45191960.0,South America,2667.370486815416
Argentina,ARG,2022,27825.027,South America,ARG,97.0,9.86,45191960.0,South America,2822.0108519269775
Argentina,ARG,2023,27230.396,South America,ARG,97.0,9.86,45191960.0,South America,2761.7034482758622
Armenia,ARM,1990,6137.6006,Asia,ARM,99.0,9.86,3443095.0,Asia,622.474705882353
Armenia,ARM,1991,5326.753,Asia,ARM,99.0,9.86,3443095.0,Asia,540.2386409736308
Armenia,ARM,1992,3136.7244,Asia,ARM,99.0,9.86,3443095.0,Asia,318.12620689655176
Armenia,ARM,1993,2958.8804,Asia,ARM,99.0,9.86,3443095.0,Asia,300.08929006085197
Armenia,ARM,1994,3200.8965,Asia,ARM,99.0,9.86,3443095.0,Asia,324.6345334685598
Armenia,ARM,1995,3480.7559,Asia,ARM,99.0,9.86,3443095.0,Asia,353.0178397565923
Armenia,ARM,1996,3717.3357,Asia,ARM,99.0,9.86,3443095.0,Asia,377.01173427991887
Armenia,ARM,1997,3879.1794,Asia,ARM,99.0,9.86,3443095.0,Asia,393.4259026369169
Armenia,ARM,1998,4211.5127,Asia,ARM,99.0,9.86,3443095.0,Asia,427.1311054766735
Armenia,ARM,1999,4406.9673,Asia,ARM,99.0,9.86,3443095.0,Asia,446.9540872210954
Armenia,ARM,2000,4589.0083,Asia,ARM,99.0,9.86,3443095.0,Asia,465.4166632860041
Armenia,ARM,2001,5044.1167,Asia,ARM,99.0,9.86,3084350.0,Asia,511.5737018255578
Armenia,ARM,2002,5731.3535,Asia,ARM,99.0,9.86,3084350.0,Asia,581.2731744421907
Armenia,ARM,2003,6569.2603,Asia,ARM,99.0,9.86,3084350.0,Asia,666.2535801217039
Armenia,ARM,2004,7299.4,Asia,ARM,99.0,9.86,3084350.0,Asia,740.3042596348885
Armenia,ARM,2005,8362.9,Asia,ARM,99.0,9.86,3084350.0,Asia,848.1643002028397
Armenia,ARM,2006,9525.231,Asia,ARM,99.0,9.86,3084350.0,Asia,966.0477687626775
Armenia,ARM,2007,10898.849,Asia,ARM,99.0,9.86,3084350.0,Asia,1105.3599391480732
Armenia,ARM,2008,11727.482,Asia,ARM,99.0,9.86,3084350.0,Asia,1189.3997971602435
Armenia,ARM,2009,10143.235,Asia,ARM,99.0,9.86,3084350.0,Asia,1028.725659229209
Armenia,ARM,2010,10438.564,Asia,ARM,99.0,9.86,3084350.0,Asia,1058.6778904665316
Armenia,ARM,2011,10990.177,Asia,ARM,100.0,9.86,2923269.0,Asia,1114.6224137931035
Armenia,ARM,2012,11796.274,Asia,ARM,100.0,9.86,2923269.0,Asia,1196.3766734279918
Armenia,ARM,2013,12194.019,Asia,ARM,100.0,9.86,2923269.0,Asia,1236.7159229208926
Armenia,ARM,2014,12667.376,Asia,ARM,100.0,9.86,2923269.0,Asia,1284.7237322515214
Armenia,ARM,2015,13112.76,Asia,ARM,100.0,10.45,2921179.0,Asia,1254.8095693779906
Armenia,ARM,2016,13192.994,Asia,ARM,100.0,10.45,2918796.0,Asia,1262.4874641148326
Armenia,ARM,2017,14243.875,Asia,ARM,100.0,10.45,2914966.0,Asia,1363.05023923445
Armenia,ARM,2018,15037.045,Asia,ARM,100.0,10.45,2914966.0,Asia,1438.9516746411484
Armenia,ARM,2019,16215.36,Asia,ARM,100.0,10.45,2914966.0,Asia,1551.7090909090912
Armenia,ARM,2020,15052.936,Asia,ARM,100.0,10.54,2890893.0,Asia,1428.1722960151803
Armenia,ARM,2021,15921.705,Asia,ARM,100.0,10.54,2890893.0,Asia,1510.5981973434536
Armenia,ARM,2022,17886.178,Asia,ARM,99.825,10.54,2880880.0,Asia,1696.980834914611
Armenia,ARM,2023,19402.752,Asia,ARM,99.825,10.54,2880880.0,Asia,1840.868311195446
Aruba,ABW,1990,33063.0,North America,ARM,99.825,10.54,2880880.0,Asia,3136.9070208728654
Aruba,ABW,1991,33993.207,North America,ARM,99.825,10.54,2880880.0,Asia,3225.1619544592036
Aruba,ABW,1992,34371.164,North America,ARM,99.825,10.54,2880880.0,Asia,3261.0212523719165
Aruba,ABW,1993,34540.336,North America,ARM,99.825,10.54,2880880.0,Asia,3277.0717267552186
Aruba,ABW,1994,35490.723,North America,ARM,99.825,10.54,2880880.0,Asia,3367.2412713472486
Aruba,ABW,1995,35386.86,North America,ARM,99.825,10.54,2880880.0,Asia,3357.3870967741937
Aruba,ABW,1996,34419.43,North America,ARM,99.825,10.54,2880880.0,Asia,3265.6005692599624
Aruba,ABW,1997,35444.58,North America,ARM,99.825,10.54,2880880.0,Asia,3362.8633776091087
Aruba,ABW,1998,35271.906,North America,ARM,99.825,10.54,2880880.0,Asia,3346.480645161291
Aruba,ABW,1999,35227.477,North America,ARM,99.825,10.54,2880880.0,Asia,3342.2653700189753
Aruba,ABW,2000,37524.035,North America,ABW,97.0,10.54,88772.0,North America,3560.155123339659
Aruba,ABW,2001,38729.457,North America,ABW,97.0,10.54,88772.0,North America,3674.521537001898
Aruba,ABW,2002,38098.906,North America,ABW,97.0,10.54,88772.0,North America,3614.69696394687
Aruba,ABW,2003,38086.01,North America,ABW,97.0,10.54,88772.0,North America,3613.473434535105
Aruba,ABW,2004,40000.562,North America,ABW,97.0,10.54,88772.0,North America,3795.1197343453514
Aruba,ABW,2005,38828.215,North America,ABW,97.0,10.54,88772.0,North America,3683.891366223909
Aruba,ABW,2006,38566.8,North America,ABW,97.0,10.54,88772.0,North America,3659.0891840607214
Aruba,ABW,2007,39462.586,North America,ABW,97.0,10.54,88772.0,North America,3744.0783681214425
Aruba,ABW,2008,39881.59,North America,ABW,97.0,10.54,88772.0,North America,3783.8320683111956
Aruba,ABW,2009,34986.15,North America,ABW,97.0,10.54,88772.0,North America,3319.369070208729
Aruba,ABW,2010,33951.625,North America,ABW,97.0,10.54,100127.0,North America,3221.216793168881
Aruba,ABW,2011,34837.94,North America,ABW,97.0,10.54,100127.0,North America,3305.3074003795073
Aruba,ABW,2012,33972.34,North America,ABW,97.0,10.54,100127.0,North America,3223.1821631878556
Aruba,ABW,2013,35621.785,North America,ABW,97.0,10.54,100127.0,North America,3379.675996204934
Aruba,ABW,2014,35746.863,North America,ABW,97.0,10.54,100127.0,North America,3391.542979127135
Aruba,ABW,2015,36660.633,North America,ABW,97.0,10.54,100127.0,North America,3478.238425047439
Aruba,ABW,2016,36832.902,North America,ABW,97.0,10.54,100127.0,North America,3494.582732447818
Aruba,ABW,2017,38116.832,North America,ABW,97.0,10.54,100127.0,North America,3616.3977229601524
Aruba,ABW,2018,39278.83,North America,ABW,97.0,10.54,100127.0,North America,3726.6442125237195
Aruba,ABW,2019,39652.633,North America,ABW,97.0,10.54,100127.0,North America,3762.1093927893744
Aruba,ABW,2020,30347.637,North America,ABW,97.0,10.54,100127.0,North America,2879.282447817837
Aruba,ABW,2021,35104.785,North America,ABW,97.0,10.54,100127.0,North America,3330.6247628083497
Aruba,ABW,2022,38979.836,North America,ABW,97.0,10.54,100127.0,North America,3698.2766603415566
Aruba,ABW,2023,41964.77,North America,ABW,97.0,10.54,100127.0,North America,3981.477229601518
Asia,ABW,1990,44558.93,North America,OWID_ASI,97.0,5.3408546,3209094423.0,North America,8343.033715989946
Asia,ABW,1995,44558.93,North America,OWID_ASI,97.0,5.9571357,3486817949.0,North America,7479.925293627271
Asia,ABW,2000,44558.93,North America,OWID_ASI,97.0,6.6289124,3746832777.0,North America,6721.906598132146
Asia,ABW,2005,44558.93,North America,OWID_ASI,97.0,7.1300015,3992890580.0,North America,6249.497983976582
Asia,ABW,2010,44558.93,North America,OWID_ASI,97.0,7.6118946,4238694946.0,North America,5853.855359479097
Asia,ABW,2015,44558.93,North America,OWID_ASI,97.0,8.116568,4482088489.0,North America,5489.873306057438
Asia,ABW,2020,44558.93,North America,OWID_ASI,97.0,8.571011,4686811214.0,North America,5198.795101301352
Australia,AUS,1990,36267.742,Oceania,AUS,98.5,11.44,17126304.0,Oceania,3170.257167832168
Australia,AUS,1991,35670.668,Oceania,AUS,98.5,11.44,17126304.0,Oceania,3118.0653846153846
Australia,AUS,1992,35426.285,Oceania,AUS,98.5,11.44,17126304.0,Oceania,3096.703234265735
Australia,AUS,1993,36533.15,Oceania,AUS,98.5,11.44,17126304.0,Oceania,3193.457167832168
Australia,AUS,1994,37622.652,Oceania,AUS,98.5,11.44,17126304.0,Oceania,3288.6933566433568
Australia,AUS,1995,38653.336,Oceania,AUS,98.5,11.51,18095340.0,Oceania,3358.239443961773
Australia,AUS,1996,39663.16,Oceania,AUS,98.5,11.51,18095340.0,Oceania,3445.9739357080803
Australia,AUS,1997,40773.566,Oceania,AUS,98.5,11.51,18095340.0,Oceania,3542.447089487402
Australia,AUS,1998,42257.17,Oceania,AUS,98.5,11.51,18095340.0,Oceania,3671.344048653345
Australia,AUS,1999,43899.074,Oceania,AUS,98.5,11.51,18095340.0,Oceania,3813.9942658557775
Australia,AUS,2000,45099.074,Oceania,AUS,98.5,11.37,19132472.0,Oceania,3966.497273526825
Australia,AUS,2001,45428.2,Oceania,AUS,98.5,11.37,19132472.0,Oceania,3995.444151275286
Australia,AUS,2002,46688.395,Oceania,AUS,98.5,11.37,19132472.0,Oceania,4106.27924362357
Australia,AUS,2003,47581.23,Oceania,AUS,98.5,11.37,19132472.0,Oceania,4184.80474934037
Australia,AUS,2004,49061.277,Oceania,AUS,98.5,11.37,19132472.0,Oceania,4314.975989445911
Australia,AUS,2005,49997.066,Oceania,AUS,98.5,11.71,20294490.0,Oceania,4269.604269854824
Australia,AUS,2006,50693.727,Oceania,AUS,98.5,11.71,20294490.0,Oceania,4329.097096498718
Australia,AUS,2007,51663.242,Oceania,AUS,98.5,11.71,20294490.0,Oceania,4411.890862510674
Australia,AUS,2008,52473.383,Oceania,AUS,98.5,11.71,20294490.0,Oceania,4481.074551665243
Australia,AUS,2009,52407.91,Oceania,AUS,98.5,11.71,20294490.0,Oceania,4475.483347566183
Australia,AUS,2010,52739.27,Oceania,AUS,98.5,11.69,22141583.0,Oceania,4511.4858853721125
Australia,AUS,2011,53257.047,Oceania,AUS,98.5,11.69,22141583.0,Oceania,4555.7781864841745
Australia,AUS,2012,54403.883,Oceania,AUS,98.5,11.69,22141583.0,Oceania,4653.8822070145425
Australia,AUS,2013,54895.004,Oceania,AUS,98.5,11.69,22141583.0,Oceania,4695.894268605646
Australia,AUS,2014,55489.07,Oceania,AUS,98.5,11.69,22141583.0,Oceania,4746.7125748502995
Australia,AUS,2015,55879.996,Oceania,AUS,98.5,12.92,23947997.0,Oceania,4325.077089783282
Australia,AUS,2016,56529.953,Oceania,AUS,98.5,12.92,23947997.0,Oceania,4375.383359133127
Australia,AUS,2017,56881.855,Oceania,AUS,98.5,12.92,23947997.0,Oceania,4402.620356037152
Australia,AUS,2018,57647.844,Oceania,AUS,98.5,12.92,23947997.0,Oceania,4461.907430340557
Australia,AUS,2019,58048.617,Oceania,AUS,98.5,12.92,23947997.0,Oceania,4492.927012383901
Australia,AUS,2020,57260.465,Oceania,AUS,98.5,12.93,25743787.0,Oceania,4428.49690641918
Australia,AUS,2021,58327.414,Oceania,AUS,98.5,12.93,25743787.0,Oceania,4511.014230471771
Australia,AUS,2022,60029.133,Oceania,AUS,98.5,12.93,25743787.0,Oceania,4642.624361948956
Australia,AUS,2023,60684.96,Oceania,AUS,98.5,12.93,25743787.0,Oceania,4693.345707656613
Austria,AUT,1990,43258.176,Europe,AUT,98.5,8.26,7679627.0,Europe,5237.067312348669
Austria,AUT,1991,44302.42,Europe,AUT,98.5,8.26,7679627.0,Europe,5363.489104116223
Austria,AUT,1992,44734.855,Europe,AUT,98.5,8.26,7679627.0,Europe,5415.842009685231
Austria,AUT,1993,44601.207,Europe,AUT,98.5,8.26,7679627.0,Europe,5399.66186440678
Austria,AUT,1994,45497.137,Europe,AUT,98.5,8.26,7679627.0,Europe,5508.127966101695
Austria,AUT,1995,46639.53,Europe,AUT,98.5,8.93,7950322.0,Europe,5222.791713325868
Austria,AUT,1996,47608.633,Europe,AUT,98.5,8.93,7950322.0,Europe,5331.313885778276
Austria,AUT,1997,48575.16,Europe,AUT,98.5,8.93,7950322.0,Europe,5439.547592385219
Austria,AUT,1998,50216.7,Europe,AUT,98.5,8.93,7950322.0,Europe,5623.370660694289
Austria,AUT,1999,52004.53,Europe,AUT,98.5,8.93,7950322.0,Europe,5823.575587905935
Austria,AUT,2000,53534.344,Europe,AUT,98.5,9.43,8012929.0,Europe,5677.024814422057
Austria,AUT,2001,54032.152,Europe,AUT,98.5,9.43,8012929.0,Europe,5729.814634146342
Austria,AUT,2002,54565.08,Europe,AUT,98.5,9.43,8012929.0,Europe,5786.328738069989
Austria,AUT,2003,54919.79,Europe,AUT,98.5,9.43,8012929.0,Europe,5823.943796394486
Austria,AUT,2004,55980.23,Europe,AUT,98.5,9.43,8012929.0,Europe,5936.397667020149
Austria,AUT,2005,56890.28,Europe,AUT,98.5,9.89,8229204.0,Europe,5752.303336703741
Austria,AUT,2006,58460.24,Europe,AUT,98.5,9.89,8229204.0,Europe,5911.045500505561
Austria,AUT,2007,60470.91,Europe,AUT,98.5,9.89,8229204.0,Europe,6114.3488372093025
Austria,AUT,2008,61157.99,Europe,AUT,98.5,9.89,8229204.0,Europe,6183.821031344793
Austria,AUT,2009,58810.44,Europe,AUT,98.5,9.89,8229204.0,Europe,5946.455005055612
Austria,AUT,2010,59730.55,Europe,AUT,98.5,10.13,8365087.0,Europe,5896.401776900296
Austria,AUT,2011,61272.258,Europe,AUT,98.5,10.13,8365087.0,Europe,6048.594076999013
Austria,AUT,2012,61376.723,Europe,AUT,98.5,10.13,8365087.0,Europe,6058.906515301085
Austria,AUT,2013,60863.055,Europe,AUT,98.5,10.13,8365087.0,Europe,6008.198914116485
Austria,AUT,2014,60845.66,Europe,AUT,98.5,10.13,8365087.0,Europe,6006.481737413623
Austria,AUT,2015,60951.688,Europe,AUT,98.5,10.27,8644037.0,Europe,5934.925803310613
Austria,AUT,2016,61572.71,Europe,AUT,98.5,10.27,8644037.0,Europe,5995.3953261927945
Austria,AUT,2017,62535.9,Europe,AUT,98.5,10.27,8644037.0,Europe,6089.182083739046
Austria,AUT,2018,63778.027,Europe,AUT,98.5,10.27,8644037.0,Europe,6210.129211295034
Austria,AUT,2019,64609.375,Europe,AUT,98.5,10.27,8644037.0,Europe,6291.078383641675
Austria,AUT,2020,60276.414,Europe,AUT,98.5,10.39,8921402.0,Europe,5801.387295476419
Austria,AUT,2021,62968.94,Europe,AUT,98.5,10.39,8921402.0,Europe,6060.533205004812
Austria,AUT,2022,65694.555,Europe,AUT,98.5,10.39,8921402.0,Europe,6322.863811357073
Austria,AUT,2023,64536.297,Europe,AUT,98.5,10.39,8921402.0,Europe,6211.385659287776
Azerbaijan,AZE,1990,10776.067,Asia,AUT,98.5,10.39,8921402.0,Europe,1037.1575553416747
Azerbaijan,AZE,1991,10559.212,Asia,AUT,98.5,10.39,8921402.0,Europe,1016.2860442733396
Azerbaijan,AZE,1992,8050.2163,Asia,AUT,98.5,10.39,8921402.0,Europe,774.8042637151107
Azerbaijan,AZE,1993,6097.4863,Asia,AUT,98.5,10.39,8921402.0,Europe,586.8610490856593
Azerbaijan,AZE,1994,4830.699,Asia,AUT,98.5,10.39,8921402.0,Europe,464.93734359961496
Azerbaijan,AZE,1995,4211.721,Asia,AUT,98.5,10.39,8921402.0,Europe,405.3629451395572
Azerbaijan,AZE,1996,4223.523,Asia,AUT,98.5,10.39,8921402.0,Europe,406.4988450433109
Azerbaijan,AZE,1997,4425.5884,Asia,AUT,98.5,10.39,8921402.0,Europe,425.9469104908565
Azerbaijan,AZE,1998,4822.16,Asia,AUT,98.5,10.39,8921402.0,Europe,464.1154956689124
Azerbaijan,AZE,1999,5133.748,Asia,AZE,99.0,10.39,8100472.0,Asia,494.1047160731472
Azerbaijan,AZE,2000,5656.9297,Asia,AZE,99.0,10.39,8100472.0,Asia,544.4590664100095
Azerbaijan,AZE,2001,6168.9854,Asia,AZE,99.0,10.39,8100472.0,Asia,593.7425794032723
Azerbaijan,AZE,2002,6701.0815,Asia,AZE,99.0,10.39,8100472.0,Asia,644.9549085659288
Azerbaijan,AZE,2003,7329.4062,Asia,AZE,99.0,10.39,8100472.0,Asia,705.4288931665062
Azerbaijan,AZE,2004,7937.8594,Asia,AZE,99.0,10.39,8100472.0,Asia,763.9903176130895
Azerbaijan,AZE,2005,10054.101,Asia,AZE,99.0,10.39,8100472.0,Asia,967.6709335899903
Azerbaijan,AZE,2006,13371.658,Asia,AZE,99.0,10.39,8100472.0,Asia,1286.973820981713
Azerbaijan,AZE,2007,16587.365,Asia,AZE,100.0,10.39,8828313.0,Asia,1596.4740134744948
Azerbaijan,AZE,2008,17963.021,Asia,AZE,100.0,10.39,8828313.0,Asia,1728.8759384023099
Azerbaijan,AZE,2009,19242.39,Asia,AZE,100.0,10.39,9046336.0,Asia,1852.0105871029834
Azerbaijan,AZE,2010,19925.39,Asia,AZE,100.0,10.39,9146852.0,Asia,1917.7468719923002
Azerbaijan,AZE,2011,19358.078,Asia,AZE,100.0,10.39,9256156.0,Asia,1863.1451395572667
Azerbaijan,AZE,2012,19523.373,Asia,AZE,100.0,10.39,9376179.0,Asia,1879.054186717998
Azerbaijan,AZE,2013,20398.646,Asia,AZE,100.0,10.39,9504417.0,Asia,1963.2960538979787
Azerbaijan,AZE,2014,20709.201,Asia,AZE,100.0,10.39,9631136.0,Asia,1993.1858517805583
Azerbaijan,AZE,2015,20678.754,Asia,AZE,100.0,10.39,9752859.0,Asia,1990.2554379210778
Azerbaijan,AZE,2016,19822.41,Asia,AZE,100.0,10.39,9868434.0,Asia,1907.8354186717997
Azerbaijan,AZE,2017,19659.004,Asia,AZE,100.0,10.39,9968510.0,Asia,1892.1081809432146
Azerbaijan,AZE,2018,19781.852,Asia,AZE,100.0,10.39,9968510.0,Asia,1903.9318575553414
Azerbaijan,AZE,2019,20101.492,Asia,AZE,100.0,10.39,10110483.0,Asia,1934.6960538979786
Azerbaijan,AZE,2020,19126.098,Asia,AZE,100.0,10.39,10110483.0,Asia,1840.8179018286814
Azerbaijan,AZE,2021,20111.375,Asia,AZE,100.0,10.39,10110483.0,Asia,1935.6472569778632
Azerbaijan,AZE,2022,21051.244,Asia,AZE,100.0,10.39,10110483.0,Asia,2026.1062560153991
Azerbaijan,AZE,2023,21310.738,Asia,AZE,100.0,10.39,10318209.0,Asia,2051.0816169393647
Bahamas,BHS,1990,33072.16,North America,BHS,77.5,10.39,83505.0,North America,3183.076034648701
Bahamas,BHS,1991,31148.904,North America,BHS,77.5,10.39,83505.0,North America,2997.9695861405194
Bahamas,BHS,1992,29412.88,North America,BHS,77.5,10.39,83505.0,North America,2830.8835418671797
Bahamas,BHS,1993,28955.352,North America,BHS,77.5,10.39,83505.0,North America,2786.84812319538
Bahamas,BHS,1994,29346.361,North America,BHS,77.5,10.39,83505.0,North America,2824.4813282001924
Bahamas,BHS,1995,30128.193,North America,BHS,77.5,10.39,83505.0,North America,2899.7298363811356
Bahamas,BHS,1996,30907.82,North America,BHS,77.5,10.39,83505.0,North America,2974.766121270452
Bahamas,BHS,1997,30839.025,North America,BHS,77.5,10.39,83505.0,North America,2968.1448508180943
Bahamas,BHS,1998,31836.527,North America,BHS,77.5,10.39,83505.0,North America,3064.150818094321
Bahamas,BHS,1999,33657.805,North America,BHS,77.5,10.39,83505.0,North America,3239.442252165544
Bahamas,BHS,2000,34597.164,North America,BHS,77.5,10.39,83505.0,North America,3329.8521655437917
Bahamas,BHS,2001,35072.367,North America,BHS,77.5,10.39,83505.0,North America,3375.588739172281
Bahamas,BHS,2002,35610.68,North America,BHS,77.5,10.39,83505.0,North America,3427.399422521655
Bahamas,BHS,2003,34740.76,North America,BHS,77.5,10.39,83505.0,North America,3343.6727622714147
Bahamas,BHS,2004,34617.805,North America,BHS,77.5,10.39,83505.0,North America,3331.8387872954763
Bahamas,BHS,2005,35365.465,North America,BHS,77.5,10.39,83505.0,North America,3403.7983638113565
Bahamas,BHS,2006,35789.133,North America,BHS,77.5,10.39,83505.0,North America,3444.5748796920116
Bahamas,BHS,2007,35797.117,North America,BHS,77.5,10.39,83505.0,North America,3445.343310875842
Bahamas,BHS,2008,34498.035,North America,BHS,77.5,10.39,83505.0,North America,3320.3113570741098
Bahamas,BHS,2009,32630.264,North America,BHS,77.5,10.39,83505.0,North America,3140.5451395572663
Bahamas,BHS,2010,32711.459,North America,BHS,77.5,10.39,83505.0,North America,3148.3598652550527
Bahamas,BHS,2011,32535.662,North America,BHS,77.5,10.39,83505.0,North America,3131.440038498556
Bahamas,BHS,2012,33667.555,North America,BHS,77.5,10.39,83505.0,North America,3240.380654475457
Bahamas,BHS,2013,32402.916,North America,BHS,77.5,10.39,83505.0,North America,3118.6637151106834
Bahamas,BHS,2014,32712.635,North America,BHS,77.5,10.39,83505.0,North America,3148.473051010587
Bahamas,BHS,2015,32777.586,North America,BHS,77.5,10.39,83505.0,North America,3154.7243503368627
Bahamas,BHS,2016,32172.336,North America,BHS,77.5,10.39,83505.0,North America,3096.4712223291626
Bahamas,BHS,2017,33050.035,North America,BHS,77.5,10.39,83505.0,North America,3180.946583253128
Bahamas,BHS,2018,33650.215,North America,BHS,77.5,10.39,83505.0,North America,3238.7117420596724
Bahamas,BHS,2019,33202.49,North America,BHS,77.5,10.39,83505.0,North America,3195.6198267564964
Bahamas,BHS,2020,26452.695,North America,BHS,77.5,10.39,83505.0,North America,2545.9764196342635
Bahamas,BHS,2021,31064.682,North America,BHS,77.5,10.39,83505.0,North America,2989.8635226179017
Bahamas,BHS,2022,34342.93,North America,BHS,77.5,10.39,83505.0,North America,3305.3830606352262
Bahamas,BHS,2023,35221.27,North America,BHS,77.5,10.39,83505.0,North America,3389.9201154956686
Bahrain,BHR,1990,41856.543,Asia,BHR,70.0,10.39,373534.0,Asia,4028.541193455245
Bahrain,BHR,1991,47644.023,Asia,BHR,84.0,10.39,531883.0,Asia,4585.565255052936
Bahrain,BHR,1992,49511.95,Asia,BHR,84.0,10.39,531883.0,Asia,4765.346487006736
Bahrain,BHR,1993,54433.137,Asia,BHR,84.0,10.39,531883.0,Asia,5238.992974013475
Bahrain,BHR,1994,52886.58,Asia,BHR,84.0,10.39,531883.0,Asia,5090.142444658325
Bahrain,BHR,1995,53537.684,Asia,BHR,84.0,10.39,531883.0,Asia,5152.80885466795
Bahrain,BHR,1996,54289.438,Asia,BHR,84.0,10.39,531883.0,Asia,5225.1624639076035
Bahrain,BHR,1997,54512.855,Asia,BHR,84.0,10.39,531883.0,Asia,5246.665543792108
Bahrain,BHR,1998,55638.695,Asia,BHR,84.0,10.39,531883.0,Asia,5355.023580365736
Bahrain,BHR,1999,56522.227,Asia,BHR,84.0,10.39,531883.0,Asia,5440.060346487006
Bahrain,BHR,2000,57968.996,Asia,BHR,84.0,10.39,531883.0,Asia,5579.306641000962
Bahrain,BHR,2001,57280.7,Asia,BHR,87.0,10.39,699964.0,Asia,5513.060635226178
Bahrain,BHR,2002,55096.656,Asia,BHR,87.0,10.39,699964.0,Asia,5302.854282964388
Bahrain,BHR,2003,54431.875,Asia,BHR,87.0,10.39,699964.0,Asia,5238.871511068334
Bahrain,BHR,2004,54045.094,Asia,BHR,87.0,10.39,699964.0,Asia,5201.645235803657
Bahrain,BHR,2005,53478.266,Asia,BHR,87.0,10.39,699964.0,Asia,5147.090086621752
Bahrain,BHR,2006,52691.934,Asia,BHR,87.0,10.39,699964.0,Asia,5071.408469682387
Bahrain,BHR,2007,52731.793,Asia,BHR,87.0,10.39,699964.0,Asia,5075.244754571703
Bahrain,BHR,2008,52765.39,Asia,BHR,87.0,10.39,699964.0,Asia,5078.478344562079
Bahrain,BHR,2009,50665.75,Asia,BHR,87.0,10.39,699964.0,Asia,4876.395572666025
Bahrain,BHR,2010,50704.848,Asia,BHR,87.0,10.39,699964.0,Asia,4880.158614051973
Bahrain,BHR,2011,53132.33,Asia,BHR,87.0,10.39,699964.0,Asia,5113.794995187681
Bahrain,BHR,2012,54516.84,Asia,BHR,87.0,10.39,699964.0,Asia,5247.049085659287
Bahrain,BHR,2013,55376.402,Asia,BHR,87.0,10.39,699964.0,Asia,5329.778825794033
Bahrain,BHR,2014,55065.82,Asia,BHR,87.0,10.39,699964.0,Asia,5299.886429258902
Bahrain,BHR,2015,54149.914,Asia,BHR,87.0,7.82,1369656.0,Asia,6924.5414322250635
Bahrain,BHR,2016,54107.074,Asia,BHR,87.0,7.82,1369656.0,Asia,6919.0631713554985
Bahrain,BHR,2017,53859.773,Asia,BHR,87.0,7.82,1369656.0,Asia,6887.439002557545
Bahrain,BHR,2018,54893.074,Asia,BHR,87.0,7.82,1369656.0,Asia,7019.574680306905
Bahrain,BHR,2019,56749.96,Asia,BHR,87.0,7.82,1369656.0,Asia,7257.028132992327
Bahrain,BHR,2020,53814.246,Asia,BHR,87.0,8.21,1483081.0,Asia,6554.719366626065
Bahrain,BHR,2021,54954.676,Asia,BHR,87.0,8.21,1483081.0,Asia,6693.626796589524
Bahrain,BHR,2022,57572.996,Asia,BHR,98.0,8.21,1533460.0,Asia,7012.545188794153
Bahrain,BHR,2023,57819.906,Asia,BHR,98.0,8.21,1569674.0,Asia,7042.619488428745
Bangladesh,BGD,1990,2069.7822,Asia,BGD,29.0,3.15,111633722.0,Asia,657.0737142857143
Bangladesh,BGD,1991,2101.3835,Asia,BGD,35.0,3.15,113787112.0,Asia,667.105873015873
Bangladesh,BGD,1992,2174.3823,Asia,BGD,35.0,3.15,113787112.0,Asia,690.2800952380953
Bangladesh,BGD,1993,2234.81,Asia,BGD,35.0,3.15,113787112.0,Asia,709.463492063492
Bangladesh,BGD,1994,2279.0942,Asia,BGD,35.0,3.15,113787112.0,Asia,723.5219682539682
Bangladesh,BGD,1995,2351.7039,Asia,BGD,35.0,3.72,122600372.0,Asia,632.1784677419355
Bangladesh,BGD,1996,2413.543,Asia,BGD,35.0,3.72,122600372.0,Asia,648.8018817204301
Bangladesh,BGD,1997,2475.5957,Asia,BGD,35.0,3.72,122600372.0,Asia,665.4827150537634
Bangladesh,BGD,1998,2555.0613,Asia,BGD,35.0,3.72,122600372.0,Asia,686.8444354838709
Bangladesh,BGD,1999,2624.0654,Asia,BGD,35.0,3.72,122600372.0,Asia,705.3939247311828
Bangladesh,BGD,2000,2712.935,Asia,BGD,35.0,4.77,134544303.0,Asia,568.7494758909853
Bangladesh,BGD,2001,2803.5547,Asia,BGD,47.0,4.77,136805810.0,Asia,587.747316561845
Bangladesh,BGD,2002,2866.4346,Asia,BGD,47.0,4.77,136805810.0,Asia,600.9296855345913
Bangladesh,BGD,2003,2958.915,Asia,BGD,47.0,4.77,136805810.0,Asia,620.3176100628931
Bangladesh,BGD,2004,3071.838,Asia,BGD,47.0,4.77,136805810.0,Asia,643.9911949685536
Bangladesh,BGD,2005,3231.6138,Asia,BGD,47.0,5.51,144715789.0,Asia,586.4997822141561
Bangladesh,BGD,2006,3407.4272,Asia,BGD,47.0,5.51,144715789.0,Asia,618.4078402903812
Bangladesh,BGD,2007,3608.9155,Asia,BGD,47.0,5.51,144715789.0,Asia,654.9755898366607
Bangladesh,BGD,2008,3787.9382,Asia,BGD,47.0,5.51,144715789.0,Asia,687.4660980036298
Bangladesh,BGD,2009,3942.1362,Asia,BGD,47.0,5.51,144715789.0,Asia,715.4512159709619
Bangladesh,BGD,2010,4125.464,Asia,BGD,47.0,6.22,152201978.0,Asia,663.2578778135048
Bangladesh,BGD,2011,4352.4263,Asia,BGD,59.0,6.22,153591074.0,Asia,699.7469935691319
Bangladesh,BGD,2012,4592.0483,Asia,BGD,58.0,6.22,155070110.0,Asia,738.2714308681673
Bangladesh,BGD,2013,4822.726,Asia,BGD,61.0,6.22,156532134.0,Asia,775.3578778135048
Bangladesh,BGD,2014,5068.6396,Asia,BGD,61.0,6.22,157964931.0,Asia,814.8938263665596
Bangladesh,BGD,2015,5352.7114,Asia,BGD,65.0,6.76,159383179.0,Asia,791.8212130177516
Bangladesh,BGD,2016,5682.5356,Asia,BGD,73.0,6.76,160811934.0,Asia,840.611775147929
Bangladesh,BGD,2017,6005.707,Asia,BGD,73.0,6.76,162186146.0,Asia,888.4181952662723
Bangladesh,BGD,2018,6392.5933,Asia,BGD,74.0,6.76,163523109.0,Asia,945.6498964497042
Bangladesh,BGD,2019,6838.326,Asia,BGD,75.0,6.76,164913060.0,Asia,1011.5866863905326
Bangladesh,BGD,2020,7015.1978,Asia,BGD,75.0,7.23,166298024.0,Asia,970.290152143845
Bangladesh,BGD,2021,7441.0693,Asia,BGD,76.0,7.23,167658855.0,Asia,1029.193540802213
Bangladesh,BGD,2022,7888.164,Asia,BGD,79.0,7.23,169384891.0,Asia,1091.0323651452281
Bangladesh,BGD,2023,8242.398,Asia,BGD,79.0,7.23,169384891.0,Asia,1140.027385892116
Barbados,BRB,1990,19613.248,North America,BRB,99.0,8.79,258583.0,North America,2231.313765642776
Barbados,BRB,1991,18790.87,North America,BRB,99.0,8.79,258583.0,North America,2137.755403868032
Barbados,BRB,1992,17660.324,North America,BRB,99.0,8.79,258583.0,North America,2009.1381114903302
Barbados,BRB,1993,17748.555,North America,BRB,99.0,8.79,258583.0,North America,2019.175767918089
Barbados,BRB,1994,18064.4,North America,BRB,99.0,8.79,258583.0,North America,2055.1080773606373
Barbados,BRB,1995,18398.75,North America,BRB,99.0,9.07,262046.0,North America,2028.5281146637265
Barbados,BRB,1996,19112.504,North America,BRB,99.0,9.07,262046.0,North America,2107.2220507166485
Barbados,BRB,1997,20010.217,North America,BRB,99.0,9.07,262046.0,North America,2206.198125689085
Barbados,BRB,1998,20752.81,North America,BRB,99.0,9.07,262046.0,North America,2288.071664829107
Barbados,BRB,1999,20815.836,North America,BRB,99.0,9.07,262046.0,North America,2295.0205071664827
Barbados,BRB,2000,21779.22,North America,BRB,99.0,9.23,262071.0,North America,2359.612134344529
Barbados,BRB,2001,21234.709,North America,BRB,99.0,9.23,262071.0,North America,2300.6185265438785
Barbados,BRB,2002,21262.309,North America,BRB,99.0,9.23,262071.0,North America,2303.6087757313107
Barbados,BRB,2003,21591.791,North America,BRB,99.0,9.23,262071.0,North America,2339.305633802817
Barbados,BRB,2004,21771.902,North America,BRB,99.0,9.23,262071.0,North America,2358.8192849404113
Barbados,BRB,2005,22514.484,North America,BRB,99.0,9.41,268717.0,North America,2392.612539851222
Barbados,BRB,2006,23766.607,North America,BRB,99.0,9.41,268717.0,North America,2525.6755579171095
Barbados,BRB,2007,24145.754,North America,BRB,99.0,9.41,268717.0,North America,2565.967481402763
Barbados,BRB,2008,24171.652,North America,BRB,99.0,9.41,268717.0,North America,2568.719659936238
Barbados,BRB,2009,22840.885,North America,BRB,99.0,9.41,268717.0,North America,2427.299149840595
Barbados,BRB,2010,22243.457,North America,BRB,99.0,9.57,275251.0,North America,2324.2901776384533
Barbados,BRB,2011,22102.482,North America,BRB,99.0,9.57,275251.0,North America,2309.559247648903
Barbados,BRB,2012,21286.332,North America,BRB,99.0,9.57,275251.0,North America,2224.2771159874605
Barbados,BRB,2013,20854.568,North America,BRB,99.0,9.57,275251.0,North America,2179.1607105538137
Barbados,BRB,2014,20959.965,North America,BRB,99.0,9.57,275251.0,North America,2190.1739811912225
Barbados,BRB,2015,20666.965,North America,BRB,99.0,9.46,278999.0,North America,2184.6686046511627
Barbados,BRB,2016,20930.633,North America,BRB,99.0,9.46,278999.0,North America,2212.540486257928
Barbados,BRB,2017,21035.793,North America,BRB,99.0,9.46,278999.0,North America,2223.6567653276957
Barbados,BRB,2018,20727.422,North America,BRB,99.0,9.46,278999.0,North America,2191.0594080338265
Barbados,BRB,2019,20737.979,North America,BRB,99.0,9.46,278999.0,North America,2192.1753699788583
Barbados,BRB,2020,17728.072,North America,BRB,99.0,9.67,281706.0,North America,1833.3063081695966
Barbados,BRB,2021,17682.732,North America,BRB,99.0,9.67,281706.0,North America,1828.6175801447778
Barbados,BRB,2022,20716.285,North America,BRB,99.0,9.67,281706.0,North America,2142.325232678387
Barbados,BRB,2023,21318.672,North America,BRB,99.0,9.67,281706.0,North America,2204.6196483971044
Belarus,BLR,1990,12351.636,Europe,BLR,98.0,9.67,10158779.0,Europe,1277.3149948293692
Belarus,BLR,1991,12197.788,Europe,BLR,98.0,9.67,10158779.0,Europe,1261.405170630817
Belarus,BLR,1992,11002.602,Europe,BLR,98.0,9.67,10158779.0,Europe,1137.8078593588418
Belarus,BLR,1993,10143.984,Europe,BLR,98.0,9.67,10158779.0,Europe,1049.0159255429162
Belarus,BLR,1994,8967.73,Europe,BLR,98.0,9.67,10158779.0,Europe,927.3764219234746
Belarus,BLR,1995,8061.196,Europe,BLR,98.0,9.67,10158779.0,Europe,833.6293691830404
Belarus,BLR,1996,8314.856,Europe,BLR,98.0,9.67,10158779.0,Europe,859.8610134436401
Belarus,BLR,1997,9301.327,Europe,BLR,98.0,9.67,10158779.0,Europe,961.8745604963805
Belarus,BLR,1998,10128.156,Europe,BLR,98.0,9.67,10158779.0,Europe,1047.3791106514996
Belarus,BLR,1999,10519.749,Europe,BLR,100.0,9.67,10039221.0,Europe,1087.8747673216133
Belarus,BLR,2000,11182.455,Europe,BLR,100.0,9.67,10039221.0,Europe,1156.4069286452948
Belarus,BLR,2001,11771.087,Europe,BLR,100.0,9.67,10039221.0,Europe,1217.2789038262667
Belarus,BLR,2002,12443.933,Europe,BLR,100.0,9.67,10039221.0,Europe,1286.8596690796278
Belarus,BLR,2003,13413.927,Europe,BLR,100.0,9.67,10039221.0,Europe,1387.1692864529473
Belarus,BLR,2004,15052.118,Europe,BLR,100.0,9.67,10039221.0,Europe,1556.578903826267
Belarus,BLR,2005,16579.873,Europe,BLR,100.0,9.67,10039221.0,Europe,1714.568045501551
Belarus,BLR,2006,18349.871,Europe,BLR,100.0,9.67,10039221.0,Europe,1897.6081695966907
Belarus,BLR,2007,20019.611,Europe,BLR,100.0,9.67,10039221.0,Europe,2070.2803516028957
Belarus,BLR,2008,22137.947,Europe,BLR,100.0,9.67,10039221.0,Europe,2289.3430196483973
Belarus,BLR,2009,22236.838,Europe,BLR,100.0,9.67,9507334.0,Europe,2299.569596690796
Belarus,BLR,2010,24012.613,Europe,BLR,100.0,9.67,9507334.0,Europe,2483.2071354705276
Belarus,BLR,2011,25404.756,Europe,BLR,100.0,9.67,9507334.0,Europe,2627.172285418821
Belarus,BLR,2012,25879.133,Europe,BLR,100.0,9.67,9507334.0,Europe,2676.228852119959
Belarus,BLR,2013,26147.625,Europe,BLR,100.0,9.67,9507334.0,Europe,2703.994312306101
Belarus,BLR,2014,26564.436,Europe,BLR,100.0,9.67,9507334.0,Europe,2747.097828335057
Belarus,BLR,2015,25513.213,Europe,BLR,100.0,9.67,9507334.0,Europe,2638.388107549121
Belarus,BLR,2016,24846.83,Europe,BLR,100.0,9.67,9507334.0,Europe,2569.4756980351603
Belarus,BLR,2017,25503.98,Europe,BLR,100.0,9.67,9507334.0,Europe,2637.433298862461
Belarus,BLR,2018,26363.463,Europe,BLR,100.0,9.67,9507334.0,Europe,2726.3146845915203
Belarus,BLR,2019,26798.82,Europe,BLR,100.0,9.67,9435415.0,Europe,2771.3360910031024
Belarus,BLR,2020,26731.496,Europe,BLR,100.0,9.67,9435415.0,Europe,2764.3739400206823
Belarus,BLR,2021,27611.18,Europe,BLR,100.0,9.67,9435415.0,Europe,2855.3443640124096
Belarus,BLR,2022,26537.508,Europe,BLR,100.0,9.67,9435415.0,Europe,2744.313133402275
Belarus,BLR,2023,27782.438,Europe,BLR,100.0,9.67,9435415.0,Europe,2873.054601861427
Belgium,BEL,1990,41640.06,Europe,BEL,96.5,10.0,9960968.0,Europe,4164.005999999999
Belgium,BEL,1991,42246.074,Europe,BEL,96.5,10.0,9960968.0,Europe,4224.6074
Belgium,BEL,1992,42719.047,Europe,BEL,96.5,10.0,9960968.0,Europe,4271.9047
Belgium,BEL,1993,42143.195,Europe,BEL,96.5,10.0,9960968.0,Europe,4214.3195
Belgium,BEL,1994,43369.277,Europe,BEL,96.5,10.0,9960968.0,Europe,4336.9277
Belgium,BEL,1995,44310.63,Europe,BEL,96.5,10.64,10137264.0,Europe,4164.532894736842
Belgium,BEL,1996,44808.523,Europe,BEL,96.5,10.64,10137264.0,Europe,4211.32734962406
Belgium,BEL,1997,46396.004,Europe,BEL,96.5,10.64,10137264.0,Europe,4360.526691729323
Belgium,BEL,1998,47205.31,Europe,BEL,96.5,10.64,10137264.0,Europe,4436.589285714285
Belgium,BEL,1999,48765.766,Europe,BEL,96.5,10.64,10137264.0,Europe,4583.248684210526
Belgium,BEL,2000,50455.734,Europe,BEL,96.5,10.95,10251719.0,Europe,4607.8295890410955
Belgium,BEL,2001,50835.4,Europe,BEL,96.5,10.95,10251719.0,Europe,4642.502283105024
Belgium,BEL,2002,51471.85,Europe,BEL,96.5,10.95,10251719.0,Europe,4700.625570776256
Belgium,BEL,2003,51788.844,Europe,BEL,96.5,10.95,10251719.0,Europe,4729.574794520548
Belgium,BEL,2004,53406.69,Europe,BEL,96.5,10.95,10251719.0,Europe,4877.323287671234
Belgium,BEL,2005,54346.895,Europe,BEL,96.5,11.11,10478883.0,Europe,4891.709720972097
Belgium,BEL,2006,55367.62,Europe,BEL,96.5,11.11,10478883.0,Europe,4983.5841584158425
Belgium,BEL,2007,56983.46,Europe,BEL,96.5,11.11,10478883.0,Europe,5129.024302430244
Belgium,BEL,2008,56787.74,Europe,BEL,96.5,11.11,10478883.0,Europe,5111.407740774078
Belgium,BEL,2009,55258.707,Europe,BEL,96.5,11.11,10478883.0,Europe,4973.78100810081
Belgium,BEL,2010,56240.203,Europe,BEL,96.5,11.29,10936619.0,Europe,4981.417449069974
Belgium,BEL,2011,56585.3,Europe,BEL,96.5,11.29,10936619.0,Europe,5011.9840566873345
Belgium,BEL,2012,56356.824,Europe,BEL,96.5,11.29,10936619.0,Europe,4991.747032772365
Belgium,BEL,2013,56263.176,Europe,BEL,96.5,11.29,10936619.0,Europe,4983.452258635962
Belgium,BEL,2014,57002.91,Europe,BEL,96.5,11.29,10936619.0,Europe,5048.973427812224
Belgium,BEL,2015,57509.023,Europe,BEL,96.5,11.36,11275332.0,Europe,5062.413996478874
Belgium,BEL,2016,57901.496,Europe,BEL,96.5,11.36,11275332.0,Europe,5096.962676056338
Belgium,BEL,2017,58529.332,Europe,BEL,96.5,11.36,11275332.0,Europe,5152.229929577466
Belgium,BEL,2018,59357.69,Europe,BEL,96.5,11.36,11275332.0,Europe,5225.148767605634
Belgium,BEL,2019,60479.977,Europe,BEL,96.5,11.36,11275332.0,Europe,5323.941637323944
Belgium,BEL,2020,57333.543,Europe,BEL,96.5,11.57,11540102.0,Europe,4955.362402765773
Belgium,BEL,2021,60669.215,Europe,BEL,96.5,11.57,11540102.0,Europe,5243.665946413137
Belgium,BEL,2022,62561.78,Europe,BEL,96.5,11.57,11540102.0,Europe,5407.24114088159
Belgium,BEL,2023,63095.402,Europe,BEL,96.5,11.57,11540102.0,Europe,5453.36231633535
Belize,BLZ,1990,8251.617,North America,BLZ,77.5,8.97,183090.0,North America,919.9127090301002
Belize,BLZ,1991,9028.073,North America,BLZ,70.0,8.97,187056.0,North America,1006.4741360089185
Belize,BLZ,1992,9967.777,North America,BLZ,70.0,8.97,187056.0,North America,1111.2348940914158
Belize,BLZ,1993,10366.859,North America,BLZ,70.0,8.97,187056.0,North America,1155.725641025641
Belize,BLZ,1994,10146.399,North America,BLZ,70.0,8.97,187056.0,North America,1131.1481605351169
Belize,BLZ,1995,9967.847,North America,BLZ,70.0,9.62,204165.0,North America,1036.1587318087318
Belize,BLZ,1996,9782.645,North America,BLZ,70.0,9.62,204165.0,North America,1016.9069646569648
Belize,BLZ,1997,9862.267,North America,BLZ,70.0,9.62,204165.0,North America,1025.18367983368
Belize,BLZ,1998,9894.6,North America,BLZ,70.0,9.62,204165.0,North America,1028.5446985446986
Belize,BLZ,1999,10460.635,North America,BLZ,70.0,9.62,204165.0,North America,1087.3840956340957
Belize,BLZ,2000,11363.687,North America,BLZ,70.0,10.19,240809.0,North America,1115.1802747791953
Belize,BLZ,2001,11567.026,North America,BLZ,70.0,10.19,240809.0,North America,1135.1350343473994
Belize,BLZ,2002,11828.187,North America,BLZ,70.0,10.19,240809.0,North America,1160.7641805691856
Belize,BLZ,2003,12589.268,North America,BLZ,70.0,10.19,240809.0,North America,1235.453189401374
Belize,BLZ,2004,12807.166,North America,BLZ,70.0,10.19,240809.0,North America,1256.8367026496564
Belize,BLZ,2005,12714.97,North America,BLZ,70.0,10.77,279747.0,North America,1180.5914577530177
Belize,BLZ,2006,12912.53,North America,BLZ,70.0,10.77,279747.0,North America,1198.9350046425257
Belize,BLZ,2007,12973.207,North America,BLZ,70.0,10.77,279747.0,North America,1204.568895078923
Belize,BLZ,2008,12415.681,North America,BLZ,70.0,10.77,279747.0,North America,1152.802321262767
Belize,BLZ,2009,12033.91,North America,BLZ,70.0,10.77,279747.0,North America,1117.3546889507893
Belize,BLZ,2010,11913.664,North America,BLZ,70.0,11.28,320256.0,North America,1056.1758865248228
Belize,BLZ,2011,11641.771,North America,BLZ,70.0,11.28,320256.0,North America,1032.0718971631206
Belize,BLZ,2012,11843.415,North America,BLZ,70.0,11.28,320256.0,North America,1049.9481382978724
Belize,BLZ,2013,12064.797,North America,BLZ,70.0,11.28,320256.0,North America,1069.5742021276596
Belize,BLZ,2014,12272.296,North America,BLZ,70.0,11.28,320256.0,North America,1087.9695035460993
Belize,BLZ,2015,12348.795,North America,BLZ,90.91604,10.56,356341.0,North America,1169.3934659090908
Belize,BLZ,2016,12063.06,North America,BLZ,90.91604,10.56,356341.0,North America,1142.3352272727273
Belize,BLZ,2017,11572.301,North America,BLZ,90.91604,10.56,356341.0,North America,1095.861837121212
Belize,BLZ,2018,11451.897,North America,BLZ,90.91604,10.56,356341.0,North America,1084.4599431818183
Belize,BLZ,2019,11765.975,North America,BLZ,90.91604,10.56,356341.0,North America,1114.202178030303
Belize,BLZ,2020,10045.141,North America,BLZ,90.91604,10.71,390819.0,North America,937.9216619981324
Belize,BLZ,2021,11716.327,North America,BLZ,90.91604,10.71,390819.0,North America,1093.9614379084967
Belize,BLZ,2022,12565.364,North America,BLZ,90.91604,10.71,390819.0,North America,1173.2366013071894
Belize,BLZ,2023,12371.009,North America,BLZ,90.91604,10.71,390819.0,North America,1155.0895424836601
Benin,BEN,1990,2207.0679,Africa,BEN,16.0,2.24,5281482.0,Africa,985.298169642857
Benin,BEN,1991,2230.4604,Africa,BEN,16.0,2.24,5281482.0,Africa,995.7412499999999
Benin,BEN,1992,2226.5667,Africa,BEN,27.0,2.24,5617847.0,Africa,994.0029910714284
Benin,BEN,1993,2254.2456,Africa,BEN,27.0,2.24,5617847.0,Africa,1006.3596428571428
Benin,BEN,1994,2215.3662,Africa,BEN,27.0,2.24,5617847.0,Africa,989.0027678571428
Benin,BEN,1995,2300.141,Africa,BEN,27.0,2.73,6226775.0,Africa,842.5424908424909
Benin,BEN,1996,2337.6304,Africa,BEN,27.0,2.73,6226775.0,Africa,856.2748717948718
Benin,BEN,1997,2399.786,Africa,BEN,27.0,2.73,6226775.0,Africa,879.0424908424909
Benin,BEN,1998,2419.1,Africa,BEN,27.0,2.73,6226775.0,Africa,886.1172161172161
Benin,BEN,1999,2470.685,Africa,BEN,27.0,2.73,6226775.0,Africa,905.0128205128206
Benin,BEN,2000,2536.169,Africa,BEN,27.0,3.31,7221618.0,Africa,766.2141993957704
Benin,BEN,2001,2591.065,Africa,BEN,27.0,3.31,7221618.0,Africa,782.7990936555891
Benin,BEN,2002,2630.1807,Africa,BEN,35.0,3.31,7675430.0,Africa,794.6165256797583
Benin,BEN,2003,2639.0437,Africa,BEN,35.0,3.31,7675430.0,Africa,797.29416918429
Benin,BEN,2004,2672.844,Africa,BEN,35.0,3.31,7675430.0,Africa,807.5057401812688
Benin,BEN,2005,2632.4724,Africa,BEN,35.0,3.85,8426145.0,Africa,683.759064935065
Benin,BEN,2006,2652.2185,Africa,BEN,35.0,3.85,8426145.0,Africa,688.8879220779221
Benin,BEN,2007,2729.1375,Africa,BEN,35.0,3.85,8426145.0,Africa,708.8668831168831
Benin,BEN,2008,2777.6196,Africa,BEN,35.0,3.85,8426145.0,Africa,721.4596363636364
Benin,BEN,2009,2758.0725,Africa,BEN,35.0,3.85,8426145.0,Africa,716.3824675324676
Benin,BEN,2010,2733.574,Africa,BEN,35.0,4.57,9797488.0,Africa,598.1562363238512
Benin,BEN,2011,2732.0125,Africa,BEN,35.0,4.57,9797488.0,Africa,597.8145514223194
Benin,BEN,2012,2779.7266,Africa,BEN,35.0,4.57,9797488.0,Africa,608.2552735229759
Benin,BEN,2013,2893.0466,Africa,BEN,35.0,4.57,9797488.0,Africa,633.051772428884
Benin,BEN,2014,2987.3823,Africa,BEN,35.0,4.57,9797488.0,Africa,653.6941575492341
Benin,BEN,2015,2952.0022,Africa,BEN,35.0,5.42,11360681.0,Africa,544.649852398524
Benin,BEN,2016,2962.6638,Africa,BEN,35.0,5.42,11360681.0,Africa,546.6169372693727
Benin,BEN,2017,3041.7793,Africa,BEN,38.87121,5.42,12039777.0,Africa,561.21389298893
Benin,BEN,2018,3155.4512,Africa,BEN,38.87121,5.42,12039777.0,Africa,582.1865682656827
Benin,BEN,2019,3281.1047,Africa,BEN,48.99828,5.42,12726760.0,Africa,605.3698708487085
Benin,BEN,2020,3317.8596,Africa,BEN,48.99828,6.27,13070169.0,Africa,529.1642105263157
Benin,BEN,2021,3464.2886,Africa,BEN,43.83417,6.27,13413423.0,Africa,552.5181180223285
Benin,BEN,2022,3588.3252,Africa,BEN,51.37877,6.27,13759507.0,Africa,572.3006698564594
Benin,BEN,2023,3721.2126,Africa,BEN,51.37877,6.27,13759507.0,Africa,593.4948325358852
Bermuda,BMU,1990,79747.484,North America,BMU,96.5,6.27,37241.0,North America,12718.89696969697
Bermuda,BMU,1991,76365.05,North America,BMU,96.5,6.27,37241.0,North America,12179.433811802233
Bermuda,BMU,1992,75766.695,North America,BMU,96.5,6.27,37241.0,North America,12084.002392344499
Bermuda,BMU,1993,77503.46,North America,BMU,96.5,6.27,37241.0,North America,12360.99840510367
Bermuda,BMU,1994,77470.3,North America,BMU,96.5,6.27,37241.0,North America,12355.709728867625
Bermuda,BMU,1995,80427.24,North America,BMU,96.5,6.27,37241.0,North America,12827.311004784691
Bermuda,BMU,1996,82122.78,North America,BMU,96.5,6.27,37241.0,North America,13097.73205741627
Bermuda,BMU,1997,85380.836,North America,BMU,96.5,6.27,37241.0,North America,13617.358213716108
Bermuda,BMU,1998,88034.81,North America,BMU,96.5,6.27,37241.0,North America,14040.639553429028
Bermuda,BMU,1999,90290.56,North America,BMU,96.5,6.27,37241.0,North America,14400.408293460925
Bermuda,BMU,2000,98019.93,North America,BMU,96.5,6.27,37241.0,North America,15633.162679425837
Bermuda,BMU,2001,104560.836,North America,BMU,96.5,6.27,37241.0,North America,16676.36937799043
Bermuda,BMU,2002,102559.766,North America,BMU,96.5,6.27,37241.0,North America,16357.21945773525
Bermuda,BMU,2003,105642.98,North America,BMU,96.5,6.27,37241.0,North America,16848.96012759171
Bermuda,BMU,2004,107803.2,North America,BMU,96.5,6.27,37241.0,North America,17193.49282296651
Bermuda,BMU,2005,109335.38,North America,BMU,96.5,6.27,37241.0,North America,17437.85964912281
Bermuda,BMU,2006,115170.9,North America,BMU,96.5,6.27,37241.0,North America,18368.564593301435
Bermuda,BMU,2007,118691.07,North America,BMU,96.5,6.27,37241.0,North America,18929.995215311006
Bermuda,BMU,2008,115942.73,North America,BMU,96.5,6.27,37241.0,North America,18491.663476874004
Bermuda,BMU,2009,108962.82,North America,BMU,96.5,6.27,37241.0,North America,17378.440191387563
Bermuda,BMU,2010,105968.875,North America,BMU,96.5,6.27,37241.0,North America,16900.9370015949
Bermuda,BMU,2011,101989.93,North America,BMU,96.5,6.27,37241.0,North America,16266.336523125998
Bermuda,BMU,2012,96711.07,North America,BMU,96.5,6.27,37241.0,North America,15424.413078149923
Bermuda,BMU,2013,96549.79,North America,BMU,96.5,6.27,37241.0,North America,15398.690590111642
Bermuda,BMU,2014,93042.27,North America,BMU,96.5,6.27,37241.0,North America,14839.277511961724
Bermuda,BMU,2015,93859.875,North America,BMU,96.5,6.27,37241.0,North America,14969.677033492824
Bermuda,BMU,2016,93265.07,North America,BMU,96.5,6.27,37241.0,North America,14874.811802232856
Bermuda,BMU,2017,96437.195,North America,BMU,96.5,6.27,37241.0,North America,15380.732854864436
Bermuda,BMU,2018,95639.23,North America,BMU,96.5,6.27,37241.0,North America,15253.465709728867
Bermuda,BMU,2019,95519.92,North America,BMU,96.5,6.27,37241.0,North America,15234.437001594897
Bermuda,BMU,2020,88618.086,North America,BMU,96.5,6.27,37241.0,North America,14133.666028708134
Bermuda,BMU,2021,92319.67,North America,BMU,96.5,6.27,37241.0,North America,14724.030303030304
Bermuda,BMU,2022,98145.17,North America,BMU,96.5,6.27,37241.0,North America,15653.13716108453
Bermuda,BMU,2023,103052.35,North America,BMU,96.5,6.27,37241.0,North America,16435.781499202552
Bhutan,BTN,1990,3411.3838,Asia,BTN,3.0,6.27,169991.0,Asia,544.080350877193
Bhutan,BTN,1991,3338.0095,Asia,BTN,3.0,6.27,169991.0,Asia,532.3779106858054
Bhutan,BTN,1992,3624.598,Asia,BTN,3.0,6.27,169991.0,Asia,578.0858054226476
Bhutan,BTN,1993,3850.5513,Asia,BTN,3.0,6.27,169991.0,Asia,614.1230143540671
Bhutan,BTN,1994,4042.4941,Asia,BTN,3.0,6.27,169991.0,Asia,644.7359011164275
Bhutan,BTN,1995,4379.8706,Asia,BTN,3.0,6.27,169991.0,Asia,698.5439553429028
Bhutan,BTN,1996,4616.92,Asia,BTN,3.0,6.27,169991.0,Asia,736.3508771929825
Bhutan,BTN,1997,4778.705,Asia,BTN,3.0,6.27,169991.0,Asia,762.1539074960128
Bhutan,BTN,1998,4965.8765,Asia,BTN,3.0,6.27,169991.0,Asia,792.005821371611
Bhutan,BTN,1999,5241.3667,Asia,BTN,3.0,6.27,169991.0,Asia,835.9436523125996
Bhutan,BTN,2000,5287.574,Asia,BTN,3.0,6.27,169991.0,Asia,843.3132376395534
Bhutan,BTN,2001,5545.6304,Asia,BTN,3.0,6.27,169991.0,Asia,884.4705582137161
Bhutan,BTN,2002,5991.255,Asia,BTN,3.0,6.27,169991.0,Asia,955.543062200957
Bhutan,BTN,2003,6323.541,Asia,BTN,3.0,6.27,169991.0,Asia,1008.5392344497609
Bhutan,BTN,2004,6517.997,Asia,BTN,3.0,6.27,169991.0,Asia,1039.5529505582138
Bhutan,BTN,2005,6850.804,Asia,BTN,53.0,6.27,661875.0,Asia,1092.6322169059013
Bhutan,BTN,2006,7140.856,Asia,BTN,53.0,6.27,661875.0,Asia,1138.8925039872408
Bhutan,BTN,2007,8195.07,Asia,BTN,53.0,6.27,661875.0,Asia,1307.0287081339713
Bhutan,BTN,2008,8470.035,Asia,BTN,53.0,6.27,661875.0,Asia,1350.8827751196172
Bhutan,BTN,2009,9019.118,Asia,BTN,53.0,6.27,661875.0,Asia,1438.455821371611
Bhutan,BTN,2010,9985.284,Asia,BTN,53.0,6.27,661875.0,Asia,1592.5492822966507
Bhutan,BTN,2011,10714.687,Asia,BTN,53.0,6.27,661875.0,Asia,1708.8814992025518
Bhutan,BTN,2012,11143.944,Asia,BTN,55.0,6.27,717288.0,Asia,1777.3435406698566
Bhutan,BTN,2013,11212.4795,Asia,BTN,55.0,6.27,717288.0,Asia,1788.2742424242424
Bhutan,BTN,2014,11744.519,Asia,BTN,55.0,6.27,717288.0,Asia,1873.1290271132377
Bhutan,BTN,2015,12400.298,Asia,BTN,55.0,6.27,717288.0,Asia,1977.718979266348
Bhutan,BTN,2016,13320.976,Asia,BTN,55.0,6.27,717288.0,Asia,2124.557575757576
Bhutan,BTN,2017,13482.343,Asia,BTN,67.0,6.27,754343.0,Asia,2150.2939393939396
Bhutan,BTN,2018,13854.8545,Asia,BTN,67.0,6.27,754343.0,Asia,2209.705661881978
Bhutan,BTN,2019,14555.188,Asia,BTN,67.0,6.27,754343.0,Asia,2321.401594896332
Bhutan,BTN,2020,12979.937,Asia,BTN,67.0,6.27,754343.0,Asia,2070.1653907496016
Bhutan,BTN,2021,13458.8125,Asia,BTN,67.0,6.27,754343.0,Asia,2146.5410685805423
Bhutan,BTN,2022,14061.3125,Asia,BTN,67.0,6.27,754343.0,Asia,2242.633572567783
Bhutan,BTN,2023,14610.296,Asia,BTN,67.0,6.27,754343.0,Asia,2330.190749601276
Bolivia,BOL,1990,6247.1045,South America,BOL,63.0,7.63,7130143.0,South America,818.755504587156
Bolivia,BOL,1991,6440.486,South America,BOL,63.0,7.63,7130143.0,South America,844.1003931847969
Bolivia,BOL,1992,6414.3286,South America,BOL,80.0,7.63,7430337.0,South America,840.6721625163827
Bolivia,BOL,1993,6556.8164,South America,BOL,80.0,7.63,7430337.0,South America,859.3468414154653
Bolivia,BOL,1994,6731.2847,South America,BOL,80.0,7.63,7430337.0,South America,882.2129357798166
Bolivia,BOL,1995,6914.342,South America,BOL,80.0,8.09,7874676.0,South America,854.6776266996292
Bolivia,BOL,1996,7083.6133,South America,BOL,80.0,8.09,7874676.0,South America,875.6011495673671
Bolivia,BOL,1997,7301.5093,South America,BOL,80.0,8.09,7874676.0,South America,902.5351421508035
Bolivia,BOL,1998,7534.5166,South America,BOL,80.0,8.09,7874676.0,South America,931.3370333745364
Bolivia,BOL,1999,7435.7256,South America,BOL,80.0,8.09,7874676.0,South America,919.1255377008653
Bolivia,BOL,2000,7492.4336,South America,BOL,80.0,8.73,8606330.0,South America,858.2398167239404
Bolivia,BOL,2001,7491.1523,South America,BOL,87.0,8.73,8752740.0,South America,858.0930469644902
Bolivia,BOL,2002,7550.0156,South America,BOL,87.0,8.73,8752740.0,South America,864.8356930126001
Bolivia,BOL,2003,7625.9053,South America,BOL,87.0,8.73,8752740.0,South America,873.5286712485681
Bolivia,BOL,2004,7811.5967,South America,BOL,87.0,8.73,8752740.0,South America,894.7991638029782
Bolivia,BOL,2005,8020.6357,South America,BOL,87.0,8.77,9360758.0,South America,914.5536716077537
Bolivia,BOL,2006,8263.319,South America,BOL,87.0,8.77,9360758.0,South America,942.2256556442417
Bolivia,BOL,2007,8493.948,South America,BOL,91.0,8.77,9685960.0,South America,968.5231470923604
Bolivia,BOL,2008,8865.272,South America,BOL,91.0,8.77,9850859.0,South America,1010.8633979475486
Bolivia,BOL,2009,9011.557,South America,BOL,91.0,8.77,10016279.0,South America,1027.5435575826684
Bolivia,BOL,2010,9230.398,South America,BOL,91.0,8.57,10182345.0,South America,1077.0592765460908
Bolivia,BOL,2011,9554.445,South America,BOL,92.0,8.57,10348931.0,South America,1114.8710618436405
Bolivia,BOL,2012,9884.462,South America,BOL,94.0,8.57,10515814.0,South America,1153.379463243874
Bolivia,BOL,2013,10391.384,South America,BOL,94.0,8.57,10515814.0,South America,1212.5302217036171
Bolivia,BOL,2014,10790.848,South America,BOL,94.0,8.57,10515814.0,South America,1259.1421236872811
Bolivia,BOL,2015,11144.642,South America,BOL,92.0,8.62,11014707.0,South America,1292.8819025522043
Bolivia,BOL,2016,11448.021,South America,BOL,92.0,8.62,11014707.0,South America,1328.076682134571
Bolivia,BOL,2017,11755.256,South America,BOL,92.0,8.62,11014707.0,South America,1363.7187935034804
Bolivia,BOL,2018,11920.313,South America,BOL,92.0,8.62,11014707.0,South America,1382.8669373549885
Bolivia,BOL,2019,11930.916,South America,BOL,92.0,8.62,11014707.0,South America,1384.0969837587008
Bolivia,BOL,2020,10285.659,South America,BOL,94.0,9.06,11816301.0,South America,1135.2824503311258
Bolivia,BOL,2021,11202.441,South America,BOL,94.0,9.06,11816301.0,South America,1236.4725165562913
Bolivia,BOL,2022,11487.715,South America,BOL,94.0,9.06,11816301.0,South America,1267.9597130242826
Bolivia,BOL,2023,11616.157,South America,BOL,94.0,9.06,11816301.0,South America,1282.1365342163353
Bosnia And Herzegovina,BIH,1990,2413.9482,Europe,BOL,94.0,9.06,11816301.0,South America,266.4401986754967
Bosnia And Herzegovina,BIH,1991,2183.5352,Europe,BIH,89.0,9.06,4458350.0,Europe,241.00830022075053
Bosnia And Herzegovina,BIH,1992,2150.9197,Europe,BIH,89.0,9.06,4458350.0,Europe,237.4083554083885
Bosnia And Herzegovina,BIH,1993,2281.8992,Europe,BIH,89.0,9.06,4458350.0,Europe,251.86525386313463
Bosnia And Herzegovina,BIH,1994,2657.814,Europe,BIH,89.0,9.06,4458350.0,Europe,293.3569536423841
Bosnia And Herzegovina,BIH,1995,3090.391,Europe,BIH,89.0,9.06,4458350.0,Europe,341.10275938189847
Bosnia And Herzegovina,BIH,1996,4569.0015,Europe,BIH,89.0,9.06,4458350.0,Europe,504.30480132450333
Bosnia And Herzegovina,BIH,1997,6020.9854,Europe,BIH,89.0,9.06,4458350.0,Europe,664.5679249448123
Bosnia And Herzegovina,BIH,1998,6899.3257,Europe,BIH,89.0,9.06,4458350.0,Europe,761.5149779249448
Bosnia And Herzegovina,BIH,1999,7481.335,Europe,BIH,89.0,9.06,4458350.0,Europe,825.7544150110375
Bosnia And Herzegovina,BIH,2000,7830.534,Europe,BIH,97.0,9.06,4159785.0,Europe,864.2973509933774
Bosnia And Herzegovina,BIH,2001,7982.552,Europe,BIH,97.0,9.06,4159785.0,Europe,881.0763796909491
Bosnia And Herzegovina,BIH,2002,8366.727,Europe,BIH,97.0,9.06,4159785.0,Europe,923.4798013245033
Bosnia And Herzegovina,BIH,2003,8709.993,Europe,BIH,97.0,9.06,4159785.0,Europe,961.3678807947019
Bosnia And Herzegovina,BIH,2004,9344.869,Europe,BIH,97.0,9.06,4159785.0,Europe,1031.4424944812363
Bosnia And Herzegovina,BIH,2005,9814.511,Europe,BIH,97.0,9.06,4159785.0,Europe,1083.2793598233995
Bosnia And Herzegovina,BIH,2006,10430.455,Europe,BIH,97.0,9.06,4159785.0,Europe,1151.2643487858718
Bosnia And Herzegovina,BIH,2007,11178.728,Europe,BIH,97.0,9.06,4159785.0,Europe,1233.855187637969
Bosnia And Herzegovina,BIH,2008,11983.77,Europe,BIH,97.0,9.06,4159785.0,Europe,1322.7119205298013
Bosnia And Herzegovina,BIH,2009,11826.699,Europe,BIH,97.0,9.06,4159785.0,Europe,1305.375165562914
Bosnia And Herzegovina,BIH,2010,12142.912,Europe,BIH,97.0,9.06,4159785.0,Europe,1340.2772626931567
Bosnia And Herzegovina,BIH,2011,12487.701,Europe,BIH,97.0,9.06,4159785.0,Europe,1378.3334437086091
Bosnia And Herzegovina,BIH,2012,12626.979,Europe,BIH,97.0,9.06,4159785.0,Europe,1393.7062913907284
Bosnia And Herzegovina,BIH,2013,13135.772,Europe,BIH,97.0,9.06,3610857.0,Europe,1449.8644591611478
Bosnia And Herzegovina,BIH,2014,13458.908,Europe,BIH,97.0,9.06,3610857.0,Europe,1485.5306843267106
Bosnia And Herzegovina,BIH,2015,14220.149,Europe,BIH,97.0,9.06,3610857.0,Europe,1569.5528697571742
Bosnia And Herzegovina,BIH,2016,14873.703,Europe,BIH,97.0,9.06,3610857.0,Europe,1641.689072847682
Bosnia And Herzegovina,BIH,2017,15554.724,Europe,BIH,97.0,9.06,3610857.0,Europe,1716.856953642384
Bosnia And Herzegovina,BIH,2018,16349.067,Europe,BIH,97.0,9.06,3610857.0,Europe,1804.5327814569534
Bosnia And Herzegovina,BIH,2019,17029.367,Europe,BIH,97.0,9.06,3610857.0,Europe,1879.6210816777038
Bosnia And Herzegovina,BIH,2020,16747.105,Europe,BIH,97.0,9.06,3610857.0,Europe,1848.4663355408386
Bosnia And Herzegovina,BIH,2021,18286.738,Europe,BIH,97.0,9.06,3610857.0,Europe,2018.4037527593819
Bosnia And Herzegovina,BIH,2022,19298.197,Europe,BIH,97.0,9.06,3610857.0,Europe,2130.043818984547
Bosnia And Herzegovina,BIH,2023,19805.0,Europe,BIH,97.0,9.06,3610857.0,Europe,2185.98233995585
Botswana,BWA,1990,10520.918,Africa,BWA,22.5,9.06,413708.0,Africa,1161.2492273730684
Botswana,BWA,1991,11001.802,Africa,BWA,69.0,9.06,1341767.0,Africa,1214.3269315673288
Botswana,BWA,1992,11008.681,Africa,BWA,69.0,9.06,1341767.0,Africa,1215.0862030905078
Botswana,BWA,1993,10902.951,Africa,BWA,69.0,9.06,1341767.0,Africa,1203.4162251655628
Botswana,BWA,1994,10989.67,Africa,BWA,69.0,9.06,1341767.0,Africa,1212.9878587196467
Botswana,BWA,1995,11457.699,Africa,BWA,69.0,9.06,1341767.0,Africa,1264.6466887417218
Botswana,BWA,1996,11832.938,Africa,BWA,69.0,9.06,1341767.0,Africa,1306.063796909492
Botswana,BWA,1997,12526.353,Africa,BWA,69.0,9.06,1341767.0,Africa,1382.599668874172
Botswana,BWA,1998,12306.25,Africa,BWA,69.0,9.06,1341767.0,Africa,1358.3057395143487
Botswana,BWA,1999,13207.447,Africa,BWA,69.0,9.06,1341767.0,Africa,1457.7756070640175
Botswana,BWA,2000,13185.817,Africa,BWA,69.0,9.06,1341767.0,Africa,1455.3881898454745
Botswana,BWA,2001,12949.641,Africa,BWA,69.0,9.06,1341767.0,Africa,1429.3201986754966
Botswana,BWA,2002,13479.696,Africa,BWA,69.0,9.06,1341767.0,Africa,1487.8251655629138
Botswana,BWA,2003,13857.259,Africa,BWA,81.0,9.06,1775744.0,Africa,1529.4987858719646
Botswana,BWA,2004,13984.842,Africa,BWA,81.0,9.06,1775744.0,Africa,1543.5807947019866
Botswana,BWA,2005,14361.958,Africa,BWA,81.0,9.06,1775744.0,Africa,1585.205077262693
Botswana,BWA,2006,15275.583,Africa,BWA,81.0,9.06,1775744.0,Africa,1686.0466887417217
Botswana,BWA,2007,15850.234,Africa,BWA,81.0,9.06,1775744.0,Africa,1749.4739514348785
Botswana,BWA,2008,16040.315,Africa,BWA,81.0,9.06,1775744.0,Africa,1770.4541942604856
Botswana,BWA,2009,13489.951,Africa,BWA,81.0,9.06,1775744.0,Africa,1488.9570640176598
Botswana,BWA,2010,14545.02,Africa,BWA,81.0,9.06,1775744.0,Africa,1605.41059602649
Botswana,BWA,2011,15236.719,Africa,BWA,81.0,9.06,1775744.0,Africa,1681.7570640176598
Botswana,BWA,2012,14957.619,Africa,BWA,81.0,9.06,1775744.0,Africa,1650.9513245033113
Botswana,BWA,2013,16369.426,Africa,BWA,81.0,9.06,1775744.0,Africa,1806.7799116997792
Botswana,BWA,2014,17052.193,Africa,BWA,81.0,9.06,1775744.0,Africa,1882.140507726269
Botswana,BWA,2015,15994.964,Africa,BWA,81.0,10.27,2203276.0,Africa,1557.4453748782864
Botswana,BWA,2016,16905.588,Africa,BWA,81.0,10.27,2203276.0,Africa,1646.113729308666
Botswana,BWA,2017,17352.896,Africa,BWA,81.0,10.27,2203276.0,Africa,1689.6685491723467
Botswana,BWA,2018,17825.02,Africa,BWA,81.0,10.27,2203276.0,Africa,1735.6397273612465
Botswana,BWA,2019,18106.01,Africa,BWA,81.0,10.27,2203276.0,Africa,1763.0
Botswana,BWA,2020,16289.392,Africa,BWA,81.0,10.58,2365895.0,Africa,1539.6400756143667
Botswana,BWA,2021,17960.625,Africa,BWA,81.0,10.58,2365895.0,Africa,1697.601606805293
Botswana,BWA,2022,18647.373,Africa,BWA,81.0,10.58,2365895.0,Africa,1762.5116257088846
Botswana,BWA,2023,18932.48,Africa,BWA,81.0,10.58,2365895.0,Africa,1789.4593572778826
Brazil,BRA,1990,12633.288,South America,BRA,75.0,4.94,149143223.0,South America,2557.345748987854
Brazil,BRA,1991,12546.561,South America,BRA,75.0,4.94,149143223.0,South America,2539.78967611336
Brazil,BRA,1992,12271.979,South America,BRA,75.0,4.94,149143223.0,South America,2484.2062753036435
Brazil,BRA,1993,12669.429,South America,BRA,75.0,4.94,149143223.0,South America,2564.661740890688
Brazil,BRA,1994,13202.931,South America,BRA,75.0,4.94,149143223.0,South America,2672.658097165992
Brazil,BRA,1995,13550.439,South America,BRA,75.0,5.79,161735079.0,South America,2340.317616580311
Brazil,BRA,1996,13641.63,South America,BRA,75.0,5.79,161735079.0,South America,2356.067357512953
Brazil,BRA,1997,13896.625,South America,BRA,75.0,5.79,161735079.0,South America,2400.1079447322973
Brazil,BRA,1998,13737.703,South America,BRA,75.0,5.79,161735079.0,South America,2372.6602763385144
Brazil,BRA,1999,13602.414,South America,BRA,75.0,5.79,161735079.0,South America,2349.2943005181346
Brazil,BRA,2000,14005.348,South America,BRA,86.0,6.76,174018278.0,South America,2071.7970414201186
Brazil,BRA,2001,14016.132,South America,BRA,86.0,6.76,174018278.0,South America,2073.392307692308
Brazil,BRA,2002,14265.905,South America,BRA,86.0,6.76,174018278.0,South America,2110.340976331361
Brazil,BRA,2003,14259.366,South America,BRA,86.0,6.76,174018278.0,South America,2109.3736686390534
Brazil,BRA,2004,14911.261,South America,BRA,89.0,6.76,182675144.0,South America,2205.8078402366864
Brazil,BRA,2005,15221.014,South America,BRA,89.0,7.67,184688101.0,South America,1984.4868318122556
Brazil,BRA,2006,15657.4795,South America,BRA,90.0,7.67,186653099.0,South America,2041.3923728813559
Brazil,BRA,2007,16440.584,South America,BRA,90.0,7.67,188552311.0,South America,2143.4920469361145
Brazil,BRA,2008,17113.367,South America,BRA,90.0,7.67,190367297.0,South America,2231.208213820078
Brazil,BRA,2009,16939.441,South America,BRA,90.0,7.67,192079958.0,South America,2208.5320730117337
Brazil,BRA,2010,18062.158,South America,BRA,90.0,8.17,193701931.0,South America,2210.790452876377
Brazil,BRA,2011,18627.81,South America,BRA,91.0,8.17,195284736.0,South America,2280.0257037943697
Brazil,BRA,2012,18832.219,South America,BRA,91.0,8.17,196876113.0,South America,2305.0451652386782
Brazil,BRA,2013,19241.506,South America,BRA,91.0,8.17,198478290.0,South America,2355.141493268054
Brazil,BRA,2014,19183.172,South America,BRA,92.0,8.17,200085126.0,South America,2348.0014687882494
Brazil,BRA,2015,18357.068,South America,BRA,92.0,7.66,201675534.0,South America,2396.4840731070494
Brazil,BRA,2016,17620.928,South America,BRA,93.0,7.66,203218108.0,South America,2300.3822454308092
Brazil,BRA,2017,17724.48,South America,BRA,93.0,7.66,204703440.0,South America,2313.9007832898174
Brazil,BRA,2018,17917.75,South America,BRA,93.0,7.66,206107265.0,South America,2339.1318537859006
Brazil,BRA,2019,18018.621,South America,BRA,93.0,7.66,206107265.0,South America,2352.3003916449084
Brazil,BRA,2020,17327.516,South America,BRA,93.0,8.0,208660845.0,South America,2165.9395
Brazil,BRA,2021,18075.705,South America,BRA,93.0,8.0,208660845.0,South America,2259.463125
Brazil,BRA,2022,18554.047,South America,BRA,93.0,8.0,208660845.0,South America,2319.255875
Brazil,BRA,2023,19079.812,South America,BRA,93.0,8.0,208660845.0,South America,2384.9765
Brunei,BRN,1990,118163.68,Asia,BRN,78.0,8.0,191990.0,Asia,14770.46
Brunei,BRN,1991,118220.69,Asia,BRN,88.0,8.0,262604.0,Asia,14777.58625
Brunei,BRN,1992,111457.22,Asia,BRN,88.0,8.0,262604.0,Asia,13932.1525
Brunei,BRN,1993,107899.13,Asia,BRN,88.0,8.0,262604.0,Asia,13487.39125
Brunei,BRN,1994,106239.234,Asia,BRN,88.0,8.0,262604.0,Asia,13279.90425
Brunei,BRN,1995,105043.85,Asia,BRN,88.0,8.0,262604.0,Asia,13130.48125
Brunei,BRN,1996,102522.125,Asia,BRN,88.0,8.0,262604.0,Asia,12815.265625
Brunei,BRN,1997,106503.42,Asia,BRN,88.0,8.0,262604.0,Asia,13312.9275
Brunei,BRN,1998,97171.64,Asia,BRN,88.0,8.0,262604.0,Asia,12146.455
Brunei,BRN,1999,99083.32,Asia,BRN,88.0,8.0,262604.0,Asia,12385.415
Brunei,BRN,2000,100323.44,Asia,BRN,88.0,8.0,262604.0,Asia,12540.43
Brunei,BRN,2001,99680.766,Asia,BRN,93.0,8.0,333353.0,Asia,12460.09575
Brunei,BRN,2002,101571.586,Asia,BRN,93.0,8.0,333353.0,Asia,12696.44825
Brunei,BRN,2003,103226.914,Asia,BRN,93.0,8.0,333353.0,Asia,12903.36425
Brunei,BRN,2004,101497.76,Asia,BRN,93.0,8.0,333353.0,Asia,12687.22
Brunei,BRN,2005,99795.69,Asia,BRN,93.0,8.0,333353.0,Asia,12474.46125
Brunei,BRN,2006,102248.51,Asia,BRN,93.0,8.0,333353.0,Asia,12781.06375
Brunei,BRN,2007,96752.62,Asia,BRN,93.0,8.0,333353.0,Asia,12094.0775
Brunei,BRN,2008,91275.5,Asia,BRN,93.0,8.0,333353.0,Asia,11409.4375
Brunei,BRN,2009,87875.83,Asia,BRN,93.0,8.0,333353.0,Asia,10984.47875
Brunei,BRN,2010,88586.516,Asia,BRN,93.0,8.0,333353.0,Asia,11073.3145
Brunei,BRN,2011,90279.664,Asia,BRN,96.0,8.0,399395.0,Asia,11284.958
Brunei,BRN,2012,89718.46,Asia,BRN,96.0,8.0,399395.0,Asia,11214.8075
Brunei,BRN,2013,86606.65,Asia,BRN,96.0,8.0,399395.0,Asia,10825.83125
Brunei,BRN,2014,83310.62,Asia,BRN,96.0,8.0,399395.0,Asia,10413.8275
Brunei,BRN,2015,81910.19,Asia,BRN,96.0,9.08,422223.0,Asia,9020.94603524229
Brunei,BRN,2016,78880.625,Asia,BRN,96.0,9.08,422223.0,Asia,8687.293502202643
Brunei,BRN,2017,78966.87,Asia,BRN,96.0,9.08,422223.0,Asia,8696.791850220263
Brunei,BRN,2018,78099.05,Asia,BRN,96.0,9.08,422223.0,Asia,8601.216960352423
Brunei,BRN,2019,80228.16,Asia,BRN,96.0,9.08,422223.0,Asia,8835.700440528635
Brunei,BRN,2020,80280.9,Asia,BRN,96.0,9.28,447411.0,Asia,8650.959051724138
Brunei,BRN,2021,78248.8,Asia,BRN,96.0,9.28,447411.0,Asia,8431.98275862069
Brunei,BRN,2022,76357.83,Asia,BRN,96.0,9.28,447411.0,Asia,8228.214439655174
Brunei,BRN,2023,76616.7,Asia,BRN,96.0,9.28,447411.0,Asia,8256.109913793103
Bulgaria,BGR,1990,14954.961,Europe,BGR,77.5,8.68,8822366.0,Europe,1722.9217741935483
Bulgaria,BGR,1991,13828.244,Europe,BGR,77.5,8.68,8822366.0,Europe,1593.1156682027652
Bulgaria,BGR,1992,12961.038,Europe,BGR,77.5,8.68,8822366.0,Europe,1493.207142857143
Bulgaria,BGR,1993,12871.45,Europe,BGR,77.5,8.68,8822366.0,Europe,1482.8859447004609
Bulgaria,BGR,1994,13150.034,Europe,BGR,77.5,8.68,8822366.0,Europe,1514.9808755760369
Bulgaria,BGR,1995,13591.41,Europe,BGR,77.5,9.31,8357576.0,Europe,1459.8721804511276
Bulgaria,BGR,1996,14372.831,Europe,BGR,77.5,9.31,8357576.0,Europe,1543.805692803437
Bulgaria,BGR,1997,12419.431,Europe,BGR,77.5,9.31,8357576.0,Europe,1333.9882921589688
Bulgaria,BGR,1998,12976.321,Europe,BGR,77.5,9.31,8357576.0,Europe,1393.804618689581
Bulgaria,BGR,1999,11953.647,Europe,BGR,77.5,9.31,8357576.0,Europe,1283.9577873254566
Bulgaria,BGR,2000,12563.888,Europe,BGR,77.5,9.65,8000519.0,Europe,1301.9573056994818
Bulgaria,BGR,2001,13306.56,Europe,BGR,98.0,9.65,7928455.0,Europe,1378.9181347150259
Bulgaria,BGR,2002,14397.061,Europe,BGR,98.0,9.65,7928455.0,Europe,1491.923419689119
Bulgaria,BGR,2003,15271.547,Europe,BGR,98.0,9.65,7928455.0,Europe,1582.5437305699481
Bulgaria,BGR,2004,16389.027,Europe,BGR,98.0,9.65,7928455.0,Europe,1698.344766839378
Bulgaria,BGR,2005,17678.107,Europe,BGR,98.0,10.61,7695047.0,Europe,1666.174081055608
Bulgaria,BGR,2006,19024.623,Europe,BGR,98.0,10.61,7695047.0,Europe,1793.0841658812442
Bulgaria,BGR,2007,20440.338,Europe,BGR,98.0,10.61,7695047.0,Europe,1926.5163053722904
Bulgaria,BGR,2008,21846.045,Europe,BGR,98.0,10.61,7695047.0,Europe,2059.005183788878
Bulgaria,BGR,2009,21251.305,Europe,BGR,98.0,10.61,7695047.0,Europe,2002.9505183788879
Bulgaria,BGR,2010,21724.377,Europe,BGR,98.0,11.07,7437594.0,Europe,1962.4550135501354
Bulgaria,BGR,2011,22321.125,Europe,BGR,98.0,11.07,7380023.0,Europe,2016.361788617886
Bulgaria,BGR,2012,22618.904,Europe,BGR,98.0,11.07,7380023.0,Europe,2043.2614272809392
Bulgaria,BGR,2013,22954.492,Europe,BGR,98.0,11.07,7380023.0,Europe,2073.576513098464
Bulgaria,BGR,2014,23455.58,Europe,BGR,98.0,11.07,7380023.0,Europe,2118.8419150858176
Bulgaria,BGR,2015,24562.75,Europe,BGR,98.0,10.71,7177515.0,Europe,2293.44070961718
Bulgaria,BGR,2016,25636.852,Europe,BGR,98.0,10.71,7177515.0,Europe,2393.7303454715216
Bulgaria,BGR,2017,26691.87,Europe,BGR,98.0,10.71,7177515.0,Europe,2492.238095238095
Bulgaria,BGR,2018,27691.01,Europe,BGR,98.0,10.71,7177515.0,Europe,2585.5284780578895
Bulgaria,BGR,2019,29150.043,Europe,BGR,98.0,10.71,7177515.0,Europe,2721.7593837535014
Bulgaria,BGR,2020,28521.324,Europe,BGR,98.0,10.75,6933656.0,Europe,2653.146418604651
Bulgaria,BGR,2021,30959.111,Europe,BGR,98.0,10.75,6933656.0,Europe,2879.9173023255817
Bulgaria,BGR,2022,32433.793,Europe,BGR,98.0,10.75,6933656.0,Europe,3017.0970232558143
Bulgaria,BGR,2023,33073.816,Europe,BGR,98.0,10.75,6933656.0,Europe,3076.6340465116277
Burkina Faso,BFA,1990,1107.856,Africa,BFA,9.0,10.75,6147575.0,Africa,103.05637209302326
Burkina Faso,BFA,1991,1178.077,Africa,BFA,14.0,10.75,9394631.0,Africa,109.58855813953488
Burkina Faso,BFA,1992,1152.0448,Africa,BFA,14.0,10.75,9394631.0,Africa,107.16695813953487
Burkina Faso,BFA,1993,1162.6493,Africa,BFA,14.0,10.75,9394631.0,Africa,108.15342325581396
Burkina Faso,BFA,1994,1148.6072,Africa,BFA,14.0,10.75,9394631.0,Africa,106.84718139534883
Burkina Faso,BFA,1995,1183.5286,Africa,BFA,14.0,10.75,9394631.0,Africa,110.09568372093024
Burkina Faso,BFA,1996,1280.696,Africa,BFA,13.0,10.75,10655943.0,Africa,119.13451162790697
Burkina Faso,BFA,1997,1326.9423,Africa,BFA,13.0,10.75,10655943.0,Africa,123.4364930232558
Burkina Faso,BFA,1998,1385.0931,Africa,BFA,13.0,10.75,10655943.0,Africa,128.84586976744185
Burkina Faso,BFA,1999,1444.5669,Africa,BFA,13.0,10.75,10655943.0,Africa,134.37831627906976
Burkina Faso,BFA,2000,1428.574,Africa,BFA,13.0,10.75,10655943.0,Africa,132.8906046511628
Burkina Faso,BFA,2001,1477.2849,Africa,BFA,13.0,10.75,10655943.0,Africa,137.42185116279072
Burkina Faso,BFA,2002,1494.678,Africa,BFA,13.0,10.75,10655943.0,Africa,139.0398139534884
Burkina Faso,BFA,2003,1561.8331,Africa,BFA,22.0,10.75,13082530.0,Africa,145.2868
Burkina Faso,BFA,2004,1581.2562,Africa,BFA,22.0,10.75,13082530.0,Africa,147.0936
Burkina Faso,BFA,2005,1664.9955,Africa,BFA,24.0,10.75,13932127.0,Africa,154.88330232558138
Burkina Faso,BFA,2006,1714.7604,Africa,BFA,22.0,10.75,14373713.0,Africa,159.5125953488372
Burkina Faso,BFA,2007,1731.9304,Africa,BFA,28.0,10.75,14816313.0,Africa,161.1098046511628
Burkina Faso,BFA,2008,1779.3271,Africa,BFA,28.0,10.75,14816313.0,Africa,165.5188
Burkina Faso,BFA,2009,1779.323,Africa,BFA,28.0,10.75,14816313.0,Africa,165.51841860465117
Burkina Faso,BFA,2010,1873.9714,Africa,BFA,28.0,10.75,14816313.0,Africa,174.32292093023256
Burkina Faso,BFA,2011,1939.8666,Africa,BFA,28.0,10.75,14816313.0,Africa,180.4527069767442
Burkina Faso,BFA,2012,2003.6647,Africa,BFA,28.0,10.75,14816313.0,Africa,186.38741395348836
Burkina Faso,BFA,2013,2057.064,Africa,BFA,28.0,10.75,14816313.0,Africa,191.35479069767442
Burkina Faso,BFA,2014,2083.1985,Africa,BFA,35.0,10.75,18229466.0,Africa,193.78590697674417
Burkina Faso,BFA,2015,2101.7026,Africa,BFA,35.0,10.75,18229466.0,Africa,195.50721860465117
Burkina Faso,BFA,2016,2162.7258,Africa,BFA,35.0,10.75,18229466.0,Africa,201.18379534883724
Burkina Faso,BFA,2017,2232.2878,Africa,BFA,35.0,10.75,18229466.0,Africa,207.65467906976744
Burkina Faso,BFA,2018,2316.3943,Africa,BFA,39.0,10.75,20438289.0,Africa,215.4785395348837
Burkina Faso,BFA,2019,2391.5364,Africa,BFA,30.0,10.75,20961956.0,Africa,222.4685023255814
Burkina Faso,BFA,2020,2380.9316,Africa,BFA,30.0,10.75,20961956.0,Africa,221.48200930232557
Burkina Faso,BFA,2021,2486.431,Africa,BFA,36.96738,10.75,21995249.0,Africa,231.2959069767442
Burkina Faso,BFA,2022,2469.1995,Africa,BFA,40.92361,10.75,22509038.0,Africa,229.69297674418607
Burkina Faso,BFA,2023,2486.2068,Africa,BFA,40.92361,10.75,22509038.0,Africa,231.2750511627907
Burundi,BDI,1990,1460.2765,Africa,BDI,37.0,10.75,5587051.0,Africa,135.83967441860466
Burundi,BDI,1991,1501.846,Africa,BDI,37.0,10.75,5587051.0,Africa,139.7066046511628
Burundi,BDI,1992,1476.9944,Africa,BDI,37.0,10.75,5587051.0,Africa,137.39482790697676
Burundi,BDI,1993,1429.1213,Africa,BDI,37.0,10.75,5587051.0,Africa,132.94151627906976
Burundi,BDI,1994,1365.4835,Africa,BDI,37.0,10.75,5587051.0,Africa,127.02172093023256
Burundi,BDI,1995,1184.284,Africa,BDI,37.0,10.75,5587051.0,Africa,110.1659534883721
Burundi,BDI,1996,1088.7893,Africa,BDI,37.0,10.75,5587051.0,Africa,101.28272558139534
Burundi,BDI,1997,1071.5594,Africa,BDI,37.0,10.75,5587051.0,Africa,99.67994418604653
Burundi,BDI,1998,1101.2205,Africa,BDI,37.0,10.75,5587051.0,Africa,102.43911627906976
Burundi,BDI,1999,1064.2876,Africa,BDI,37.0,10.75,5587051.0,Africa,99.00349767441861
Burundi,BDI,2000,1033.4719,Africa,BDI,59.0,10.75,6470196.0,Africa,96.13692093023256
Burundi,BDI,2001,1028.6185,Africa,BDI,59.0,10.75,6470196.0,Africa,95.68544186046512
Burundi,BDI,2002,1044.4802,Africa,BDI,59.0,10.75,6470196.0,Africa,97.1609488372093
Burundi,BDI,2003,999.6158,Africa,BDI,59.0,10.75,6470196.0,Africa,92.98751627906977
Burundi,BDI,2004,1009.5892,Africa,BDI,59.0,10.75,6470196.0,Africa,93.91527441860465
Burundi,BDI,2005,981.5332,Africa,BDI,59.0,10.75,6470196.0,Africa,91.30541395348837
Burundi,BDI,2006,998.06946,Africa,BDI,59.0,10.75,6470196.0,Africa,92.84367069767443
Burundi,BDI,2007,994.96356,Africa,BDI,59.0,10.75,6470196.0,Africa,92.55474976744186
Burundi,BDI,2008,1001.6175,Africa,BDI,48.0,10.75,8505643.0,Africa,93.17372093023255
Burundi,BDI,2009,988.19635,Africa,BDI,48.0,10.75,8505643.0,Africa,91.92524186046512
Burundi,BDI,2010,991.0389,Africa,BDI,48.0,10.75,8505643.0,Africa,92.18966511627907
Burundi,BDI,2011,994.6912,Africa,BDI,48.0,10.75,8505643.0,Africa,92.52941395348837
Burundi,BDI,2012,1002.27454,Africa,BDI,48.0,10.75,8505643.0,Africa,93.23484093023256
Burundi,BDI,2013,1014.5231,Africa,BDI,48.0,10.75,8505643.0,Africa,94.37424186046512
Burundi,BDI,2014,1022.29156,Africa,BDI,62.0,10.75,10799789.0,Africa,95.09688930232558
Burundi,BDI,2015,995.3191,Africa,BDI,62.0,4.3,11047581.0,Africa,231.4695581395349
Burundi,BDI,2016,1009.636,Africa,BDI,65.68774,4.3,11239459.0,Africa,234.79906976744186
Burundi,BDI,2017,1023.9704,Africa,BDI,68.0,4.3,11506764.0,Africa,238.13265116279072
Burundi,BDI,2018,1046.5951,Africa,BDI,68.0,4.3,11506764.0,Africa,243.39420930232558
Burundi,BDI,2019,1057.9501,Africa,BDI,68.0,4.3,11506764.0,Africa,246.0349069767442
Burundi,BDI,2020,1030.7703,Africa,BDI,68.0,5.05,12617041.0,Africa,204.1129306930693
Burundi,BDI,2021,1035.5386,Africa,BDI,68.0,5.05,12617041.0,Africa,205.05714851485152
Burundi,BDI,2022,1031.2542,Africa,BDI,68.0,5.05,12617041.0,Africa,204.20875247524754
Burundi,BDI,2023,1036.1671,Africa,BDI,68.0,5.05,12617041.0,Africa,205.18160396039602
Cambodia,KHM,1990,2646.098,Asia,KHM,17.5,3.2,7374754.0,Asia,826.905625
Cambodia,KHM,1991,2731.3796,Asia,KHM,17.5,3.2,7374754.0,Asia,853.5561250000001
Cambodia,KHM,1992,2769.4883,Asia,KHM,17.5,3.2,7374754.0,Asia,865.4650937499999
Cambodia,KHM,1993,2714.5916,Asia,KHM,17.5,3.2,7374754.0,Asia,848.309875
Cambodia,KHM,1994,1650.391,Asia,KHM,17.5,3.2,7374754.0,Asia,515.7471875
Cambodia,KHM,1995,1672.7393,Asia,KHM,17.5,3.41,10018500.0,Asia,490.53938416422284
Cambodia,KHM,1996,1643.0157,Asia,KHM,17.5,3.41,10018500.0,Asia,481.8227859237536
Cambodia,KHM,1997,1595.1713,Asia,KHM,17.5,3.41,10018500.0,Asia,467.7921700879765
Cambodia,KHM,1998,1602.3837,Asia,KHM,67.0,3.41,12058180.0,Asia,469.90724340175956
Cambodia,KHM,1999,1775.4124,Asia,KHM,67.0,3.41,12058180.0,Asia,520.6487976539589
Cambodia,KHM,2000,1922.0317,Asia,KHM,67.0,3.64,12462343.0,Asia,528.0306868131868
Cambodia,KHM,2001,2032.0809,Asia,KHM,67.0,3.64,12462343.0,Asia,558.2639835164834
Cambodia,KHM,2002,2126.3416,Asia,KHM,67.0,3.64,12462343.0,Asia,584.1597802197803
Cambodia,KHM,2003,2309.8394,Asia,KHM,67.0,3.64,12462343.0,Asia,634.5712637362636
Cambodia,KHM,2004,2491.3093,Asia,KHM,74.0,3.64,13244737.0,Asia,684.4256318681319
Cambodia,KHM,2005,2781.8904,Asia,KHM,74.0,4.26,13439203.0,Asia,653.0259154929578
Cambodia,KHM,2006,3041.1047,Asia,KHM,74.0,4.26,13439203.0,Asia,713.8743427230047
Cambodia,KHM,2007,3308.1575,Asia,KHM,74.0,4.26,13439203.0,Asia,776.5627934272301
Cambodia,KHM,2008,3501.9258,Asia,KHM,77.0,4.26,14053479.0,Asia,822.048309859155
Cambodia,KHM,2009,3587.609,Asia,KHM,76.0,4.26,14276819.0,Asia,842.1617370892019
Cambodia,KHM,2010,3711.5376,Asia,KHM,76.0,4.94,14500730.0,Asia,751.3234008097165
Cambodia,KHM,2011,3921.979,Asia,KHM,76.0,4.94,14500730.0,Asia,793.922874493927
Cambodia,KHM,2012,4159.1636,Asia,KHM,76.0,4.94,14500730.0,Asia,841.9359514170039
Cambodia,KHM,2013,4419.399,Asia,KHM,76.0,4.94,14500730.0,Asia,894.6151821862348
Cambodia,KHM,2014,4702.7305,Asia,KHM,78.0,4.94,15396771.0,Asia,951.9697368421051
Cambodia,KHM,2015,4968.5728,Asia,KHM,81.0,5.32,15623253.0,Asia,933.9422556390977
Cambodia,KHM,2016,5283.7295,Asia,KHM,81.0,5.32,15623253.0,Asia,993.1822368421052
Cambodia,KHM,2017,5632.0312,Asia,KHM,81.0,5.32,15623253.0,Asia,1058.6524812030075
Cambodia,KHM,2018,6050.591,Asia,KHM,81.0,5.32,15623253.0,Asia,1137.3291353383458
Cambodia,KHM,2019,6448.885,Asia,KHM,81.0,5.32,15623253.0,Asia,1212.1964285714284
Cambodia,KHM,2020,6128.782,Asia,KHM,81.0,5.81,16725484.0,Asia,1054.8678141135974
Cambodia,KHM,2021,6225.5327,Asia,KHM,71.92725,5.81,16974309.0,Asia,1071.5202581755593
Cambodia,KHM,2022,6458.368,Asia,KHM,71.92725,5.81,16974309.0,Asia,1111.5951807228917
Cambodia,KHM,2023,6695.292,Asia,KHM,71.92725,5.81,16974309.0,Asia,1152.373838209983
Cameroon,CMR,1990,4517.6187,Africa,CMR,41.0,4.65,11331827.0,Africa,971.5309032258064
Cameroon,CMR,1991,4220.653,Africa,CMR,41.0,4.65,11331827.0,Africa,907.667311827957
Cameroon,CMR,1992,3974.2776,Africa,CMR,41.0,4.65,11331827.0,Africa,854.6833548387095
Cameroon,CMR,1993,3556.3186,Africa,CMR,41.0,4.65,11331827.0,Africa,764.7996989247312
Cameroon,CMR,1994,3522.7488,Africa,CMR,41.0,4.65,11331827.0,Africa,757.5803870967741
Cameroon,CMR,1995,3526.5437,Africa,CMR,41.0,5.3,13058517.0,Africa,665.385603773585
Cameroon,CMR,1996,3577.592,Africa,CMR,41.0,5.3,13058517.0,Africa,675.017358490566
Cameroon,CMR,1997,3641.7075,Africa,CMR,41.0,5.3,13058517.0,Africa,687.1146226415094
Cameroon,CMR,1998,3714.132,Africa,CMR,41.0,5.3,13058517.0,Africa,700.7796226415095
Cameroon,CMR,1999,3780.0623,Africa,CMR,41.0,5.3,13058517.0,Africa,713.2193018867924
Cameroon,CMR,2000,3822.9443,Africa,CMR,68.0,5.76,14912632.0,Africa,663.705607638889
Cameroon,CMR,2001,3884.873,Africa,CMR,68.0,5.76,14912632.0,Africa,674.4571180555556
Cameroon,CMR,2002,3951.4194,Africa,CMR,68.0,5.76,14912632.0,Africa,686.0103125
Cameroon,CMR,2003,4054.7812,Africa,CMR,68.0,5.76,14912632.0,Africa,703.9550694444445
Cameroon,CMR,2004,4222.9663,Africa,CMR,68.0,5.76,14912632.0,Africa,733.1538715277778
Cameroon,CMR,2005,4199.7227,Africa,CMR,68.0,6.06,17074599.0,Africa,693.0235478547855
Cameroon,CMR,2006,4241.5176,Africa,CMR,68.0,6.06,17074599.0,Africa,699.920396039604
Cameroon,CMR,2007,4302.619,Africa,CMR,71.0,6.06,18049897.0,Africa,710.0031353135314
Cameroon,CMR,2008,4300.2666,Africa,CMR,71.0,6.06,18049897.0,Africa,709.6149504950496
Cameroon,CMR,2009,4286.577,Africa,CMR,71.0,6.06,18049897.0,Africa,707.3559405940595
Cameroon,CMR,2010,4286.583,Africa,CMR,71.0,6.41,19668063.0,Africa,668.7336973478939
Cameroon,CMR,2011,4307.852,Africa,CMR,71.0,6.41,19668063.0,Africa,672.0517940717629
Cameroon,CMR,2012,4382.1113,Africa,CMR,71.0,6.41,19668063.0,Africa,683.6367082683306
Cameroon,CMR,2013,4473.5723,Africa,CMR,71.0,6.41,19668063.0,Africa,697.9051950078002
Cameroon,CMR,2014,4588.4863,Africa,CMR,71.0,6.41,19668063.0,Africa,715.8324960998439
Cameroon,CMR,2015,4698.667,Africa,CMR,71.0,7.05,22763418.0,Africa,666.4775886524824
Cameroon,CMR,2016,4767.132,Africa,CMR,71.0,7.05,22763418.0,Africa,676.1889361702127
Cameroon,CMR,2017,4797.9756,Africa,CMR,71.0,7.05,22763418.0,Africa,680.563914893617
Cameroon,CMR,2018,4851.48,Africa,CMR,72.54713,7.05,24806377.0,Africa,688.1531914893617
Cameroon,CMR,2019,4882.3555,Africa,CMR,72.54713,7.05,24806377.0,Africa,692.532695035461
Cameroon,CMR,2020,4763.482,Africa,CMR,72.54713,7.37,26210566.0,Africa,646.3340569877884
Cameroon,CMR,2021,4793.556,Africa,CMR,72.54713,7.37,26210566.0,Africa,650.4146540027136
Cameroon,CMR,2022,4843.6504,Africa,CMR,72.54713,7.37,26210566.0,Africa,657.211723202171
Cameroon,CMR,2023,4875.251,Africa,CMR,72.54713,7.37,26210566.0,Africa,661.4994572591588
Canada,CAN,1990,40475.113,North America,CAN,97.5,10.71,27789437.0,North America,3779.1888888888884
Canada,CAN,1991,39139.312,North America,CAN,97.5,10.71,27789437.0,North America,3654.4642390289446
Canada,CAN,1992,39023.184,North America,CAN,97.5,10.71,27789437.0,North America,3643.621288515406
Canada,CAN,1993,39622.48,North America,CAN,97.5,10.71,27789437.0,North America,3699.577964519141
Canada,CAN,1994,40952.137,North America,CAN,97.5,10.71,27789437.0,North America,3823.7289449112977
Canada,CAN,1995,41617.723,North America,CAN,97.5,11.11,29459138.0,North America,3745.969666966697
Canada,CAN,1996,41880.55,North America,CAN,97.5,11.11,29459138.0,North America,3769.6264626462653
Canada,CAN,1997,43241.242,North America,CAN,97.5,11.11,29459138.0,North America,3892.10099009901
Canada,CAN,1998,44553.28,North America,CAN,97.5,11.11,29459138.0,North America,4010.1962196219624
Canada,CAN,1999,46464.547,North America,CAN,97.5,11.11,29459138.0,North America,4182.227452745275
Canada,CAN,2000,48399.305,North America,CAN,97.5,11.39,30891800.0,North America,4249.280509218613
Canada,CAN,2001,48774.168,North America,CAN,97.5,11.39,30891800.0,North America,4282.19209833187
Canada,CAN,2002,49695.008,North America,CAN,97.5,11.39,30891800.0,North America,4363.038454784899
Canada,CAN,2003,50139.785,North America,CAN,97.5,11.39,30891800.0,North America,4402.088235294118
Canada,CAN,2004,51210.68,North America,CAN,97.5,11.39,30891800.0,North America,4496.108867427568
Canada,CAN,2005,52356.56,North America,CAN,97.5,12.49,32440172.0,North America,4191.878302642113
Canada,CAN,2006,53195.78,North America,CAN,97.5,12.49,32440172.0,North America,4259.069655724579
Canada,CAN,2007,53761.863,North America,CAN,97.5,12.49,32440172.0,North America,4304.392554043235
Canada,CAN,2008,53711.68,North America,CAN,97.5,12.49,32440172.0,North America,4300.374699759808
Canada,CAN,2009,51552.42,North America,CAN,97.5,12.49,32440172.0,North America,4127.495596477182
Canada,CAN,2010,52558.44,North America,CAN,97.5,12.74,34196900.0,North America,4125.466248037676
Canada,CAN,2011,53681.13,North America,CAN,97.5,12.74,34196900.0,North America,4213.589481946625
Canada,CAN,2012,54034.805,North America,CAN,97.5,12.74,34196900.0,North America,4241.350470957614
Canada,CAN,2013,54712.18,North America,CAN,97.5,12.74,34196900.0,North America,4294.5196232339085
Canada,CAN,2014,55723.484,North America,CAN,97.5,12.74,34196900.0,North America,4373.899843014128
Canada,CAN,2015,55660.867,North America,CAN,97.5,12.83,35962236.0,North America,4338.337256430242
Canada,CAN,2016,55606.156,North America,CAN,97.5,12.83,35962236.0,North America,4334.07295401403
Canada,CAN,2017,56612.33,North America,CAN,97.5,12.83,35962236.0,North America,4412.496492595479
Canada,CAN,2018,57337.492,North America,CAN,97.5,12.83,35962236.0,North America,4469.017303195635
Canada,CAN,2019,57583.848,North America,CAN,97.5,12.83,35962236.0,North America,4488.218862042088
Canada,CAN,2020,54092.88,North America,CAN,97.5,12.93,38171903.0,North America,4183.517401392111
Canada,CAN,2021,56995.117,North America,CAN,97.5,12.93,38171903.0,North America,4407.97501933488
Canada,CAN,2022,58321.062,North America,CAN,97.5,12.93,38171903.0,North America,4510.522969837587
Canada,CAN,2023,57517.44,North America,CAN,97.5,12.93,38171903.0,North America,4448.371229698376
Cape Verde,CPV,1990,1848.7587,Africa,CPV,63.0,12.93,375437.0,Africa,142.98211136890953
Cape Verde,CPV,1991,1830.076,Africa,CPV,63.0,12.93,375437.0,Africa,141.5372003093581
Cape Verde,CPV,1992,1984.6807,Africa,CPV,63.0,12.93,375437.0,Africa,153.4942536736272
Cape Verde,CPV,1993,2111.6213,Africa,CPV,63.0,12.93,375437.0,Africa,163.31177880897138
Cape Verde,CPV,1994,2465.994,Africa,CPV,63.0,12.93,375437.0,Africa,190.7187935034803
Cape Verde,CPV,1995,2763.3972,Africa,CPV,63.0,12.93,375437.0,Africa,213.7198143851508
Cape Verde,CPV,1996,3022.8882,Africa,CPV,63.0,12.93,375437.0,Africa,233.78872389791184
Cape Verde,CPV,1997,3302.974,Africa,CPV,63.0,12.93,375437.0,Africa,255.45042536736275
Cape Verde,CPV,1998,3657.381,Africa,CPV,63.0,12.93,375437.0,Africa,282.86009280742456
Cape Verde,CPV,1999,4006.4797,Africa,CPV,63.0,12.93,375437.0,Africa,309.859218870843
Cape Verde,CPV,2000,4510.1357,Africa,CPV,63.0,12.93,375437.0,Africa,348.8117324052591
Cape Verde,CPV,2001,4540.907,Africa,CPV,63.0,12.93,375437.0,Africa,351.19156999226607
Cape Verde,CPV,2002,4710.241,Africa,CPV,63.0,12.93,375437.0,Africa,364.2877803557618
Cape Verde,CPV,2003,4841.2656,Africa,CPV,63.0,12.93,375437.0,Africa,374.4211600928074
Cape Verde,CPV,2004,5268.303,Africa,CPV,63.0,12.93,375437.0,Africa,407.44802784222736
Cape Verde,CPV,2005,5565.7695,Africa,CPV,63.0,12.93,375437.0,Africa,430.4539443155453
Cape Verde,CPV,2006,5941.3823,Africa,CPV,63.0,12.93,375437.0,Africa,459.50365815931946
Cape Verde,CPV,2007,6767.4067,Africa,CPV,63.0,12.93,375437.0,Africa,523.3879891724671
Cape Verde,CPV,2008,7169.1396,Africa,CPV,63.0,12.93,375437.0,Africa,554.4578190255221
Cape Verde,CPV,2009,6994.574,Africa,CPV,63.0,12.93,375437.0,Africa,540.9569992266048
Cape Verde,CPV,2010,7072.1216,Africa,CPV,63.0,12.93,375437.0,Africa,546.9544934261409
Cape Verde,CPV,2011,7325.784,Africa,CPV,63.0,12.93,375437.0,Africa,566.5726218097448
Cape Verde,CPV,2012,7397.8223,Africa,CPV,85.0,12.93,511966.0,Africa,572.1440293890178
Cape Verde,CPV,2013,7440.6626,Africa,CPV,85.0,12.93,511966.0,Africa,575.4572776488785
Cape Verde,CPV,2014,7491.022,Africa,CPV,85.0,12.93,511966.0,Africa,579.3520494972931
Cape Verde,CPV,2015,7560.1367,Africa,CPV,87.0,12.93,512405.0,Africa,584.697347254447
Cape Verde,CPV,2016,7881.303,Africa,CPV,87.0,12.93,512405.0,Africa,609.5361948955916
Cape Verde,CPV,2017,8234.56,Africa,CPV,87.0,12.93,512405.0,Africa,636.8569218870842
Cape Verde,CPV,2018,8531.13,Africa,CPV,87.0,12.93,512405.0,Africa,659.7935034802783
Cape Verde,CPV,2019,9111.63,Africa,CPV,87.0,12.93,512405.0,Africa,704.6890951276101
Cape Verde,CPV,2020,7207.8687,Africa,CPV,87.0,12.93,512405.0,Africa,557.453109048724
Cape Verde,CPV,2021,7685.4194,Africa,CPV,87.0,12.93,512405.0,Africa,594.3866511987626
Cape Verde,CPV,2022,8850.106,Africa,CPV,87.0,12.93,512405.0,Africa,684.462954369683
Cape Verde,CPV,2023,9228.461,Africa,CPV,87.0,12.93,512405.0,Africa,713.7247486465584
Cayman Islands,CYM,2006,92213.08,North America,CPV,87.0,12.93,512405.0,Africa,7131.715390564579
Cayman Islands,CYM,2007,92343.73,North America,CYM,99.0,12.93,49709.0,North America,7141.819798917247
Cayman Islands,CYM,2008,89380.15,North America,CYM,99.0,12.93,49709.0,North America,6912.617942768755
Cayman Islands,CYM,2009,80631.84,North America,CYM,99.0,12.93,49709.0,North America,6236.027842227378
Cayman Islands,CYM,2010,76294.766,North America,CYM,99.0,12.93,49709.0,North America,5900.600618716165
Cayman Islands,CYM,2011,75094.83,North America,CYM,99.0,12.93,49709.0,North America,5807.798143851508
Cayman Islands,CYM,2012,73982.68,North America,CYM,99.0,12.93,49709.0,North America,5721.784996133024
Cayman Islands,CYM,2013,72988.7,North America,CYM,99.0,12.93,49709.0,North America,5644.91105955143
Cayman Islands,CYM,2014,73051.81,North America,CYM,99.0,12.93,49709.0,North America,5649.791956689868
Cayman Islands,CYM,2015,73315.38,North America,CYM,99.0,12.93,49709.0,North America,5670.176334106729
Cayman Islands,CYM,2016,73941.86,North America,CYM,99.0,12.93,49709.0,North America,5718.627996906419
Cayman Islands,CYM,2017,74599.68,North America,CYM,99.0,12.93,49709.0,North America,5769.503480278422
Cayman Islands,CYM,2018,76124.55,North America,CYM,99.0,12.93,49709.0,North America,5887.436194895592
Cayman Islands,CYM,2019,77476.84,North America,CYM,99.0,12.93,49709.0,North America,5992.021655065739
Cayman Islands,CYM,2020,72183.13,North America,CYM,99.0,12.93,49709.0,North America,5582.608662026296
Cayman Islands,CYM,2021,74160.49,North America,CYM,99.0,12.93,49709.0,North America,5735.536736272235
Cayman Islands,CYM,2022,76818.8,North America,CYM,99.0,12.93,49709.0,North America,5941.129156999227
Cayman Islands,CYM,2023,79675.86,North America,CYM,99.0,12.93,49709.0,North America,6162.092807424594
Central African Republic,CAF,1990,1481.2526,Africa,CAF,34.0,12.93,2713967.0,Africa,114.55936581593194
Central African Republic,CAF,1991,1427.6902,Africa,CAF,34.0,12.93,2713967.0,Africa,110.41687548337201
Central African Republic,CAF,1992,1294.2025,Africa,CAF,34.0,12.93,2713967.0,Africa,100.09300077339522
Central African Republic,CAF,1993,1257.8284,Africa,CAF,34.0,12.93,2713967.0,Africa,97.27984532095903
Central African Republic,CAF,1994,1278.915,Africa,CAF,34.0,12.93,2713967.0,Africa,98.9106728538283
Central African Republic,CAF,1995,1334.1033,Africa,CAF,34.0,12.93,2713967.0,Africa,103.17890951276102
Central African Republic,CAF,1996,1247.9688,Africa,CAF,34.0,12.93,2713967.0,Africa,96.51730858468679
Central African Republic,CAF,1997,1278.4883,Africa,CAF,34.0,12.93,2713967.0,Africa,98.8776720804331
Central African Republic,CAF,1998,1302.7515,Africa,CAF,34.0,12.93,2713967.0,Africa,100.75417633410673
Central African Republic,CAF,1999,1313.2357,Africa,CAF,34.0,12.93,2713967.0,Africa,101.56501933488012
Central African Republic,CAF,2000,1245.814,Africa,CAF,51.0,12.93,3833421.0,Africa,96.35065738592422
Central African Republic,CAF,2001,1272.857,Africa,CAF,51.0,12.93,3833421.0,Africa,98.44215003866977
Central African Republic,CAF,2002,1290.3832,Africa,CAF,51.0,12.93,3833421.0,Africa,99.79761794276875
Central African Republic,CAF,2003,1191.8732,Africa,CAF,51.0,12.93,3833421.0,Africa,92.17890177880898
Central African Republic,CAF,2004,1236.2854,Africa,CAF,51.0,12.93,3833421.0,Africa,95.61372003093581
Central African Republic,CAF,2005,1219.594,Africa,CAF,51.0,12.93,3833421.0,Africa,94.32281515854602
Central African Republic,CAF,2006,1251.8708,Africa,CAF,51.0,12.93,3833421.0,Africa,96.81908739365815
Central African Republic,CAF,2007,1284.5529,Africa,CAF,51.0,12.93,3833421.0,Africa,99.34670533642691
Central African Republic,CAF,2008,1283.2728,Africa,CAF,51.0,12.93,3833421.0,Africa,99.2477030162413
Central African Republic,CAF,2009,1402.6816,Africa,CAF,51.0,12.93,3833421.0,Africa,108.48272235112141
Central African Republic,CAF,2010,1479.4137,Africa,CAF,51.0,12.93,3833421.0,Africa,114.41714617169374
Central African Republic,CAF,2011,1517.1484,Africa,CAF,51.0,12.93,3833421.0,Africa,117.3355297757154
Central African Republic,CAF,2012,1577.9806,Africa,CAF,51.0,12.93,3833421.0,Africa,122.0402629543697
Central African Republic,CAF,2013,996.89636,Africa,CAF,51.0,12.93,3833421.0,Africa,77.09948646558391
Central African Republic,CAF,2014,1001.85596,Africa,CAF,51.0,12.93,3833421.0,Africa,77.48305955143078
Central African Republic,CAF,2015,1043.9218,Africa,CAF,51.0,4.21,4629322.0,Africa,247.96242280285037
Central African Republic,CAF,2016,1073.9448,Africa,CAF,51.0,4.21,4629322.0,Africa,255.09377672209027
Central African Republic,CAF,2017,1103.8661,Africa,CAF,51.0,4.21,4629322.0,Africa,262.20097387173394
Central African Republic,CAF,2018,1125.7009,Africa,CAF,51.0,4.21,4629322.0,Africa,267.3873871733967
Central African Republic,CAF,2019,1145.0956,Africa,CAF,42.44279,4.21,4944708.0,Africa,271.99420427553446
Central African Republic,CAF,2020,1136.5706,Africa,CAF,42.44279,4.64,5026629.0,Africa,244.9505603448276
Central African Republic,CAF,2021,1128.5524,Africa,CAF,42.44279,4.64,5026629.0,Africa,243.22250000000003
Central African Republic,CAF,2022,1136.8018,Africa,CAF,42.44279,4.64,5026629.0,Africa,245.00038793103448
Central African Republic,CAF,2023,1132.6764,Africa,CAF,42.44279,4.64,5026629.0,Africa,244.1112931034483
Central And Southern Asia (Sdg),CAF,1990,1111.2194,Africa,CAF,48.32116,4.64,5026629.0,Africa,239.48693965517242
Central And Southern Asia (Sdg),CAF,1991,1111.2194,Africa,CAF,49.05992,4.64,5026629.0,Africa,239.48693965517242
Central And Southern Asia (Sdg),CAF,1992,1111.2194,Africa,CAF,50.02463,4.64,5026629.0,Africa,239.48693965517242
Central And Southern Asia (Sdg),CAF,1993,1111.2194,Africa,CAF,50.96456,4.64,5026629.0,Africa,239.48693965517242
Central And Southern Asia (Sdg),CAF,1994,1111.2194,Africa,CAF,51.65748,4.64,5026629.0,Africa,239.48693965517242
Central And Southern Asia (Sdg),CAF,1995,1111.2194,Africa,CAF,52.48868,4.64,5026629.0,Africa,239.48693965517242
Central And Southern Asia (Sdg),CAF,1996,1111.2194,Africa,CAF,53.27746,4.64,5026629.0,Africa,239.48693965517242
Central And Southern Asia (Sdg),CAF,1997,1111.2194,Africa,CAF,54.06332,4.64,5026629.0,Africa,239.48693965517242
Central And Southern Asia (Sdg),CAF,1998,1111.2194,Africa,CAF,58.53805,4.64,5026629.0,Africa,239.48693965517242
Central And Southern Asia (Sdg),CAF,1999,1111.2194,Africa,CAF,59.31843,4.64,5026629.0,Africa,239.48693965517242
Central And Southern Asia (Sdg),CAF,2000,1111.2194,Africa,CAF,60.08303,4.64,5026629.0,Africa,239.48693965517242
Central And Southern Asia (Sdg),CAF,2001,1111.2194,Africa,CAF,60.84338,4.64,5026629.0,Africa,239.48693965517242
Central And Southern Asia (Sdg),CAF,2002,1111.2194,Africa,CAF,61.62705,4.64,5026629.0,Africa,239.48693965517242
Central And Southern Asia (Sdg),CAF,2003,1111.2194,Africa,CAF,62.51307,4.64,5026629.0,Africa,239.48693965517242
Central And Southern Asia (Sdg),CAF,2004,1111.2194,Africa,CAF,63.28101,4.64,5026629.0,Africa,239.48693965517242
Central And Southern Asia (Sdg),CAF,2005,1111.2194,Africa,CAF,63.14516,4.64,5026629.0,Africa,239.48693965517242
Central And Southern Asia (Sdg),CAF,2006,1111.2194,Africa,CAF,63.28799,4.64,5026629.0,Africa,239.48693965517242
Central And Southern Asia (Sdg),CAF,2007,1111.2194,Africa,CAF,64.09655,4.64,5026629.0,Africa,239.48693965517242
Central And Southern Asia (Sdg),CAF,2008,1111.2194,Africa,CAF,65.15713,4.64,5026629.0,Africa,239.48693965517242
Central And Southern Asia (Sdg),CAF,2009,1111.2194,Africa,CAF,65.98215,4.64,5026629.0,Africa,239.48693965517242
Central And Southern Asia (Sdg),CAF,2010,1111.2194,Africa,CAF,68.35281,4.64,5026629.0,Africa,239.48693965517242
Central And Southern Asia (Sdg),CAF,2011,1111.2194,Africa,CAF,68.73041,4.64,5026629.0,Africa,239.48693965517242
Central And Southern Asia (Sdg),CAF,2012,1111.2194,Africa,CAF,68.78113,4.64,5026629.0,Africa,239.48693965517242
Central And Southern Asia (Sdg),CAF,2013,1111.2194,Africa,CAF,69.72007,4.64,5026629.0,Africa,239.48693965517242
Central And Southern Asia (Sdg),CAF,2014,1111.2194,Africa,CAF,70.40182,4.64,5026629.0,Africa,239.48693965517242
Central And Southern Asia (Sdg),CAF,2015,1111.2194,Africa,CAF,71.63145,4.64,5026629.0,Africa,239.48693965517242
Central And Southern Asia (Sdg),CAF,2016,1111.2194,Africa,CAF,72.85133,4.64,5026629.0,Africa,239.48693965517242
Central And Southern Asia (Sdg),CAF,2017,1111.2194,Africa,CAF,73.37587,4.64,5026629.0,Africa,239.48693965517242
Central And Southern Asia (Sdg),CAF,2018,1111.2194,Africa,CAF,73.86521,4.64,5026629.0,Africa,239.48693965517242
Central And Southern Asia (Sdg),CAF,2019,1111.2194,Africa,CAF,73.66493,4.64,5026629.0,Africa,239.48693965517242
Central And Southern Asia (Sdg),CAF,2020,1111.2194,Africa,CAF,74.33241,4.64,5026629.0,Africa,239.48693965517242
Central And Southern Asia (Sdg),CAF,2021,1111.2194,Africa,CAF,75.07198,4.64,5026629.0,Africa,239.48693965517242
Central And Southern Asia (Sdg),CAF,2022,1111.2194,Africa,CAF,75.81275,4.64,5026629.0,Africa,239.48693965517242
Central And Southern Asia (Sdg),CAF,2023,1111.2194,Africa,CAF,76.51431,4.64,5026629.0,Africa,239.48693965517242
Chad,TCD,1990,1711.3699,Africa,CAF,76.51431,4.64,5026629.0,Africa,368.8297198275862
Chad,TCD,1991,1790.7379,Africa,CAF,76.51431,4.64,5026629.0,Africa,385.9348922413794
Chad,TCD,1992,1853.6766,Africa,CAF,76.51431,4.64,5026629.0,Africa,399.49926724137936
Chad,TCD,1993,1526.0543,Africa,TCD,11.0,4.64,6629147.0,Africa,328.8910129310345
Chad,TCD,1994,1642.5165,Africa,TCD,11.0,4.64,6629147.0,Africa,353.990625
Chad,TCD,1995,1591.1416,Africa,TCD,11.0,4.64,6629147.0,Africa,342.9184482758621
Chad,TCD,1996,1555.914,Africa,TCD,11.0,4.64,6629147.0,Africa,335.3262931034483
Chad,TCD,1997,1588.0986,Africa,TCD,11.0,4.64,6629147.0,Africa,342.26262931034483
Chad,TCD,1998,1641.0571,Africa,TCD,11.0,4.64,6629147.0,Africa,353.67609913793103
Chad,TCD,1999,1573.5853,Africa,TCD,11.0,4.64,6629147.0,Africa,339.1347629310345
Chad,TCD,2000,1506.7158,Africa,TCD,26.0,4.64,8512092.0,Africa,324.7232327586207
Chad,TCD,2001,1626.5668,Africa,TCD,26.0,4.64,8512092.0,Africa,350.55318965517245
Chad,TCD,2002,1704.273,Africa,TCD,26.0,4.64,8512092.0,Africa,367.3002155172414
Chad,TCD,2003,1878.5858,Africa,TCD,26.0,4.64,8512092.0,Africa,404.86762931034485
Chad,TCD,2004,2400.97,Africa,TCD,28.0,4.64,9920036.0,Africa,517.4504310344828
Chad,TCD,2005,2705.8164,Africa,TCD,28.0,4.64,9920036.0,Africa,583.1500862068966
Chad,TCD,2006,2596.0325,Africa,TCD,28.0,4.64,9920036.0,Africa,559.4897629310345
Chad,TCD,2007,2613.4739,Africa,TCD,28.0,4.64,9920036.0,Africa,563.2486853448277
Chad,TCD,2008,2601.3613,Africa,TCD,28.0,4.64,9920036.0,Africa,560.6382112068966
Chad,TCD,2009,2474.7075,Africa,TCD,28.0,4.64,9920036.0,Africa,533.3421336206897
Chad,TCD,2010,2717.4055,Africa,TCD,28.0,4.64,9920036.0,Africa,585.6477370689655
Chad,TCD,2011,2741.0708,Africa,TCD,28.0,4.64,9920036.0,Africa,590.7480172413793
Chad,TCD,2012,2886.2747,Africa,TCD,28.0,4.64,9920036.0,Africa,622.0419612068965
Chad,TCD,2013,2864.113,Africa,TCD,28.0,4.64,9920036.0,Africa,617.2657327586207
Chad,TCD,2014,2820.678,Africa,TCD,28.0,4.64,9920036.0,Africa,607.9047413793104
Chad,TCD,2015,2822.5793,Africa,TCD,28.0,4.64,9920036.0,Africa,608.3145043103449
Chad,TCD,2016,2622.598,Africa,TCD,22.0,4.64,15114652.0,Africa,565.2150862068966
Chad,TCD,2017,2496.2622,Africa,TCD,22.0,4.64,15114652.0,Africa,537.9875431034484
Chad,TCD,2018,2552.3704,Africa,TCD,22.0,4.64,15114652.0,Africa,550.0798275862069
Chad,TCD,2019,2604.5315,Africa,TCD,30.62792,4.64,16685223.0,Africa,561.3214439655173
Chad,TCD,2020,2513.0293,Africa,TCD,30.62792,4.64,16685223.0,Africa,541.6011422413794
Chad,TCD,2021,2435.0728,Africa,TCD,30.62792,4.64,16685223.0,Africa,524.8001724137931
Chad,TCD,2022,2449.4824,Africa,TCD,30.62792,4.64,16685223.0,Africa,527.9056896551724
Chad,TCD,2023,2433.0989,Africa,TCD,30.62792,4.64,16685223.0,Africa,524.3747629310345
Chile,CHL,1990,10952.655,South America,CHL,91.0,8.58,13437181.0,South America,1276.5332167832169
Chile,CHL,1991,11607.53,South America,CHL,91.0,8.58,13437181.0,South America,1352.8589743589744
Chile,CHL,1992,12735.602,South America,CHL,94.0,8.58,13884579.0,South America,1484.3358974358976
Chile,CHL,1993,13377.306,South America,CHL,94.0,8.58,13884579.0,South America,1559.1265734265735
Chile,CHL,1994,13846.349,South America,CHL,94.0,8.58,13884579.0,South America,1613.7935897435898
Chile,CHL,1995,14908.035,South America,CHL,94.0,8.92,14527382.0,South America,1671.3043721973095
Chile,CHL,1996,15744.738,South America,CHL,94.0,8.92,14527382.0,South America,1765.1051569506726
Chile,CHL,1997,16683.906,South America,CHL,94.0,8.92,14527382.0,South America,1870.3930493273542
Chile,CHL,1998,17156.973,South America,CHL,94.0,8.92,14527382.0,South America,1923.4274663677131
Chile,CHL,1999,16896.125,South America,CHL,94.0,8.92,14527382.0,South America,1894.1844170403588
Chile,CHL,2000,17525.271,South America,CHL,94.0,9.41,15503638.0,South America,1862.4092454835281
Chile,CHL,2001,17870.3,South America,CHL,94.0,9.41,15503638.0,South America,1899.0754516471839
Chile,CHL,2002,18240.201,South America,CHL,96.0,9.41,15857926.0,South America,1938.3848034006378
Chile,CHL,2003,18902.871,South America,CHL,96.0,9.41,15857926.0,South America,2008.8066950053135
Chile,CHL,2004,19961.984,South America,CHL,96.0,9.41,15857926.0,South America,2121.3585547290118
Chile,CHL,2005,20918.527,South America,CHL,96.0,9.96,16348780.0,South America,2100.2537148594374
Chile,CHL,2006,21968.537,South America,CHL,96.0,9.96,16348780.0,South America,2205.6764056224897
Chile,CHL,2007,22878.883,South America,CHL,96.0,9.96,16348780.0,South America,2297.0766064257027
Chile,CHL,2008,23509.781,South America,CHL,96.0,9.96,16348780.0,South America,2360.4197791164656
Chile,CHL,2009,23013.582,South America,CHL,96.0,9.96,16348780.0,South America,2310.600602409638
Chile,CHL,2010,24116.77,South America,CHL,96.0,10.35,17181463.0,South America,2330.1227053140096
Chile,CHL,2011,25366.27,South America,CHL,97.0,10.35,17351810.0,South America,2450.847342995169
Chile,CHL,2012,26670.498,South America,CHL,97.0,10.35,17351810.0,South America,2576.8597101449277
Chile,CHL,2013,27291.357,South America,CHL,96.0,10.35,17687006.0,South America,2636.846086956522
Chile,CHL,2014,27505.049,South America,CHL,96.0,10.35,17687006.0,South America,2657.492657004831
Chile,CHL,2015,27811.375,South America,CHL,97.0,10.49,18047630.0,South America,2651.227359389895
Chile,CHL,2016,27958.729,South America,CHL,97.0,10.49,18047630.0,South America,2665.274451858913
Chile,CHL,2017,27892.994,South America,CHL,96.0,10.49,18558868.0,South America,2659.0080076263107
Chile,CHL,2018,28492.662,South America,CHL,96.0,10.49,18558868.0,South America,2716.173689227836
Chile,CHL,2019,28218.535,South America,CHL,96.0,10.49,18558868.0,South America,2690.0414680648237
Chile,CHL,2020,26248.562,South America,CHL,96.0,10.74,19370621.0,South America,2444.0001862197396
Chile,CHL,2021,29089.85,South America,CHL,96.0,10.74,19370621.0,South America,2708.552141527002
Chile,CHL,2022,29569.479,South America,CHL,96.0,10.74,19370621.0,South America,2753.2103351955307
Chile,CHL,2023,29563.678,South America,CHL,96.0,10.74,19370621.0,South America,2752.6702048417133
China,CHN,1990,1666.9277,Asia,CHN,78.0,6.45,1153582725.0,Asia,258.4384031007752
China,CHN,1991,1798.2761,Asia,CHN,78.0,6.45,1153582725.0,Asia,278.802496124031
China,CHN,1992,2030.3864,Asia,CHN,78.0,6.45,1153582725.0,Asia,314.7885891472868
China,CHN,1993,2286.7598,Asia,CHN,78.0,6.45,1153582725.0,Asia,354.53640310077515
China,CHN,1994,2556.6406,Asia,CHN,78.0,6.45,1153582725.0,Asia,396.37838759689924
China,CHN,1995,2808.034,Asia,CHN,78.0,7.17,1220133929.0,Asia,391.63654114365414
China,CHN,1996,3055.9697,Asia,CHN,78.0,7.17,1220133929.0,Asia,426.21613668061366
China,CHN,1997,3305.7905,Asia,CHN,78.0,7.17,1220133929.0,Asia,461.0586471408647
China,CHN,1998,3533.566,Asia,CHN,78.0,7.17,1220133929.0,Asia,492.8264993026499
China,CHN,1999,3774.1377,Asia,CHN,78.0,7.17,1220133929.0,Asia,526.3790376569038
China,CHN,2000,4066.0364,Asia,CHN,91.0,7.79,1269581174.0,Asia,521.955892169448
China,CHN,2001,4372.157,Asia,CHN,91.0,7.79,1269581174.0,Asia,561.2525032092426
China,CHN,2002,4744.3984,Asia,CHN,91.0,7.79,1269581174.0,Asia,609.0370218228499
China,CHN,2003,5192.006,Asia,CHN,91.0,7.79,1269581174.0,Asia,666.4962772785623
China,CHN,2004,5684.169,Asia,CHN,91.0,7.79,1269581174.0,Asia,729.6750962772785
China,CHN,2005,6298.323,Asia,CHN,91.0,8.02,1310027135.0,Asia,785.3270573566085
China,CHN,2006,7057.1,Asia,CHN,91.0,8.02,1310027135.0,Asia,879.9376558603492
China,CHN,2007,8013.716,Asia,CHN,91.0,8.02,1310027135.0,Asia,999.216458852868
China,CHN,2008,8743.745,Asia,CHN,91.0,8.02,1310027135.0,Asia,1090.242518703242
China,CHN,2009,9518.433,Asia,CHN,91.0,8.02,1310027135.0,Asia,1186.8370324189527
China,CHN,2010,10476.3125,Asia,CHN,95.0,8.25,1351561505.0,Asia,1269.8560606060605
China,CHN,2011,11405.018,Asia,CHN,95.0,8.25,1351561505.0,Asia,1382.4264242424242
China,CHN,2012,12217.8545,Asia,CHN,95.0,8.25,1351561505.0,Asia,1480.9520606060605
China,CHN,2013,13080.829,Asia,CHN,95.0,8.25,1351561505.0,Asia,1585.5550303030302
China,CHN,2014,13968.581,Asia,CHN,95.0,8.25,1351561505.0,Asia,1693.1613333333335
China,CHN,2015,14856.78,Asia,CHN,95.0,8.51,1396134171.0,Asia,1745.8025851938896
China,CHN,2016,15772.765,Asia,CHN,95.0,8.51,1396134171.0,Asia,1853.4388954171563
China,CHN,2017,16757.973,Asia,CHN,95.0,8.51,1396134171.0,Asia,1969.2095182138662
China,CHN,2018,17806.791,Asia,CHN,95.0,8.51,1396134171.0,Asia,2092.4548766157463
China,CHN,2019,18820.514,Asia,CHN,95.0,8.51,1396134171.0,Asia,2211.5762632197416
China,CHN,2020,19215.154,Asia,CHN,97.0,8.99,1426106093.0,Asia,2137.3919911012235
China,CHN,2021,20843.297,Asia,CHN,97.0,8.99,1426106093.0,Asia,2318.4979977753055
China,CHN,2022,21499.383,Asia,CHN,97.0,8.99,1426106093.0,Asia,2391.477530589544
China,CHN,2023,22687.076,Asia,CHN,97.0,8.99,1426106093.0,Asia,2523.59021134594
Colombia,COL,1990,9998.811,South America,COL,52.5,6.16,32440064.0,South America,1623.1836038961037
Colombia,COL,1991,9996.098,South America,COL,52.5,6.16,32440064.0,South America,1622.7431818181817
Colombia,COL,1992,10196.433,South America,COL,52.5,6.16,32440064.0,South America,1655.2650974025976
Colombia,COL,1993,10533.115,South America,COL,91.0,6.16,34441479.0,South America,1709.9212662337661
Colombia,COL,1994,10927.938,South America,COL,91.0,6.16,34441479.0,South America,1774.015909090909
Colombia,COL,1995,11279.0,South America,COL,91.0,6.68,35804670.0,South America,1688.4730538922156
Colombia,COL,1996,11303.131,South America,COL,91.0,6.68,36462740.0,South America,1692.0854790419162
Colombia,COL,1997,11483.505,South America,COL,91.0,6.68,36462740.0,South America,1719.0875748502995
Colombia,COL,1998,11343.88,South America,COL,91.0,6.68,36462740.0,South America,1698.1856287425148
Colombia,COL,1999,10679.709,South America,COL,91.0,6.68,36462740.0,South America,1598.7588323353295
Colombia,COL,2000,10813.494,South America,COL,91.0,7.12,39089939.0,South America,1518.7491573033708
Colombia,COL,2001,10823.45,South America,COL,91.0,7.12,39089939.0,South America,1520.1474719101125
Colombia,COL,2002,10925.148,South America,COL,91.0,7.12,39089939.0,South America,1534.4308988764044
Colombia,COL,2003,11183.291,South America,COL,91.0,7.12,39089939.0,South America,1570.6869382022471
Colombia,COL,2004,11607.938,South America,COL,93.0,7.12,41543177.0,South America,1630.3283707865169
Colombia,COL,2005,11999.255,South America,COL,93.0,7.56,42128978.0,South America,1587.2030423280423
Colombia,COL,2006,12636.625,South America,COL,92.0,7.56,42691081.0,South America,1671.5112433862435
Colombia,COL,2007,13318.304,South America,COL,93.0,7.56,43235374.0,South America,1761.6804232804234
Colombia,COL,2008,13591.061,South America,COL,93.0,7.56,43758805.0,South America,1797.7593915343916
Colombia,COL,2009,13586.752,South America,COL,93.0,7.56,44271543.0,South America,1797.1894179894182
Colombia,COL,2010,14037.064,South America,COL,93.0,9.35,44777325.0,South America,1501.2902673796793
Colombia,COL,2011,14852.37,South America,COL,94.0,9.35,45259614.0,South America,1588.4887700534762
Colombia,COL,2012,15279.479,South America,COL,94.0,9.35,45259614.0,South America,1634.1688770053477
Colombia,COL,2013,15912.247,South America,COL,94.0,9.35,45259614.0,South America,1701.8445989304812
Colombia,COL,2014,16480.363,South America,COL,94.0,9.35,46565426.0,South America,1762.605668449198
Colombia,COL,2015,16821.38,South America,COL,94.0,9.78,46969938.0,South America,1719.9775051124745
Colombia,COL,2016,17003.244,South America,COL,95.0,9.78,47437513.0,South America,1738.5730061349693
Colombia,COL,2017,16986.033,South America,COL,95.0,9.78,47437513.0,South America,1736.813190184049
Colombia,COL,2018,17104.13,South America,COL,95.0,9.78,49024463.0,South America,1748.8885480572599
Colombia,COL,2019,17336.771,South America,COL,95.0,9.78,49907987.0,South America,1772.6759713701433
Colombia,COL,2020,15861.5,South America,COL,96.0,10.2,50629997.0,South America,1555.0490196078433
Colombia,COL,2021,17383.09,South America,COL,96.0,10.2,50629997.0,South America,1704.2245098039216
Colombia,COL,2022,18458.72,South America,COL,96.0,10.2,50629997.0,South America,1809.6784313725493
Colombia,COL,2023,18382.998,South America,COL,96.0,10.2,50629997.0,South America,1802.254705882353
Comoros,COM,1990,3114.5618,Africa,COM,48.0,10.2,337728.0,Africa,305.34919607843136
Comoros,COM,1991,2852.1768,Africa,COM,48.0,10.2,337728.0,Africa,279.62517647058826
Comoros,COM,1992,2999.1226,Africa,COM,48.0,10.2,337728.0,Africa,294.0316274509804
Comoros,COM,1993,3019.8838,Africa,COM,48.0,10.2,337728.0,Africa,296.0670392156863
Comoros,COM,1994,2848.619,Africa,COM,48.0,10.2,337728.0,Africa,279.27637254901964
Comoros,COM,1995,2957.409,Africa,COM,48.0,10.2,337728.0,Africa,289.94205882352946
Comoros,COM,1996,2892.0825,Africa,COM,48.0,10.2,337728.0,Africa,283.5375
Comoros,COM,1997,2968.0771,Africa,COM,48.0,10.2,337728.0,Africa,290.98795098039216
Comoros,COM,1998,2918.133,Africa,COM,48.0,10.2,337728.0,Africa,286.09147058823527
Comoros,COM,1999,2943.9202,Africa,COM,48.0,10.2,337728.0,Africa,288.61962745098043
Comoros,COM,2000,2858.857,Africa,COM,68.0,10.2,536084.0,Africa,280.2800980392157
Comoros,COM,2001,2952.4424,Africa,COM,68.0,10.2,536084.0,Africa,289.45513725490196
Comoros,COM,2002,3023.5244,Africa,COM,68.0,10.2,536084.0,Africa,296.42396078431375
Comoros,COM,2003,3023.19,Africa,COM,68.0,10.2,536084.0,Africa,296.3911764705883
Comoros,COM,2004,3058.3833,Africa,COM,68.0,10.2,536084.0,Africa,299.8415
Comoros,COM,2005,3166.3628,Africa,COM,68.0,10.2,536084.0,Africa,310.4277254901961
Comoros,COM,2006,3048.6924,Africa,COM,68.0,10.2,536084.0,Africa,298.8914117647059
Comoros,COM,2007,3012.5474,Africa,COM,68.0,10.2,536084.0,Africa,295.3477843137255
Comoros,COM,2008,3070.3696,Africa,COM,68.0,10.2,536084.0,Africa,301.0166274509804
Comoros,COM,2009,3107.453,Africa,COM,68.0,10.2,536084.0,Africa,304.6522549019608
Comoros,COM,2010,3161.3748,Africa,COM,68.0,10.2,536084.0,Africa,309.93870588235296
Comoros,COM,2011,3227.2166,Africa,COM,68.0,10.2,536084.0,Africa,316.3937843137255
Comoros,COM,2012,3263.163,Africa,COM,68.0,10.2,536084.0,Africa,319.9179411764706
Comoros,COM,2013,3337.5986,Africa,COM,68.0,10.2,536084.0,Africa,327.21554901960786
Comoros,COM,2014,3334.5752,Africa,COM,68.0,10.2,536084.0,Africa,326.919137254902
Comoros,COM,2015,3302.3862,Africa,COM,68.0,10.2,536084.0,Africa,323.7633529411765
Comoros,COM,2016,3342.7668,Africa,COM,68.0,10.2,536084.0,Africa,327.72223529411764
Comoros,COM,2017,3401.8523,Africa,COM,68.0,10.2,536084.0,Africa,333.51493137254903
Comoros,COM,2018,3457.587,Africa,COM,68.0,10.2,536084.0,Africa,338.97911764705884
Comoros,COM,2019,3451.4214,Africa,COM,68.0,10.2,536084.0,Africa,338.3746470588236
Comoros,COM,2020,3377.7456,Africa,COM,68.0,10.2,536084.0,Africa,331.1515294117647
Comoros,COM,2021,3377.8853,Africa,COM,68.0,10.2,536084.0,Africa,331.1652254901961
Comoros,COM,2022,3399.2783,Africa,COM,68.0,10.2,536084.0,Africa,333.26257843137256
Comoros,COM,2023,3434.4019,Africa,COM,68.0,10.2,536084.0,Africa,336.706068627451
Congo,COG,1990,8699.526,Africa,COG,60.0,10.2,1999533.0,Africa,852.894705882353
Congo,COG,1991,8658.161,Africa,COG,60.0,10.2,1999533.0,Africa,848.8393137254902
Congo,COG,1992,8636.637,Africa,COG,60.0,10.2,1999533.0,Africa,846.729117647059
Congo,COG,1993,8302.697,Africa,COG,60.0,10.2,1999533.0,Africa,813.9899019607844
Congo,COG,1994,7617.6074,Africa,COG,60.0,10.2,1999533.0,Africa,746.8242549019608
Congo,COG,1995,7701.3247,Africa,COG,60.0,10.2,1999533.0,Africa,755.0318333333335
Congo,COG,1996,7812.048,Africa,COG,60.0,10.2,1999533.0,Africa,765.8870588235294
Congo,COG,1997,7599.0483,Africa,COG,60.0,10.2,1999533.0,Africa,745.0047352941177
Congo,COG,1998,7711.6323,Africa,COG,60.0,10.2,1999533.0,Africa,756.0423823529412
Congo,COG,1999,7312.3267,Africa,COG,60.0,10.2,1999533.0,Africa,716.8947745098039
Congo,COG,2000,7570.583,Africa,COG,60.0,10.2,1999533.0,Africa,742.2140196078432
Congo,COG,2001,7567.439,Africa,COG,60.0,10.2,1999533.0,Africa,741.9057843137256
Congo,COG,2002,7729.3887,Africa,COG,60.0,10.2,1999533.0,Africa,757.7832058823531
Congo,COG,2003,7577.4565,Africa,COG,60.0,10.2,1999533.0,Africa,742.8878921568628
Congo,COG,2004,7577.446,Africa,COG,60.0,10.2,1999533.0,Africa,742.886862745098
Congo,COG,2005,7876.118,Africa,COG,76.0,10.2,3696399.0,Africa,772.1684313725491
Congo,COG,2006,8192.58,Africa,COG,76.0,10.2,3696399.0,Africa,803.1941176470589
Congo,COG,2007,7375.8247,Africa,COG,76.0,10.2,3696399.0,Africa,723.120068627451
Congo,COG,2008,7587.288,Africa,COG,76.0,10.2,3696399.0,Africa,743.8517647058824
Congo,COG,2009,8138.45,Africa,COG,76.0,10.2,3696399.0,Africa,797.8872549019608
Congo,COG,2010,8583.662,Africa,COG,76.0,10.2,3696399.0,Africa,841.5354901960785
Congo,COG,2011,8492.421,Africa,COG,76.0,10.2,3696399.0,Africa,832.5902941176471
Congo,COG,2012,9079.687,Africa,COG,76.0,10.2,3696399.0,Africa,890.1653921568628
Congo,COG,2013,8798.494,Africa,COG,76.0,10.2,3696399.0,Africa,862.5974509803923
Congo,COG,2014,9159.257,Africa,COG,76.0,10.2,3696399.0,Africa,897.9663725490196
Congo,COG,2015,8977.707,Africa,COG,76.0,6.47,5097583.0,Africa,1387.5899536321485
Congo,COG,2016,8001.8257,Africa,COG,76.0,6.47,5097583.0,Africa,1236.758222565688
Congo,COG,2017,7372.7705,Africa,COG,76.0,6.47,5097583.0,Africa,1139.5317619783616
Congo,COG,2018,7029.3364,Africa,COG,76.0,6.47,5097583.0,Africa,1086.4507573415765
Congo,COG,2019,6939.369,Africa,COG,76.0,6.47,5097583.0,Africa,1072.5454404945904
Congo,COG,2020,6350.5093,Africa,COG,76.0,6.74,5752792.0,Africa,942.2120623145399
Congo,COG,2021,6263.2114,Africa,COG,76.0,6.74,5752792.0,Africa,929.2598516320475
Congo,COG,2022,6205.105,Africa,COG,76.0,6.74,5752792.0,Africa,920.6387240356082
Congo,COG,2023,6172.2876,Africa,COG,76.0,6.74,5752792.0,Africa,915.7696735905043
Costa Rica,CRI,1990,10953.426,North America,CRI,93.0,7.28,3121707.0,North America,1504.5914835164833
Costa Rica,CRI,1991,10920.1,North America,CRI,93.0,7.28,3121707.0,North America,1500.0137362637363
Costa Rica,CRI,1992,11626.836,North America,CRI,93.0,7.28,3121707.0,North America,1597.092857142857
Costa Rica,CRI,1993,12144.449,North America,CRI,93.0,7.28,3121707.0,North America,1668.1935439560439
Costa Rica,CRI,1994,12385.454,North America,CRI,93.0,7.28,3121707.0,North America,1701.2986263736263
Costa Rica,CRI,1995,12593.226,North America,CRI,93.0,7.61,3535179.0,North America,1654.8260183968462
Costa Rica,CRI,1996,12467.621,North America,CRI,93.0,7.61,3535179.0,North America,1638.320762155059
Costa Rica,CRI,1997,12856.583,North America,CRI,93.0,7.61,3535179.0,North America,1689.4327201051249
Costa Rica,CRI,1998,13481.06,North America,CRI,93.0,7.61,3535179.0,North America,1771.4927726675426
Costa Rica,CRI,1999,13760.924,North America,CRI,93.0,7.61,3535179.0,North America,1808.2685939553219
Costa Rica,CRI,2000,14018.742,North America,CRI,95.0,7.96,3937737.0,North America,1761.1484924623117
Costa Rica,CRI,2001,14250.463,North America,CRI,95.0,7.96,3937737.0,North America,1790.2591708542714
Costa Rica,CRI,2002,14495.992,North America,CRI,95.0,7.96,3937737.0,North America,1821.1045226130655
Costa Rica,CRI,2003,14891.34,North America,CRI,95.0,7.96,3937737.0,North America,1870.7713567839196
Costa Rica,CRI,2004,15323.289,North America,CRI,95.0,7.96,3937737.0,North America,1925.0363065326635
Costa Rica,CRI,2005,15703.963,North America,CRI,95.0,8.52,4261240.0,North America,1843.1881455399061
Costa Rica,CRI,2006,16620.135,North America,CRI,95.0,8.52,4261240.0,North America,1950.7200704225352
Costa Rica,CRI,2007,17743.623,North America,CRI,95.0,8.52,4261240.0,North America,2082.5848591549297
Costa Rica,CRI,2008,18334.014,North America,CRI,95.0,8.52,4261240.0,North America,2151.879577464789
Costa Rica,CRI,2009,17932.615,North America,CRI,95.0,8.52,4261240.0,North America,2104.767018779343
Costa Rica,CRI,2010,18660.92,North America,CRI,95.0,8.43,4555965.0,North America,2213.6322657176747
Costa Rica,CRI,2011,19254.914,North America,CRI,97.0,8.43,4609834.0,North America,2284.09418742586
Costa Rica,CRI,2012,19960.793,North America,CRI,97.0,8.43,4609834.0,North America,2367.828351126928
Costa Rica,CRI,2013,20232.268,North America,CRI,97.0,8.43,4609834.0,North America,2400.031791221827
Costa Rica,CRI,2014,20724.922,North America,CRI,97.0,8.43,4609834.0,North America,2458.4723606168445
Costa Rica,CRI,2015,21254.783,North America,CRI,97.0,8.77,4818045.0,North America,2423.578449258837
Costa Rica,CRI,2016,21925.6,North America,CRI,97.0,8.77,4818045.0,North America,2500.068415051311
Costa Rica,CRI,2017,22622.553,North America,CRI,97.0,8.77,4818045.0,North America,2579.5385404789054
Costa Rica,CRI,2018,23005.312,North America,CRI,97.0,8.77,4818045.0,North America,2623.1826681870016
Costa Rica,CRI,2019,23364.783,North America,CRI,97.0,8.77,4818045.0,North America,2664.171379703535
Costa Rica,CRI,2020,22211.861,North America,CRI,97.0,9.12,5034323.0,North America,2435.511074561404
Costa Rica,CRI,2021,23852.926,North America,CRI,97.0,9.12,5034323.0,North America,2615.452412280702
Costa Rica,CRI,2022,24831.719,North America,CRI,97.0,9.12,5034323.0,North America,2722.7762061403514
Costa Rica,CRI,2023,25979.629,North America,CRI,97.0,9.12,5034323.0,North America,2848.6435307017546
Cote D'Ivoire,CIV,1990,5255.51,Africa,CIV,34.0,2.79,12189780.0,Africa,1883.695340501792
Cote D'Ivoire,CIV,1991,5052.8516,Africa,CIV,34.0,2.79,12189780.0,Africa,1811.0579211469533
Cote D'Ivoire,CIV,1992,4843.2935,Africa,CIV,34.0,2.79,12189780.0,Africa,1735.9474910394265
Cote D'Ivoire,CIV,1993,4645.4673,Africa,CIV,34.0,2.79,12189780.0,Africa,1665.0420430107526
Cote D'Ivoire,CIV,1994,4502.4595,Africa,CIV,34.0,2.79,12189780.0,Africa,1613.7847670250896
Cote D'Ivoire,CIV,1995,4638.7573,Africa,CIV,34.0,3.46,14855566.0,Africa,1340.6813005780348
Cote D'Ivoire,CIV,1996,4807.4243,Africa,CIV,34.0,3.46,14855566.0,Africa,1389.4289884393063
Cote D'Ivoire,CIV,1997,5072.597,Africa,CIV,34.0,3.46,14855566.0,Africa,1466.0684971098265
Cote D'Ivoire,CIV,1998,5093.132,Africa,CIV,36.0,3.46,16663948.0,Africa,1472.0034682080925
Cote D'Ivoire,CIV,1999,4987.357,Africa,CIV,36.0,3.46,16663948.0,Africa,1441.4326589595375
Cote D'Ivoire,CIV,2000,4838.3403,Africa,CIV,49.0,4.06,17699007.0,Africa,1191.709433497537
Cote D'Ivoire,CIV,2001,4609.1445,Africa,CIV,49.0,4.06,17699007.0,Africa,1135.2572660098524
Cote D'Ivoire,CIV,2002,4368.928,Africa,CIV,49.0,4.06,17699007.0,Africa,1076.0906403940887
Cote D'Ivoire,CIV,2003,4060.0005,Africa,CIV,49.0,4.06,17699007.0,Africa,1000.0001231527095
Cote D'Ivoire,CIV,2004,4088.945,Africa,CIV,49.0,4.06,17699007.0,Africa,1007.1293103448277
Cote D'Ivoire,CIV,2005,4032.2458,Africa,CIV,49.0,4.52,20068468.0,Africa,892.089778761062
Cote D'Ivoire,CIV,2006,4049.2603,Africa,CIV,49.0,4.52,20068468.0,Africa,895.8540486725665
Cote D'Ivoire,CIV,2007,3999.691,Africa,CIV,49.0,4.52,20068468.0,Africa,884.887389380531
Cote D'Ivoire,CIV,2008,4096.7236,Africa,CIV,49.0,4.52,20068468.0,Africa,906.3547787610621
Cote D'Ivoire,CIV,2009,4151.0537,Africa,CIV,49.0,4.52,20068468.0,Africa,918.3747123893806
Cote D'Ivoire,CIV,2010,4338.6523,Africa,CIV,49.0,4.93,22488068.0,Africa,880.0511764705882
Cote D'Ivoire,CIV,2011,4017.4077,Africa,CIV,49.0,4.93,22488068.0,Africa,814.8900000000001
Cote D'Ivoire,CIV,2012,4234.1807,Africa,CIV,49.0,4.93,22488068.0,Africa,858.860182555781
Cote D'Ivoire,CIV,2013,4597.1865,Africa,CIV,49.0,4.93,22488068.0,Africa,932.4921906693712
Cote D'Ivoire,CIV,2014,4907.5747,Africa,CIV,44.0,4.93,24527393.0,Africa,995.4512576064909
Cote D'Ivoire,CIV,2015,5110.8623,Africa,CIV,44.0,5.4,25246347.0,Africa,946.4559814814813
Cote D'Ivoire,CIV,2016,5320.8467,Africa,CIV,50.03968,5.4,25989404.0,Africa,985.3419814814814
Cote D'Ivoire,CIV,2017,5556.114,Africa,CIV,50.03968,5.4,25989404.0,Africa,1028.9099999999999
Cote D'Ivoire,CIV,2018,5670.2,Africa,CIV,50.03968,5.4,25989404.0,Africa,1050.037037037037
Cote D'Ivoire,CIV,2019,5894.879,Africa,CIV,50.03968,5.4,25989404.0,Africa,1091.6442592592591
Cote D'Ivoire,CIV,2020,5787.8154,Africa,CIV,50.03968,6.05,28915452.0,Africa,956.6637024793389
Cote D'Ivoire,CIV,2021,6045.2046,Africa,CIV,50.00064,6.05,29639737.0,Africa,999.2073719008265
Cote D'Ivoire,CIV,2022,6272.264,Africa,CIV,50.00064,6.05,29639737.0,Africa,1036.7378512396695
Cote D'Ivoire,CIV,2023,6520.899,Africa,CIV,50.00064,6.05,29639737.0,Africa,1077.8345454545456
Croatia,HRV,1990,23399.736,Europe,CIV,50.00064,6.05,29639737.0,Africa,3867.724958677686
Croatia,HRV,1991,18812.943,Europe,HRV,97.0,6.05,4825159.0,Europe,3109.577355371901
Croatia,HRV,1992,17020.238,Europe,HRV,97.0,6.05,4825159.0,Europe,2813.262479338843
Croatia,HRV,1993,15570.403,Europe,HRV,97.0,6.05,4825159.0,Europe,2573.6203305785125
Croatia,HRV,1994,16301.754,Europe,HRV,97.0,6.05,4825159.0,Europe,2694.50479338843
Croatia,HRV,1995,17522.75,Europe,HRV,97.0,6.05,4825159.0,Europe,2896.322314049587
Croatia,HRV,1996,18849.98,Europe,HRV,97.0,6.05,4825159.0,Europe,3115.699173553719
Croatia,HRV,1997,20110.514,Europe,HRV,97.0,6.05,4825159.0,Europe,3324.0519008264464
Croatia,HRV,1998,20575.975,Europe,HRV,97.0,6.05,4825159.0,Europe,3400.987603305785
Croatia,HRV,1999,20489.678,Europe,HRV,97.0,6.05,4825159.0,Europe,3386.7236363636366
Croatia,HRV,2000,21302.25,Europe,HRV,97.0,6.05,4825159.0,Europe,3521.03305785124
Croatia,HRV,2001,22826.625,Europe,HRV,98.0,6.05,4301079.0,Europe,3772.995867768595
Croatia,HRV,2002,24137.115,Europe,HRV,98.0,6.05,4301079.0,Europe,3989.6057851239675
Croatia,HRV,2003,25473.906,Europe,HRV,98.0,6.05,4301079.0,Europe,4210.562975206612
Croatia,HRV,2004,26528.887,Europe,HRV,98.0,6.05,4301079.0,Europe,4384.94
Croatia,HRV,2005,27641.207,Europe,HRV,98.0,6.05,4301079.0,Europe,4568.794545454545
Croatia,HRV,2006,29035.53,Europe,HRV,98.0,6.05,4301079.0,Europe,4799.261157024794
Croatia,HRV,2007,30508.28,Europe,HRV,98.0,6.05,4301079.0,Europe,5042.690909090909
Croatia,HRV,2008,31113.865,Europe,HRV,98.0,6.05,4301079.0,Europe,5142.7876033057855
Croatia,HRV,2009,29024.76,Europe,HRV,98.0,6.05,4301079.0,Europe,4797.480991735537
Croatia,HRV,2010,28702.004,Europe,HRV,98.0,6.05,4301079.0,Europe,4744.132892561984
Croatia,HRV,2011,28769.33,Europe,HRV,98.0,6.05,4301079.0,Europe,4755.261157024794
Croatia,HRV,2012,28259.346,Europe,HRV,98.0,6.05,4301079.0,Europe,4670.966280991736
Croatia,HRV,2013,28397.855,Europe,HRV,98.0,6.05,4301079.0,Europe,4693.860330578513
Croatia,HRV,2014,28456.736,Europe,HRV,98.0,6.05,4301079.0,Europe,4703.592727272728
Croatia,HRV,2015,29466.7,Europe,HRV,98.0,11.8,4183732.0,Europe,2497.177966101695
Croatia,HRV,2016,30821.164,Europe,HRV,98.0,11.8,4183732.0,Europe,2611.9630508474575
Croatia,HRV,2017,32348.934,Europe,HRV,98.0,11.8,4183732.0,Europe,2741.4350847457627
Croatia,HRV,2018,33729.906,Europe,HRV,98.0,11.8,4183732.0,Europe,2858.4666101694916
Croatia,HRV,2019,35122.85,Europe,HRV,98.0,11.8,4183732.0,Europe,2976.5127118644064
Croatia,HRV,2020,32493.312,Europe,HRV,98.0,12.03,3953956.0,Europe,2701.023441396509
Croatia,HRV,2021,36930.285,Europe,HRV,98.0,12.03,3953956.0,Europe,3069.8491271820453
Croatia,HRV,2022,39864.01,Europe,HRV,98.0,12.03,3953956.0,Europe,3313.716541978388
Croatia,HRV,2023,41320.203,Europe,HRV,98.0,12.03,3953956.0,Europe,3434.7633416458857
Cuba,HRV,1990,42829.2,Europe,CUB,98.0,9.21,10631796.0,North America,4650.293159609119
Cuba,HRV,1995,42829.2,Europe,CUB,98.0,9.58,10925362.0,North America,4470.688935281837
Cuba,HRV,2000,42829.2,Europe,CUB,98.0,9.88,11109112.0,North America,4334.93927125506
Cuba,HRV,2002,42829.2,Europe,CUB,100.0,9.88,11177422.0,North America,4334.93927125506
Cuba,HRV,2005,42829.2,Europe,CUB,100.0,10.36,11262553.0,North America,4134.092664092664
Cuba,HRV,2010,42829.2,Europe,CUB,100.0,11.06,11297414.0,North America,3872.441229656419
Cuba,HRV,2012,42829.2,Europe,CUB,100.0,11.06,11303172.0,North America,3872.441229656419
Cuba,HRV,2015,42829.2,Europe,CUB,100.0,11.12,11275069.0,North America,3851.546762589928
Cuba,HRV,2019,42829.2,Europe,CUB,97.65491,11.12,11202847.0,North America,3851.546762589928
Cuba,HRV,2020,42829.2,Europe,CUB,97.65491,11.61,11176349.0,North America,3688.9922480620153
Curacao,CUW,2000,34307.125,North America,CUB,97.65491,11.61,11176349.0,North America,2954.9633936261844
Curacao,CUW,2001,35339.066,North America,CUB,97.65491,11.61,11176349.0,North America,3043.847200689061
Curacao,CUW,2002,35435.996,North America,CUB,97.65491,11.61,11176349.0,North America,3052.1960378983636
Curacao,CUW,2003,34812.79,North America,CUB,97.65491,11.61,11176349.0,North America,2998.517657192076
Curacao,CUW,2004,34288.74,North America,CUB,97.65491,11.61,11176349.0,North America,2953.3798449612405
Curacao,CUW,2005,33651.504,North America,CUB,97.65491,11.61,11176349.0,North America,2898.493023255814
Curacao,CUW,2006,33334.855,North America,CUB,97.65491,11.61,11176349.0,North America,2871.219207579673
Curacao,CUW,2007,33490.254,North America,CUB,97.65491,11.61,11176349.0,North America,2884.6041343669253
Curacao,CUW,2008,33795.13,North America,CUB,97.65491,11.61,11176349.0,North America,2910.8639104220497
Curacao,CUW,2009,33397.4,North America,CUB,97.65491,11.61,11176349.0,North America,2876.6063738156763
Curacao,CUW,2010,33004.555,North America,CUB,97.65491,11.61,11176349.0,North America,2842.7695951765722
Curacao,CUW,2011,32704.355,North America,CUB,97.65491,11.61,11176349.0,North America,2816.9125753660637
Curacao,CUW,2012,32320.877,North America,CUB,97.65491,11.61,11176349.0,North America,2783.882601205857
Curacao,CUW,2013,31753.385,North America,CUB,97.65491,11.61,11176349.0,North America,2735.0030146425497
Curacao,CUW,2014,31128.646,North America,CUB,97.65491,11.61,11176349.0,North America,2681.192592592593
Curacao,CUW,2015,30861.32,North America,CUB,97.65491,11.61,11176349.0,North America,2658.1670973298883
Curacao,CUW,2016,30209.79,North America,CUB,97.65491,11.61,11176349.0,North America,2602.0490956072354
Curacao,CUW,2017,29729.102,North America,CUB,97.65491,11.61,11176349.0,North America,2560.64616709733
Curacao,CUW,2018,29256.814,North America,CUB,97.65491,11.61,11176349.0,North America,2519.966752799311
Curacao,CUW,2019,28659.656,North America,CUB,97.65491,11.61,11176349.0,North America,2468.531955211025
Curacao,CUW,2020,23669.771,North America,CUB,97.65491,11.61,11176349.0,North America,2038.7399655469424
Curacao,CUW,2021,24905.768,North America,CUB,97.65491,11.61,11176349.0,North America,2145.199655469423
Curacao,CUW,2022,26734.646,North America,CUB,97.65491,11.61,11176349.0,North America,2302.7257536606376
Curacao,CUW,2023,27617.92,North America,CUB,97.65491,11.61,11176349.0,North America,2378.804478897502
Cyprus,CYP,1990,27666.65,Europe,CYP,62.5,9.85,788355.0,Europe,2808.796954314721
Cyprus,CYP,1991,27159.04,Europe,CYP,62.5,9.85,788355.0,Europe,2757.2629441624367
Cyprus,CYP,1992,28931.936,Europe,CYP,94.0,9.85,810344.0,Europe,2937.2523857868023
Cyprus,CYP,1993,28439.332,Europe,CYP,94.0,9.85,810344.0,Europe,2887.2418274111674
Cyprus,CYP,1994,29500.746,Europe,CYP,94.0,9.85,810344.0,Europe,2994.9995939086293
Cyprus,CYP,1995,31393.377,Europe,CYP,94.0,10.28,862698.0,Europe,3053.8304474708175
Cyprus,CYP,1996,31282.738,Europe,CYP,94.0,10.28,862698.0,Europe,3043.067898832685
Cyprus,CYP,1997,31656.96,Europe,CYP,94.0,10.28,862698.0,Europe,3079.4708171206225
Cyprus,CYP,1998,33182.125,Europe,CYP,94.0,10.28,862698.0,Europe,3227.833171206226
Cyprus,CYP,1999,34452.867,Europe,CYP,94.0,10.28,862698.0,Europe,3351.446206225681
Cyprus,CYP,2000,36121.816,Europe,CYP,94.0,10.82,947667.0,Europe,3338.4303142329018
Cyprus,CYP,2001,37146.996,Europe,CYP,97.0,10.82,964129.0,Europe,3433.1789279112754
Cyprus,CYP,2002,38090.934,Europe,CYP,97.0,10.82,964129.0,Europe,3520.4190388170055
Cyprus,CYP,2003,38617.973,Europe,CYP,97.0,10.82,964129.0,Europe,3569.1287430683915
Cyprus,CYP,2004,40020.09,Europe,CYP,97.0,10.82,964129.0,Europe,3698.7144177449163
Cyprus,CYP,2005,41362.266,Europe,CYP,97.0,10.19,1036156.0,Europe,4059.103631010795
Cyprus,CYP,2006,42595.38,Europe,CYP,97.0,10.19,1036156.0,Europe,4180.115799803729
Cyprus,CYP,2007,43823.94,Europe,CYP,97.0,10.19,1036156.0,Europe,4300.681059862611
Cyprus,CYP,2008,44295.812,Europe,CYP,97.0,10.19,1036156.0,Europe,4346.9884200196275
Cyprus,CYP,2009,42253.562,Europe,CYP,97.0,10.19,1036156.0,Europe,4146.5713444553485
Cyprus,CYP,2010,42102.457,Europe,CYP,97.0,11.76,1127826.0,Europe,3580.1409013605444
Cyprus,CYP,2011,41212.86,Europe,CYP,99.0,11.76,1146493.0,Europe,3504.4948979591836
Cyprus,CYP,2012,39190.383,Europe,CYP,99.0,11.76,1146493.0,Europe,3332.51556122449
Cyprus,CYP,2013,36650.723,Europe,CYP,99.0,11.76,1146493.0,Europe,3116.5580782312923
Cyprus,CYP,2014,36105.05,Europe,CYP,99.0,11.76,1146493.0,Europe,3070.1573129251706
Cyprus,CYP,2015,37258.652,Europe,CYP,99.0,12.1,1219504.0,Europe,3079.227438016529
Cyprus,CYP,2016,39501.016,Europe,CYP,99.0,12.1,1219504.0,Europe,3264.5467768595045
Cyprus,CYP,2017,41418.16,Europe,CYP,99.0,12.1,1219504.0,Europe,3422.9884297520666
Cyprus,CYP,2018,43510.21,Europe,CYP,99.0,12.1,1219504.0,Europe,3595.885123966942
Cyprus,CYP,2019,45454.363,Europe,CYP,99.0,12.1,1219504.0,Europe,3756.5589256198346
Cyprus,CYP,2020,43402.54,Europe,CYP,99.0,12.42,1302250.0,Europe,3494.5684380032208
Cyprus,CYP,2021,47632.77,Europe,CYP,99.0,12.42,1302250.0,Europe,3835.1666666666665
Cyprus,CYP,2022,50623.797,Europe,CYP,99.0,12.42,1302250.0,Europe,4075.9900966183573
Cyprus,CYP,2023,51453.727,Europe,CYP,99.0,12.42,1302250.0,Europe,4142.812157809984
Czechia,CZE,1990,27918.137,Europe,CZE,99.0,11.35,10301989.0,Europe,2459.7477533039646
Czechia,CZE,1991,24734.77,Europe,CZE,99.0,11.35,10301989.0,Europe,2179.2748898678415
Czechia,CZE,1992,24584.33,Europe,CZE,99.0,11.35,10301989.0,Europe,2166.020264317181
Czechia,CZE,1993,24573.992,Europe,CZE,99.0,11.35,10301989.0,Europe,2165.109427312775
Czechia,CZE,1994,25279.791,Europe,CZE,99.0,11.35,10301989.0,Europe,2227.2943612334802
Czechia,CZE,1995,26869.02,Europe,CZE,99.0,12.3,10312041.0,Europe,2184.4731707317073
Czechia,CZE,1996,28021.67,Europe,CZE,99.0,12.3,10312041.0,Europe,2278.1845528455283
Czechia,CZE,1997,27884.74,Europe,CZE,99.0,12.3,10312041.0,Europe,2267.052032520325
Czechia,CZE,1998,27801.44,Europe,CZE,99.0,12.3,10312041.0,Europe,2260.2796747967477
Czechia,CZE,1999,28213.455,Europe,CZE,99.0,12.3,10312041.0,Europe,2293.7768292682927
Czechia,CZE,2000,29427.406,Europe,CZE,99.0,12.78,10236809.0,Europe,2302.6139280125194
Czechia,CZE,2001,30399.873,Europe,CZE,99.0,12.78,10236809.0,Europe,2378.706807511737
Czechia,CZE,2002,30919.549,Europe,CZE,99.0,12.78,10236809.0,Europe,2419.3700312989045
Czechia,CZE,2003,31949.297,Europe,CZE,99.0,12.78,10236809.0,Europe,2499.944992175274
Czechia,CZE,2004,33452.34,Europe,CZE,99.0,12.78,10236809.0,Europe,2617.5539906103286
Czechia,CZE,2005,35535.746,Europe,CZE,99.0,12.81,10280155.0,Europe,2774.062919594067
Czechia,CZE,2006,37786.88,Europe,CZE,99.0,12.81,10280155.0,Europe,2949.795472287275
Czechia,CZE,2007,39629.008,Europe,CZE,99.0,12.81,10280155.0,Europe,3093.5993754879
Czechia,CZE,2008,40328.344,Europe,CZE,99.0,12.81,10280155.0,Europe,3148.192349726776
Czechia,CZE,2009,38175.14,Europe,CZE,99.0,12.81,10280155.0,Europe,2980.1046057767367
Czechia,CZE,2010,39097.387,Europe,CZE,99.0,12.8,10464035.0,Europe,3054.483359375
Czechia,CZE,2011,39708.164,Europe,CZE,99.0,12.8,10464035.0,Europe,3102.2003124999997
Czechia,CZE,2012,39347.05,Europe,CZE,99.0,12.8,10464035.0,Europe,3073.98828125
Czechia,CZE,2013,39317.555,Europe,CZE,99.0,12.8,10464035.0,Europe,3071.683984375
Czechia,CZE,2014,40158.016,Europe,CZE,99.0,12.8,10464035.0,Europe,3137.3450000000003
Czechia,CZE,2015,42066.574,Europe,CZE,99.0,12.93,10524418.0,Europe,3253.4086620262956
Czechia,CZE,2016,43069.465,Europe,CZE,99.0,12.93,10524418.0,Europe,3330.971771075019
Czechia,CZE,2017,45177.523,Europe,CZE,99.0,12.93,10524418.0,Europe,3494.007965970611
Czechia,CZE,2018,46301.082,Europe,CZE,99.0,12.93,10524418.0,Europe,3580.9034802784226
Czechia,CZE,2019,47763.617,Europe,CZE,99.0,12.93,10524418.0,Europe,3694.0152358855375
Czechia,CZE,2020,45119.938,Europe,CZE,99.0,12.93,10550129.0,Europe,3489.554369682908
Czechia,CZE,2021,47796.035,Europe,CZE,99.0,12.93,10550129.0,Europe,3696.522428460944
Czechia,CZE,2022,48390.66,Europe,CZE,99.0,12.93,10550129.0,Europe,3742.510440835267
Czechia,CZE,2023,47558.41,Europe,CZE,99.0,12.93,10550129.0,Europe,3678.144624903326
Democratic Republic Of Congo,COD,1990,2403.9702,Africa,COD,37.5,3.31,36684065.0,Africa,726.2749848942599
Democratic Republic Of Congo,COD,1991,2129.449,Africa,COD,37.5,3.31,36684065.0,Africa,643.3380664652568
Democratic Republic Of Congo,COD,1992,1842.5485,Africa,COD,37.5,3.31,36684065.0,Africa,556.6611782477341
Democratic Republic Of Congo,COD,1993,1538.3969,Africa,COD,37.5,3.31,36684065.0,Africa,464.77247734138973
Democratic Republic Of Congo,COD,1994,1410.0565,Africa,COD,37.5,3.31,36684065.0,Africa,425.9989425981873
Democratic Republic Of Congo,COD,1995,1362.1877,Africa,COD,37.5,3.52,44433718.0,Africa,386.98514204545455
Democratic Republic Of Congo,COD,1996,1322.5801,Africa,COD,37.5,3.52,44433718.0,Africa,375.73298295454543
Democratic Republic Of Congo,COD,1997,1228.3907,Africa,COD,37.5,3.52,44433718.0,Africa,348.97463068181816
Democratic Republic Of Congo,COD,1998,1176.0505,Africa,COD,37.5,3.52,44433718.0,Africa,334.1052556818182
Democratic Republic Of Congo,COD,1999,1088.6504,Africa,COD,37.5,3.52,44433718.0,Africa,309.2756818181818
Democratic Republic Of Congo,COD,2000,981.42206,Africa,COD,37.5,3.51,50507445.0,Africa,279.60742450142453
Democratic Republic Of Congo,COD,2001,930.85785,Africa,COD,67.0,3.51,52132646.0,Africa,265.20166666666665
Democratic Republic Of Congo,COD,2002,929.4528,Africa,COD,67.0,3.51,52132646.0,Africa,264.8013675213675
Democratic Republic Of Congo,COD,2003,953.0446,Africa,COD,67.0,3.51,52132646.0,Africa,271.52267806267804
Democratic Republic Of Congo,COD,2004,987.74695,Africa,COD,67.0,3.51,52132646.0,Africa,281.40938746438746
Democratic Republic Of Congo,COD,2005,1016.6339,Africa,COD,67.0,3.63,58775726.0,Africa,280.064435261708
Democratic Republic Of Congo,COD,2006,1036.1333,Africa,COD,67.0,3.63,58775726.0,Africa,285.43617079889805
Democratic Republic Of Congo,COD,2007,1091.004,Africa,COD,67.0,3.63,58775726.0,Africa,300.5520661157025
Democratic Republic Of Congo,COD,2008,1136.9468,Africa,COD,67.0,3.63,58775726.0,Africa,313.20848484848483
Democratic Republic Of Congo,COD,2009,1108.5751,Africa,COD,67.0,3.63,58775726.0,Africa,305.39258953168047
Democratic Republic Of Congo,COD,2010,1158.0143,Africa,COD,67.0,3.79,68563038.0,Africa,305.5446701846966
Democratic Republic Of Congo,COD,2011,1205.7399,Africa,COD,67.0,3.79,68563038.0,Africa,318.13717678100267
Democratic Republic Of Congo,COD,2012,1267.2383,Africa,COD,75.0,3.79,73254623.0,Africa,334.36366754617416
Democratic Republic Of Congo,COD,2013,1342.7416,Africa,COD,75.0,3.79,73254623.0,Africa,354.285382585752
Democratic Republic Of Congo,COD,2014,1392.7584,Africa,COD,75.0,3.79,73254623.0,Africa,367.4824274406332
Democratic Republic Of Congo,COD,2015,1433.2158,Africa,COD,75.0,4.3,81035532.0,Africa,333.306
Democratic Republic Of Congo,COD,2016,1388.8016,Africa,COD,77.0,4.3,83956416.0,Africa,322.9771162790698
Democratic Republic Of Congo,COD,2017,1395.7196,Africa,COD,77.0,4.3,83956416.0,Africa,324.58595348837207
Democratic Republic Of Congo,COD,2018,1431.7285,Africa,COD,73.55303,4.3,90047647.0,Africa,332.9601162790698
Democratic Republic Of Congo,COD,2019,1394.7646,Africa,COD,73.55303,4.3,90047647.0,Africa,324.36386046511626
Democratic Republic Of Congo,COD,2020,1361.028,Africa,COD,73.55303,4.85,95990000.0,Africa,280.6243298969072
Democratic Republic Of Congo,COD,2021,1402.3856,Africa,COD,73.55303,4.85,95990000.0,Africa,289.15167010309284
Democratic Republic Of Congo,COD,2022,1484.3384,Africa,COD,73.55303,4.85,95990000.0,Africa,306.0491546391753
Democratic Republic Of Congo,COD,2023,1559.338,Africa,COD,73.55303,4.85,95990000.0,Africa,321.51298969072167
Denmark,DNK,1990,46200.477,Europe,DNK,98.5,10.48,5141024.0,Europe,4408.442461832061
Denmark,DNK,1991,46752.67,Europe,DNK,98.5,10.48,5141024.0,Europe,4461.132633587786
Denmark,DNK,1992,47540.926,Europe,DNK,98.5,10.48,5141024.0,Europe,4536.347900763359
Denmark,DNK,1993,47345.414,Europe,DNK,98.5,10.48,5141024.0,Europe,4517.692175572519
Denmark,DNK,1994,49684.137,Europe,DNK,98.5,10.48,5141024.0,Europe,4740.852767175573
Denmark,DNK,1995,50927.547,Europe,DNK,98.5,11.04,5233364.0,Europe,4613.002445652174
Denmark,DNK,1996,52106.562,Europe,DNK,98.5,11.04,5233364.0,Europe,4719.797282608696
Denmark,DNK,1997,53534.613,Europe,DNK,98.5,11.04,5233364.0,Europe,4849.14972826087
Denmark,DNK,1998,54581.414,Europe,DNK,98.5,11.04,5233364.0,Europe,4943.96865942029
Denmark,DNK,1999,56015.355,Europe,DNK,98.5,11.04,5233364.0,Europe,5073.854619565218
Denmark,DNK,2000,57907.504,Europe,DNK,98.5,11.5,5339659.0,Europe,5035.435130434783
Denmark,DNK,2001,58248.555,Europe,DNK,98.5,11.5,5339659.0,Europe,5065.091739130435
Denmark,DNK,2002,58327.83,Europe,DNK,98.5,11.5,5339659.0,Europe,5071.985217391304
Denmark,DNK,2003,58425.965,Europe,DNK,98.5,11.5,5339659.0,Europe,5080.518695652174
Denmark,DNK,2004,59893.094,Europe,DNK,98.5,11.5,5339659.0,Europe,5208.095130434783
Denmark,DNK,2005,61137.68,Europe,DNK,98.5,11.81,5419550.0,Europe,5176.772226926333
Denmark,DNK,2006,63262.742,Europe,DNK,98.5,11.81,5419550.0,Europe,5356.709737510584
Denmark,DNK,2007,63604.562,Europe,DNK,98.5,11.81,5419550.0,Europe,5385.65300592718
Denmark,DNK,2008,62968.16,Europe,DNK,98.5,11.81,5419550.0,Europe,5331.766299745978
Denmark,DNK,2009,59516.508,Europe,DNK,98.5,11.81,5419550.0,Europe,5039.501100762066
Denmark,DNK,2010,60190.633,Europe,DNK,98.5,11.97,5547865.0,Europe,5028.457226399331
Denmark,DNK,2011,60729.055,Europe,DNK,98.5,11.97,5547865.0,Europe,5073.438178780284
Denmark,DNK,2012,60497.69,Europe,DNK,98.5,11.97,5547865.0,Europe,5054.109440267335
Denmark,DNK,2013,61085.03,Europe,DNK,98.5,11.97,5547865.0,Europe,5103.177109440267
Denmark,DNK,2014,61552.8,Europe,DNK,98.5,11.97,5547865.0,Europe,5142.255639097744
Denmark,DNK,2015,62405.715,Europe,DNK,98.5,11.67,5683698.0,Europe,5347.533419023136
Denmark,DNK,2016,63823.45,Europe,DNK,98.5,11.67,5683698.0,Europe,5469.018851756641
Denmark,DNK,2017,65352.4,Europe,DNK,98.5,11.67,5683698.0,Europe,5600.034275921165
Denmark,DNK,2018,66238.7,Europe,DNK,98.5,11.67,5683698.0,Europe,5675.981148243359
Denmark,DNK,2019,67131.47,Europe,DNK,98.5,11.67,5683698.0,Europe,5752.482433590403
Denmark,DNK,2020,65744.44,Europe,DNK,98.5,11.69,5831529.0,Europe,5623.989734816083
Denmark,DNK,2021,69715.18,Europe,DNK,98.5,11.69,5831529.0,Europe,5963.659538066723
Denmark,DNK,2022,69475.32,Europe,DNK,98.5,11.69,5831529.0,Europe,5943.141146278872
Denmark,DNK,2023,69379.22,Europe,DNK,98.5,11.69,5831529.0,Europe,5934.920444824636
Djibouti,DJI,2013,4469.074,Africa,DJI,3.0,11.69,62349.0,Africa,382.2988879384089
Djibouti,DJI,2014,4705.0493,Africa,DJI,3.0,11.69,62349.0,Africa,402.48497005988025
Djibouti,DJI,2015,4961.868,Africa,DJI,3.0,11.69,62349.0,Africa,424.45406330196755
Djibouti,DJI,2016,5226.5005,Africa,DJI,3.0,11.69,62349.0,Africa,447.0915739948674
Djibouti,DJI,2017,5421.9565,Africa,DJI,3.0,11.69,62349.0,Africa,463.811505560308
Djibouti,DJI,2018,5590.5044,Africa,DJI,3.0,11.69,62349.0,Africa,478.22963216424296
Djibouti,DJI,2019,5809.3047,Africa,DJI,3.0,11.69,62349.0,Africa,496.94650983746794
Djibouti,DJI,2020,5791.4775,Africa,DJI,3.0,11.69,62349.0,Africa,495.4215141146279
Djibouti,DJI,2021,5960.108,Africa,DJI,3.0,11.69,62349.0,Africa,509.8467065868264
Djibouti,DJI,2022,6180.68,Africa,DJI,3.0,11.69,62349.0,Africa,528.7151411462789
Djibouti,DJI,2023,6510.6787,Africa,DJI,3.0,11.69,62349.0,Africa,556.9442857142858
Dominica,DMA,1990,11311.552,North America,DJI,3.0,11.69,62349.0,Africa,967.6263473053892
Dominica,DMA,1991,11518.765,North America,DJI,3.0,11.69,62349.0,Africa,985.3520102651839
Dominica,DMA,1992,11747.611,North America,DJI,3.0,11.69,62349.0,Africa,1004.9282292557742
Dominica,DMA,1993,11982.859,North America,DJI,3.0,11.69,62349.0,Africa,1025.0520958083832
Dominica,DMA,1994,11979.399,North America,DJI,3.0,11.69,62349.0,Africa,1024.756116338751
Dominica,DMA,1995,12343.9,North America,DJI,3.0,11.69,62349.0,Africa,1055.9366980325065
Dominica,DMA,1996,12737.897,North America,DJI,3.0,11.69,62349.0,Africa,1089.6404619332764
Dominica,DMA,1997,13037.149,North America,DJI,3.0,11.69,62349.0,Africa,1115.2394354148846
Dominica,DMA,1998,13563.453,North America,DJI,3.0,11.69,62349.0,Africa,1160.2611633875108
Dominica,DMA,1999,13661.679,North America,DJI,3.0,11.69,62349.0,Africa,1168.6637296834901
Dominica,DMA,2000,14054.655,North America,DJI,3.0,11.69,62349.0,Africa,1202.2801539777588
Dominica,DMA,2001,14091.549,North America,DJI,3.0,11.69,62349.0,Africa,1205.4361847733107
Dominica,DMA,2002,13640.703,North America,DJI,3.0,11.69,62349.0,Africa,1166.869375534645
Dominica,DMA,2003,14398.002,North America,DJI,3.0,11.69,62349.0,Africa,1231.651154833191
Dominica,DMA,2004,14962.246,North America,DJI,3.0,11.69,62349.0,Africa,1279.918391787853
Dominica,DMA,2005,15080.5205,North America,DJI,3.0,11.69,62349.0,Africa,1290.0359709153124
Dominica,DMA,2006,15727.705,North America,DJI,3.0,11.69,62349.0,Africa,1345.3982035928145
Dominica,DMA,2007,16560.518,North America,DJI,3.0,11.69,62349.0,Africa,1416.6396920444824
Dominica,DMA,2008,17738.041,North America,DJI,3.0,11.69,62349.0,Africa,1517.36877673225
Dominica,DMA,2009,17534.033,North America,DJI,3.0,11.69,62349.0,Africa,1499.9172797262618
Dominica,DMA,2010,17516.787,North America,DJI,3.0,11.69,62349.0,Africa,1498.4420017108641
Dominica,DMA,2011,17475.041,North America,DJI,3.0,11.69,62349.0,Africa,1494.870915312233
Dominica,DMA,2012,17431.129,North America,DJI,3.0,11.69,62349.0,Africa,1491.1145423438838
Dominica,DMA,2013,17282.637,North America,DJI,3.0,11.69,62349.0,Africa,1478.4120615911036
Dominica,DMA,2014,17520.855,North America,DJI,3.0,11.69,62349.0,Africa,1498.78999144568
Dominica,DMA,2015,16920.912,North America,DJI,3.0,11.69,62349.0,Africa,1447.4689478186485
Dominica,DMA,2016,17364.078,North America,DJI,3.0,11.69,62349.0,Africa,1485.3787852865698
Dominica,DMA,2017,16314.2295,North America,DJI,3.0,11.69,62349.0,Africa,1395.571385799829
Dominica,DMA,2018,16877.125,North America,DJI,3.0,11.69,62349.0,Africa,1443.7232677502138
Dominica,DMA,2019,17619.434,North America,DJI,3.0,11.69,62349.0,Africa,1507.2227544910181
Dominica,DMA,2020,14919.531,North America,DJI,3.0,11.69,62349.0,Africa,1276.2644140290847
Dominica,DMA,2021,15808.975,North America,DJI,3.0,11.69,62349.0,Africa,1352.3502994011976
Dominica,DMA,2022,17550.8,North America,DJI,3.0,11.69,62349.0,Africa,1501.3515825491872
Dominica,DMA,2023,18278.225,North America,DJI,3.0,11.69,62349.0,Africa,1563.5778443113772
Dominican Republic,DOM,1990,7327.7266,North America,DOM,73.0,6.13,7151165.0,North America,1195.3876998368678
Dominican Republic,DOM,1991,7246.2466,North America,DOM,73.0,6.13,7151165.0,North America,1182.0956933115824
Dominican Republic,DOM,1992,7900.768,North America,DOM,73.0,6.13,7151165.0,North America,1288.869168026101
Dominican Republic,DOM,1993,8318.492,North America,DOM,73.0,6.13,7151165.0,North America,1357.0133768352366
Dominican Republic,DOM,1994,8372.071,North America,DOM,73.0,6.13,7151165.0,North America,1365.7538336052203
Dominican Republic,DOM,1995,8685.017,North America,DOM,73.0,6.58,7888120.0,North America,1319.9113981762916
Dominican Republic,DOM,1996,9036.884,North America,DOM,73.0,6.58,7888120.0,North America,1373.3866261398175
Dominican Republic,DOM,1997,9671.148,North America,DOM,73.0,6.58,7888120.0,North America,1469.7793313069908
Dominican Republic,DOM,1998,10150.446,North America,DOM,73.0,6.58,7888120.0,North America,1542.620972644377
Dominican Republic,DOM,1999,10582.077,North America,DOM,73.0,6.58,7888120.0,North America,1608.2183890577505
Dominican Republic,DOM,2000,10896.318,North America,DOM,73.0,7.03,8584196.0,North America,1549.9741109530582
Dominican Republic,DOM,2001,10991.137,North America,DOM,73.0,7.03,8584196.0,North America,1563.461877667141
Dominican Republic,DOM,2002,11313.069,North America,DOM,87.0,7.03,8852231.0,North America,1609.2559032716927
Dominican Republic,DOM,2003,11000.868,North America,DOM,87.0,7.03,8852231.0,North America,1564.8460881934566
Dominican Republic,DOM,2004,11131.2705,North America,DOM,87.0,7.03,8852231.0,North America,1583.3955192034139
Dominican Republic,DOM,2005,12022.508,North America,DOM,87.0,7.54,9225035.0,North America,1594.4970822281166
Dominican Republic,DOM,2006,12961.918,North America,DOM,87.0,7.54,9225035.0,North America,1719.0872679045092
Dominican Republic,DOM,2007,13754.921,North America,DOM,88.0,7.54,9455663.0,North America,1824.2600795755968
Dominican Republic,DOM,2008,14030.141,North America,DOM,88.0,7.54,9455663.0,North America,1860.7614058355437
Dominican Republic,DOM,2009,13992.41,North America,DOM,88.0,7.54,9455663.0,North America,1855.7572944297083
Dominican Republic,DOM,2010,14975.001,North America,DOM,90.0,8.12,9820180.0,North America,1844.2119458128082
Dominican Republic,DOM,2011,15258.086,North America,DOM,90.0,8.12,9945623.0,North America,1879.074630541872
Dominican Republic,DOM,2012,15487.277,North America,DOM,90.0,8.12,10070409.0,North America,1907.3001231527096
Dominican Republic,DOM,2013,16054.768,North America,DOM,91.0,8.12,10193838.0,North America,1977.1881773399016
Dominican Republic,DOM,2014,16993.588,North America,DOM,92.0,8.12,10315523.0,North America,2092.806403940887
Dominican Republic,DOM,2015,17973.188,North America,DOM,92.0,8.48,10434826.0,North America,2119.479716981132
Dominican Republic,DOM,2016,18968.975,North America,DOM,94.0,8.48,10551430.0,North America,2236.907429245283
Dominican Republic,DOM,2017,19501.875,North America,DOM,94.0,8.48,10551430.0,North America,2299.7494103773583
Dominican Republic,DOM,2018,20662.848,North America,DOM,94.0,8.48,10551430.0,North America,2436.656603773585
Dominican Republic,DOM,2019,21451.287,North America,DOM,94.0,8.48,10551430.0,North America,2529.632900943396
Dominican Republic,DOM,2020,19545.41,North America,DOM,94.0,9.04,11008298.0,North America,2162.102876106195
Dominican Republic,DOM,2021,22053.459,North America,DOM,94.0,9.04,11008298.0,North America,2439.5419247787613
Dominican Republic,DOM,2022,22986.959,North America,DOM,94.0,9.04,11008298.0,North America,2542.805199115044
Dominican Republic,DOM,2023,23282.49,North America,DOM,94.0,9.04,11008298.0,North America,2575.4966814159297
East Asia And Pacific (Wb),WB_EAP,1990,5756.0933,North America,DOM,81.17076,9.04,11008298.0,North America,636.7359845132745
East Asia And Pacific (Wb),WB_EAP,1991,5988.0327,North America,DOM,81.71117,9.04,11008298.0,North America,662.3929977876106
East Asia And Pacific (Wb),WB_EAP,1992,6222.934,North America,DOM,82.22357,9.04,11008298.0,North America,688.3776548672568
East Asia And Pacific (Wb),WB_EAP,1993,6469.884,North America,DOM,82.68984,9.04,11008298.0,North America,715.6951327433629
East Asia And Pacific (Wb),WB_EAP,1994,6784.153,North America,DOM,83.24469,9.04,11008298.0,North America,750.4594026548674
East Asia And Pacific (Wb),WB_EAP,1995,7136.054,North America,DOM,83.8043,9.04,11008298.0,North America,789.3865044247789
East Asia And Pacific (Wb),WB_EAP,1996,7492.9214,North America,DOM,84.29005,9.04,11008298.0,North America,828.8629867256639
East Asia And Pacific (Wb),WB_EAP,1997,7741.4346,North America,DOM,89.27749,9.04,11008298.0,North America,856.3533849557523
East Asia And Pacific (Wb),WB_EAP,1998,7650.917,North America,DOM,89.64291,9.04,11008298.0,North America,846.3403761061949
East Asia And Pacific (Wb),WB_EAP,1999,7893.5933,North America,DOM,89.96028,9.04,11008298.0,North America,873.1850995575222
East Asia And Pacific (Wb),WB_EAP,2000,8279.299,North America,DOM,90.32185,9.04,11008298.0,North America,915.8516592920356
East Asia And Pacific (Wb),WB_EAP,2001,8512.431,North America,DOM,90.63564,9.04,11008298.0,North America,941.6405973451328
East Asia And Pacific (Wb),WB_EAP,2002,8870.338,North America,DOM,90.98982,9.04,11008298.0,North America,981.2320796460177
East Asia And Pacific (Wb),WB_EAP,2003,9295.639,North America,DOM,91.36144,9.04,11008298.0,North America,1028.2786504424778
East Asia And Pacific (Wb),WB_EAP,2004,9822.029,North America,DOM,91.69448,9.04,11008298.0,North America,1086.507632743363
East Asia And Pacific (Wb),WB_EAP,2005,10389.535,North America,DOM,92.02961,9.04,11008298.0,North America,1149.2848451327434
East Asia And Pacific (Wb),WB_EAP,2006,11051.691,North America,DOM,92.37919,9.04,11008298.0,North America,1222.5321902654869
East Asia And Pacific (Wb),WB_EAP,2007,11869.004,North America,DOM,93.5125,9.04,11008298.0,North America,1312.9429203539826
East Asia And Pacific (Wb),WB_EAP,2008,12377.856,North America,DOM,93.81618,9.04,11008298.0,North America,1369.2318584070797
East Asia And Pacific (Wb),WB_EAP,2009,12714.224,North America,DOM,94.08518,9.04,11008298.0,North America,1406.4407079646019
East Asia And Pacific (Wb),WB_EAP,2010,13649.818,North America,DOM,94.20017,9.04,11008298.0,North America,1509.9356194690265
East Asia And Pacific (Wb),WB_EAP,2011,14359.679,North America,DOM,93.8646,9.04,11008298.0,North America,1588.4600663716815
East Asia And Pacific (Wb),WB_EAP,2012,15050.348,North America,DOM,94.09502,9.04,11008298.0,North America,1664.861504424779
East Asia And Pacific (Wb),WB_EAP,2013,15769.158,North America,DOM,94.20693,9.04,11008298.0,North America,1744.3758849557523
East Asia And Pacific (Wb),WB_EAP,2014,16465.184,North America,DOM,94.71124,9.04,11008298.0,North America,1821.369911504425
East Asia And Pacific (Wb),WB_EAP,2015,17172.613,North America,DOM,94.92792,9.04,11008298.0,North America,1899.6253318584074
East Asia And Pacific (Wb),WB_EAP,2016,17906.893,North America,DOM,95.13196,9.04,11008298.0,North America,1980.8509955752215
East Asia And Pacific (Wb),WB_EAP,2017,18741.928,North America,DOM,95.32305,9.04,11008298.0,North America,2073.2221238938055
East Asia And Pacific (Wb),WB_EAP,2018,19592.787,North America,DOM,95.36943,9.04,11008298.0,North America,2167.3436946902657
East Asia And Pacific (Wb),WB_EAP,2019,20360.18,North America,DOM,95.80688,9.04,11008298.0,North America,2252.232300884956
East Asia And Pacific (Wb),WB_EAP,2020,20267.256,North America,DOM,96.0287,9.04,11008298.0,North America,2241.9530973451333
East Asia And Pacific (Wb),WB_EAP,2021,21508.496,North America,DOM,96.16493,9.04,11008298.0,North America,2379.258407079646
East Asia And Pacific (Wb),WB_EAP,2022,22175.197,North America,DOM,96.30093,9.04,11008298.0,North America,2453.008517699115
East Asia And Pacific (Wb),WB_EAP,2023,23098.934,North America,DOM,96.43049,9.04,11008298.0,North America,2555.1918141592923
East Timor,TLS,1990,2143.792,Asia,TLS,3.0,9.04,414767.0,Asia,237.14513274336284
East Timor,TLS,1991,2318.7942,Asia,TLS,3.0,9.04,414767.0,Asia,256.5037831858407
East Timor,TLS,1992,2493.9087,Asia,TLS,3.0,9.04,414767.0,Asia,275.87485619469027
East Timor,TLS,1993,2674.3992,Asia,TLS,3.0,9.04,414767.0,Asia,295.84061946902654
East Timor,TLS,1994,2786.6763,Asia,TLS,3.0,9.04,414767.0,Asia,308.2606526548673
East Timor,TLS,1995,2891.8647,Asia,TLS,3.0,9.04,414767.0,Asia,319.89653761061953
East Timor,TLS,1996,3038.2305,Asia,TLS,3.0,9.04,414767.0,Asia,336.08744469026556
East Timor,TLS,1997,3073.9705,Asia,TLS,3.0,9.04,414767.0,Asia,340.04098451327434
East Timor,TLS,1998,2931.481,Asia,TLS,3.0,9.04,414767.0,Asia,324.278871681416
East Timor,TLS,1999,2136.6494,Asia,TLS,3.0,9.04,414767.0,Asia,236.3550221238938
East Timor,TLS,2000,3783.7834,Asia,TLS,3.0,9.04,414767.0,Asia,418.56011061946907
East Timor,TLS,2001,4038.336,Asia,TLS,38.0,9.04,812253.0,Asia,446.71858407079645
East Timor,TLS,2002,3480.9885,Asia,TLS,38.0,9.04,812253.0,Asia,385.06509955752216
East Timor,TLS,2003,3264.9465,Asia,TLS,38.0,9.04,812253.0,Asia,361.1666482300885
East Timor,TLS,2004,3234.9758,Asia,TLS,38.0,9.04,812253.0,Asia,357.8513053097346
East Timor,TLS,2005,3263.9446,Asia,TLS,38.0,9.04,812253.0,Asia,361.05581858407083
East Timor,TLS,2006,3038.9526,Asia,TLS,38.0,9.04,812253.0,Asia,336.1673230088496
East Timor,TLS,2007,3256.5698,Asia,TLS,51.0,9.04,1004898.0,Asia,360.2400221238939
East Timor,TLS,2008,3530.8823,Asia,TLS,51.0,9.04,1004898.0,Asia,390.584325221239
East Timor,TLS,2009,3792.3582,Asia,TLS,51.0,9.04,1004898.0,Asia,419.5086504424779
East Timor,TLS,2010,4047.2495,Asia,TLS,58.0,9.04,1084688.0,Asia,447.70459070796466
East Timor,TLS,2011,4189.8,Asia,TLS,58.0,9.04,1084688.0,Asia,463.4734513274337
East Timor,TLS,2012,4297.915,Asia,TLS,58.0,9.04,1084688.0,Asia,475.433075221239
East Timor,TLS,2013,4340.2783,Asia,TLS,58.0,9.04,1084688.0,Asia,480.11928097345134
East Timor,TLS,2014,4445.3594,Asia,TLS,58.0,9.04,1084688.0,Asia,491.7432964601771
East Timor,TLS,2015,4467.8003,Asia,TLS,58.0,9.04,1084688.0,Asia,494.2256969026549
East Timor,TLS,2016,4515.423,Asia,TLS,65.77913,9.04,1228314.0,Asia,499.4936946902655
East Timor,TLS,2017,4290.0273,Asia,TLS,65.77913,9.04,1228314.0,Asia,474.56054203539827
East Timor,TLS,2018,4188.8413,Asia,TLS,65.77913,9.04,1228314.0,Asia,463.3674004424779
East Timor,TLS,2019,5103.1494,Asia,TLS,65.77913,9.04,1228314.0,Asia,564.5076769911506
East Timor,TLS,2020,6594.882,Asia,TLS,65.77913,9.04,1228314.0,Asia,729.5223451327433
East Timor,TLS,2021,6825.046,Asia,TLS,65.77913,9.04,1228314.0,Asia,754.98296460177
East Timor,TLS,2022,5348.492,Asia,TLS,65.77913,9.04,1228314.0,Asia,591.6473451327435
East Timor,TLS,2023,4331.078,Asia,TLS,65.77913,9.04,1228314.0,Asia,479.1015486725665
Eastern And South-Eastern Asia (Sdg),TLS,1990,3890.9575,Asia,TLS,81.18364,9.04,1228314.0,Asia,430.4156526548673
Eastern And South-Eastern Asia (Sdg),TLS,1991,3890.9575,Asia,TLS,81.73081,9.04,1228314.0,Asia,430.4156526548673
Eastern And South-Eastern Asia (Sdg),TLS,1992,3890.9575,Asia,TLS,82.24957,9.04,1228314.0,Asia,430.4156526548673
Eastern And South-Eastern Asia (Sdg),TLS,1993,3890.9575,Asia,TLS,82.72173,9.04,1228314.0,Asia,430.4156526548673
Eastern And South-Eastern Asia (Sdg),TLS,1994,3890.9575,Asia,TLS,83.28386,9.04,1228314.0,Asia,430.4156526548673
Eastern And South-Eastern Asia (Sdg),TLS,1995,3890.9575,Asia,TLS,83.85079,9.04,1228314.0,Asia,430.4156526548673
Eastern And South-Eastern Asia (Sdg),TLS,1996,3890.9575,Asia,TLS,84.34014,9.04,1228314.0,Asia,430.4156526548673
Eastern And South-Eastern Asia (Sdg),TLS,1997,3890.9575,Asia,TLS,89.39987,9.04,1228314.0,Asia,430.4156526548673
Eastern And South-Eastern Asia (Sdg),TLS,1998,3890.9575,Asia,TLS,89.76716,9.04,1228314.0,Asia,430.4156526548673
Eastern And South-Eastern Asia (Sdg),TLS,1999,3890.9575,Asia,TLS,90.08641,9.04,1228314.0,Asia,430.4156526548673
Eastern And South-Eastern Asia (Sdg),TLS,2000,3890.9575,Asia,TLS,90.45192,9.04,1228314.0,Asia,430.4156526548673
Eastern And South-Eastern Asia (Sdg),TLS,2001,3890.9575,Asia,TLS,90.76801,9.04,1228314.0,Asia,430.4156526548673
Eastern And South-Eastern Asia (Sdg),TLS,2002,3890.9575,Asia,TLS,91.12475,9.04,1228314.0,Asia,430.4156526548673
Eastern And South-Eastern Asia (Sdg),TLS,2003,3890.9575,Asia,TLS,91.49954,9.04,1228314.0,Asia,430.4156526548673
Eastern And South-Eastern Asia (Sdg),TLS,2004,3890.9575,Asia,TLS,91.83497,9.04,1228314.0,Asia,430.4156526548673
Eastern And South-Eastern Asia (Sdg),TLS,2005,3890.9575,Asia,TLS,92.17309,9.04,1228314.0,Asia,430.4156526548673
Eastern And South-Eastern Asia (Sdg),TLS,2006,3890.9575,Asia,TLS,92.52596,9.04,1228314.0,Asia,430.4156526548673
Eastern And South-Eastern Asia (Sdg),TLS,2007,3890.9575,Asia,TLS,93.67552,9.04,1228314.0,Asia,430.4156526548673
Eastern And South-Eastern Asia (Sdg),TLS,2008,3890.9575,Asia,TLS,93.98298,9.04,1228314.0,Asia,430.4156526548673
Eastern And South-Eastern Asia (Sdg),TLS,2009,3890.9575,Asia,TLS,94.25554,9.04,1228314.0,Asia,430.4156526548673
Eastern And South-Eastern Asia (Sdg),TLS,2010,3890.9575,Asia,TLS,94.37094,9.04,1228314.0,Asia,430.4156526548673
Eastern And South-Eastern Asia (Sdg),TLS,2011,3890.9575,Asia,TLS,94.03088,9.04,1228314.0,Asia,430.4156526548673
Eastern And South-Eastern Asia (Sdg),TLS,2012,3890.9575,Asia,TLS,94.26621,9.04,1228314.0,Asia,430.4156526548673
Eastern And South-Eastern Asia (Sdg),TLS,2013,3890.9575,Asia,TLS,94.38122,9.04,1228314.0,Asia,430.4156526548673
Eastern And South-Eastern Asia (Sdg),TLS,2014,3890.9575,Asia,TLS,94.89836,9.04,1228314.0,Asia,430.4156526548673
Eastern And South-Eastern Asia (Sdg),TLS,2015,3890.9575,Asia,TLS,95.12345,9.04,1228314.0,Asia,430.4156526548673
Eastern And South-Eastern Asia (Sdg),TLS,2016,3890.9575,Asia,TLS,95.33295,9.04,1228314.0,Asia,430.4156526548673
Eastern And South-Eastern Asia (Sdg),TLS,2017,3890.9575,Asia,TLS,95.52963,9.04,1228314.0,Asia,430.4156526548673
Eastern And South-Eastern Asia (Sdg),TLS,2018,3890.9575,Asia,TLS,95.57909,9.04,1228314.0,Asia,430.4156526548673
Eastern And South-Eastern Asia (Sdg),TLS,2019,3890.9575,Asia,TLS,96.02655,9.04,1228314.0,Asia,430.4156526548673
Eastern And South-Eastern Asia (Sdg),TLS,2020,3890.9575,Asia,TLS,96.25462,9.04,1228314.0,Asia,430.4156526548673
Eastern And South-Eastern Asia (Sdg),TLS,2021,3890.9575,Asia,TLS,96.39394,9.04,1228314.0,Asia,430.4156526548673
Eastern And South-Eastern Asia (Sdg),TLS,2022,3890.9575,Asia,TLS,96.53545,9.04,1228314.0,Asia,430.4156526548673
Eastern And South-Eastern Asia (Sdg),TLS,2023,3890.9575,Asia,TLS,96.6705,9.04,1228314.0,Asia,430.4156526548673
Ecuador,ECU,1990,9104.816,South America,ECU,88.0,7.23,10473674.0,South America,1259.3106500691563
Ecuador,ECU,1991,9292.618,South America,ECU,88.0,7.23,10473674.0,South America,1285.286030428769
Ecuador,ECU,1992,9291.371,South America,ECU,88.0,7.23,10473674.0,South America,1285.1135546334715
Ecuador,ECU,1993,9284.315,South America,ECU,88.0,7.23,10473674.0,South America,1284.1376210235132
Ecuador,ECU,1994,9494.175,South America,ECU,88.0,7.23,10473674.0,South America,1313.1639004149376
Ecuador,ECU,1995,9525.177,South America,ECU,88.0,7.32,11590519.0,South America,1301.25368852459
Ecuador,ECU,1996,9509.275,South America,ECU,88.0,7.32,11590519.0,South America,1299.0812841530053
Ecuador,ECU,1997,9739.267,South America,ECU,88.0,7.32,11590519.0,South America,1330.5009562841528
Ecuador,ECU,1998,9876.751,South America,ECU,88.0,7.32,11590519.0,South America,1349.2829234972678
Ecuador,ECU,1999,9242.967,South America,ECU,88.0,7.32,11590519.0,South America,1262.7004098360655
Ecuador,ECU,2000,9183.052,South America,ECU,88.0,7.41,12689215.0,South America,1239.2782726045884
Ecuador,ECU,2001,9405.117,South America,ECU,91.0,7.41,12910736.0,South America,1269.2465587044535
Ecuador,ECU,2002,9697.556,South America,ECU,91.0,7.41,12910736.0,South America,1308.7120107962214
Ecuador,ECU,2003,9802.814,South America,ECU,91.0,7.41,12910736.0,South America,1322.9168690958165
Ecuador,ECU,2004,10290.663,South America,ECU,91.0,7.41,12910736.0,South America,1388.7534412955465
Ecuador,ECU,2005,10660.205,South America,ECU,91.0,7.7,13846162.0,South America,1384.4422077922077
Ecuador,ECU,2006,10933.49,South America,ECU,91.0,7.7,13846162.0,South America,1419.9337662337662
Ecuador,ECU,2007,10952.822,South America,ECU,92.0,7.7,14328783.0,South America,1422.4444155844155
Ecuador,ECU,2008,11474.525,South America,ECU,92.0,7.7,14575201.0,South America,1490.198051948052
Ecuador,ECU,2009,11403.527,South America,ECU,92.0,7.7,14825960.0,South America,1480.9775324675325
Ecuador,ECU,2010,11665.698,South America,ECU,92.0,8.02,15076697.0,South America,1454.5758104738156
Ecuador,ECU,2011,12449.078,South America,ECU,92.0,8.02,15326232.0,South America,1552.254114713217
Ecuador,ECU,2012,12961.026,South America,ECU,92.0,8.02,15572195.0,South America,1616.0880299251871
Ecuador,ECU,2013,13689.152,South America,ECU,93.0,8.02,15807132.0,South America,1706.87680798005
Ecuador,ECU,2014,14064.799,South America,ECU,94.0,8.02,16035127.0,South America,1753.715586034913
Ecuador,ECU,2015,13881.57,South America,ECU,94.0,8.54,16266229.0,South America,1625.476580796253
Ecuador,ECU,2016,13586.516,South America,ECU,94.0,8.54,16505142.0,South America,1590.9269320843093
Ecuador,ECU,2017,14179.153,South America,ECU,93.0,8.54,16759515.0,South America,1660.3223653395787
Ecuador,ECU,2018,14083.507,South America,ECU,93.0,8.54,16759515.0,South America,1649.122599531616
Ecuador,ECU,2019,13870.489,South America,ECU,93.0,8.54,16759515.0,South America,1624.1790398126466
Ecuador,ECU,2020,12440.326,South America,ECU,94.0,9.07,17546058.0,South America,1371.590518191841
Ecuador,ECU,2021,13507.444,South America,ECU,94.0,9.07,17682454.0,South America,1489.2441014332965
Ecuador,ECU,2022,14186.639,South America,ECU,94.0,9.07,17823900.0,South America,1564.1277839029767
Ecuador,ECU,2023,14343.019,South America,ECU,94.0,9.07,17823900.0,South America,1581.3692392502755
Egypt,EGY,1990,8006.6216,Africa,EGY,44.0,4.6,58396625.0,Africa,1740.5699130434784
Egypt,EGY,1991,7876.5527,Africa,EGY,44.0,4.6,58396625.0,Africa,1712.2940652173916
Egypt,EGY,1992,8034.5625,Africa,EGY,44.0,4.6,58396625.0,Africa,1746.6440217391305
Egypt,EGY,1993,8079.0547,Africa,EGY,44.0,4.6,58396625.0,Africa,1756.316239130435
Egypt,EGY,1994,8221.047,Africa,EGY,44.0,4.6,58396625.0,Africa,1787.184130434783
Egypt,EGY,1995,8423.578,Africa,EGY,44.0,5.36,65652621.0,Africa,1571.5630597014924
Egypt,EGY,1996,8662.331,Africa,EGY,56.0,5.36,67028045.0,Africa,1616.1065298507463
Egypt,EGY,1997,8950.654,Africa,EGY,56.0,5.36,67028045.0,Africa,1669.898134328358
Egypt,EGY,1998,9245.479,Africa,EGY,56.0,5.36,67028045.0,Africa,1724.9027985074624
Egypt,EGY,1999,9588.859,Africa,EGY,56.0,5.36,67028045.0,Africa,1788.9662313432837
Egypt,EGY,2000,9981.628,Africa,EGY,56.0,6.3,73083287.0,Africa,1584.385396825397
Egypt,EGY,2001,10117.333,Africa,EGY,56.0,6.3,73083287.0,Africa,1605.925873015873
Egypt,EGY,2002,10143.506,Africa,EGY,56.0,6.3,73083287.0,Africa,1610.0803174603175
Egypt,EGY,2003,10250.377,Africa,EGY,56.0,6.3,73083287.0,Africa,1627.0439682539684
Egypt,EGY,2004,10451.821,Africa,EGY,56.0,6.3,73083287.0,Africa,1659.0192063492063
Egypt,EGY,2005,10700.609,Africa,EGY,67.0,6.93,81101012.0,Africa,1544.0994227994229
Egypt,EGY,2006,11211.832,Africa,EGY,66.0,6.93,82700404.0,Africa,1617.8689754689756
Egypt,EGY,2007,11782.006,Africa,EGY,66.0,6.93,82700404.0,Africa,1700.145165945166
Egypt,EGY,2008,12391.585,Africa,EGY,66.0,6.93,82700404.0,Africa,1788.1075036075035
Egypt,EGY,2009,12728.081,Africa,EGY,66.0,6.93,82700404.0,Africa,1836.663924963925
Egypt,EGY,2010,13128.988,Africa,EGY,72.0,7.44,89196073.0,Africa,1764.6489247311827
Egypt,EGY,2011,13082.427,Africa,EGY,72.0,7.44,89196073.0,Africa,1758.3907258064514
Egypt,EGY,2012,13076.806,Africa,EGY,74.0,7.44,93161000.0,Africa,1757.6352150537634
Egypt,EGY,2013,13058.075,Africa,EGY,72.0,7.44,95333551.0,Africa,1755.1176075268818
Egypt,EGY,2014,13136.365,Africa,EGY,72.0,7.44,95333551.0,Africa,1765.6404569892472
Egypt,EGY,2015,13425.912,Africa,EGY,72.0,7.53,99597334.0,Africa,1782.989641434263
Egypt,EGY,2016,13727.32,Africa,EGY,72.0,7.53,99597334.0,Africa,1823.0172642762284
Egypt,EGY,2017,14018.36,Africa,EGY,71.0,7.53,103696055.0,Africa,1861.667994687915
Egypt,EGY,2018,14488.209,Africa,EGY,71.0,7.53,103696055.0,Africa,1924.0649402390438
Egypt,EGY,2019,15026.568,Africa,EGY,71.0,7.53,103696055.0,Africa,1995.5601593625497
Egypt,EGY,2020,15309.236,Africa,EGY,71.0,8.01,109315118.0,Africa,1911.265418227216
Egypt,EGY,2021,15579.016,Africa,EGY,71.0,8.01,109315118.0,Africa,1944.9458177278402
Egypt,EGY,2022,16360.391,Africa,EGY,71.0,8.01,109315118.0,Africa,2042.4957553058678
Egypt,EGY,2023,16691.387,Africa,EGY,71.0,8.01,109315118.0,Africa,2083.818601747815
El Salvador,SLV,1990,5976.0176,North America,SLV,37.5,5.08,5399728.0,North America,1176.3814173228347
El Salvador,SLV,1991,5960.059,North America,SLV,37.5,5.08,5399728.0,North America,1173.2399606299214
El Salvador,SLV,1992,6275.1875,North America,SLV,74.0,5.08,5585611.0,North America,1235.2731299212599
El Salvador,SLV,1993,6553.0723,North America,SLV,74.0,5.08,5585611.0,North America,1289.9748622047243
El Salvador,SLV,1994,6795.506,North America,SLV,74.0,5.08,5585611.0,North America,1337.698031496063
El Salvador,SLV,1995,7057.9204,North America,SLV,74.0,5.8,5762135.0,North America,1216.882827586207
El Salvador,SLV,1996,7062.3003,North America,SLV,74.0,5.8,5762135.0,North America,1217.6379827586206
El Salvador,SLV,1997,7234.9443,North America,SLV,74.0,5.8,5762135.0,North America,1247.4041896551726
El Salvador,SLV,1998,7381.1147,North America,SLV,74.0,5.8,5762135.0,North America,1272.6059827586207
El Salvador,SLV,1999,7498.4673,North America,SLV,74.0,5.8,5762135.0,North America,1292.8391896551725
El Salvador,SLV,2000,7545.4478,North America,SLV,74.0,7.04,5943363.0,North America,1071.7965625
El Salvador,SLV,2001,7580.323,North America,SLV,74.0,7.04,5943363.0,North America,1076.7504261363638
El Salvador,SLV,2002,7675.671,North America,SLV,74.0,7.04,5943363.0,North America,1090.2941761363636
El Salvador,SLV,2003,7780.272,North America,SLV,74.0,7.04,5943363.0,North America,1105.1522727272727
El Salvador,SLV,2004,7841.532,North America,SLV,74.0,7.04,5943363.0,North America,1113.8539772727272
El Salvador,SLV,2005,8050.5347,North America,SLV,74.0,8.08,6005583.0,North America,996.3533044554456
El Salvador,SLV,2006,8404.247,North America,SLV,84.0,8.08,6002321.0,North America,1040.1295792079206
El Salvador,SLV,2007,8548.835,North America,SLV,82.0,8.08,6009820.0,North America,1058.0241336633662
El Salvador,SLV,2008,8704.806,North America,SLV,84.0,8.08,6029302.0,North America,1077.3274752475247
El Salvador,SLV,2009,8494.498,North America,SLV,84.0,8.08,6048284.0,North America,1051.2992574257426
El Salvador,SLV,2010,8648.93,North America,SLV,84.0,8.06,6068253.0,North America,1073.0682382133996
El Salvador,SLV,2011,8943.062,North America,SLV,85.0,8.06,6090128.0,North America,1109.5610421836227
El Salvador,SLV,2012,9165.42,North America,SLV,85.0,8.06,6090128.0,North America,1137.1488833746898
El Salvador,SLV,2013,9327.564,North America,SLV,87.0,8.06,6138845.0,North America,1157.266004962779
El Salvador,SLV,2014,9451.744,North America,SLV,87.0,8.06,6138845.0,North America,1172.672952853598
El Salvador,SLV,2015,9646.154,North America,SLV,88.0,7.67,6183675.0,North America,1257.6471968709257
El Salvador,SLV,2016,9863.761,North America,SLV,88.0,7.67,6200808.0,North America,1286.0183833116037
El Salvador,SLV,2017,10064.794,North America,SLV,88.0,7.67,6213538.0,North America,1312.2286831812255
El Salvador,SLV,2018,10297.203,North America,SLV,89.0,7.67,6219803.0,North America,1342.5297262059973
El Salvador,SLV,2019,10543.938,North America,SLV,89.0,7.67,6222316.0,North America,1374.6985658409387
El Salvador,SLV,2020,9692.449,North America,SLV,90.0,8.1,6234679.0,North America,1196.5986419753087
El Salvador,SLV,2021,10809.714,North America,SLV,90.0,8.1,6234679.0,North America,1334.5325925925927
El Salvador,SLV,2022,11085.618,North America,SLV,90.0,8.1,6234679.0,North America,1368.594814814815
El Salvador,SLV,2023,11424.6455,North America,SLV,90.0,8.1,6309629.0,North America,1410.4500617283952
Equatorial Guinea,GNQ,1990,1122.8176,Africa,GNQ,22.5,8.1,226570.0,Africa,138.61945679012348
Equatorial Guinea,GNQ,1991,1070.8276,Africa,GNQ,22.5,8.1,226570.0,Africa,132.20093827160494
Equatorial Guinea,GNQ,1992,1390.4791,Africa,GNQ,22.5,8.1,226570.0,Africa,171.6640864197531
Equatorial Guinea,GNQ,1993,1487.812,Africa,GNQ,22.5,8.1,226570.0,Africa,183.6804938271605
Equatorial Guinea,GNQ,1994,1672.3455,Africa,GNQ,22.5,8.1,226570.0,Africa,206.4624074074074
Equatorial Guinea,GNQ,1995,1892.1166,Africa,GNQ,22.5,8.1,226570.0,Africa,233.59464197530866
Equatorial Guinea,GNQ,1996,3033.8403,Africa,GNQ,22.5,8.1,226570.0,Africa,374.54818518518516
Equatorial Guinea,GNQ,1997,7296.1,Africa,GNQ,22.5,8.1,226570.0,Africa,900.7530864197531
Equatorial Guinea,GNQ,1998,8684.657,Africa,GNQ,22.5,8.1,226570.0,Africa,1072.1798765432097
Equatorial Guinea,GNQ,1999,10492.465,Africa,GNQ,22.5,8.1,226570.0,Africa,1295.366049382716
Equatorial Guinea,GNQ,2000,11767.471,Africa,GNQ,88.0,8.1,703287.0,Africa,1452.7741975308643
Equatorial Guinea,GNQ,2001,18031.965,Africa,GNQ,88.0,8.1,703287.0,Africa,2226.168518518519
Equatorial Guinea,GNQ,2002,20242.432,Africa,GNQ,88.0,8.1,703287.0,Africa,2499.0656790123458
Equatorial Guinea,GNQ,2003,21709.574,Africa,GNQ,88.0,8.1,703287.0,Africa,2680.1943209876545
Equatorial Guinea,GNQ,2004,28225.986,Africa,GNQ,88.0,8.1,703287.0,Africa,3484.68962962963
Equatorial Guinea,GNQ,2005,31302.957,Africa,GNQ,88.0,8.1,703287.0,Africa,3864.5625925925924
Equatorial Guinea,GNQ,2006,32251.768,Africa,GNQ,88.0,8.1,703287.0,Africa,3981.69975308642
Equatorial Guinea,GNQ,2007,35540.45,Africa,GNQ,88.0,8.1,703287.0,Africa,4387.70987654321
Equatorial Guinea,GNQ,2008,39994.617,Africa,GNQ,88.0,8.1,703287.0,Africa,4937.607037037037
Equatorial Guinea,GNQ,2009,38706.605,Africa,GNQ,88.0,8.1,703287.0,Africa,4778.593209876543
Equatorial Guinea,GNQ,2010,33668.875,Africa,GNQ,88.0,8.1,703287.0,Africa,4156.651234567901
Equatorial Guinea,GNQ,2011,34341.934,Africa,GNQ,88.0,8.1,703287.0,Africa,4239.744938271605
Equatorial Guinea,GNQ,2012,35711.492,Africa,GNQ,88.0,8.1,703287.0,Africa,4408.826172839506
Equatorial Guinea,GNQ,2013,32894.37,Africa,GNQ,88.0,8.1,703287.0,Africa,4061.0333333333338
Equatorial Guinea,GNQ,2014,31765.9,Africa,GNQ,88.0,8.1,703287.0,Africa,3921.7160493827164
Equatorial Guinea,GNQ,2015,27797.795,Africa,GNQ,88.0,8.1,703287.0,Africa,3431.8265432098765
Equatorial Guinea,GNQ,2016,24435.064,Africa,GNQ,88.0,8.1,703287.0,Africa,3016.6745679012347
Equatorial Guinea,GNQ,2017,22250.44,Africa,GNQ,88.0,8.1,703287.0,Africa,2746.9679012345678
Equatorial Guinea,GNQ,2018,20165.48,Africa,GNQ,88.0,8.1,703287.0,Africa,2489.5654320987655
Equatorial Guinea,GNQ,2019,18446.592,Africa,GNQ,88.0,8.1,703287.0,Africa,2277.357037037037
Equatorial Guinea,GNQ,2020,17089.154,Africa,GNQ,88.0,8.1,703287.0,Africa,2109.772098765432
Equatorial Guinea,GNQ,2021,16821.45,Africa,GNQ,88.0,8.1,703287.0,Africa,2076.7222222222226
Equatorial Guinea,GNQ,2022,16932.771,Africa,GNQ,88.0,8.1,703287.0,Africa,2090.4655555555555
Equatorial Guinea,GNQ,2023,15688.238,Africa,GNQ,88.0,8.1,703287.0,Africa,1936.8195061728395
Eritrea,GNQ,2002,15454.429,Africa,ERI,53.0,8.1,2392981.0,Africa,1907.9541975308643
Eritrea,GNQ,2008,15454.429,Africa,ERI,65.0,8.1,2816331.0,Africa,1907.9541975308643
Estonia,EST,1990,19163.229,Europe,EST,100.0,8.1,1567590.0,Europe,2365.8307407407406
Estonia,EST,1991,17718.955,Europe,EST,100.0,8.1,1567590.0,Europe,2187.5253086419757
Estonia,EST,1992,14225.231,Europe,EST,100.0,8.1,1567590.0,Europe,1756.2013580246914
Estonia,EST,1993,13758.295,Europe,EST,100.0,8.1,1567590.0,Europe,1698.5549382716051
Estonia,EST,1994,13824.843,Europe,EST,100.0,8.1,1567590.0,Europe,1706.7707407407408
Estonia,EST,1995,14710.969,Europe,EST,100.0,8.1,1567590.0,Europe,1816.169012345679
Estonia,EST,1996,15667.591,Europe,EST,100.0,8.1,1567590.0,Europe,1934.2704938271606
Estonia,EST,1997,17915.453,Europe,EST,100.0,8.1,1567590.0,Europe,2211.7843209876546
Estonia,EST,1998,18873.375,Europe,EST,100.0,8.1,1567590.0,Europe,2330.0462962962965
Estonia,EST,1999,18737.898,Europe,EST,100.0,8.1,1567590.0,Europe,2313.320740740741
Estonia,EST,2000,20528.57,Europe,EST,100.0,8.1,1397001.0,Europe,2534.3913580246913
Estonia,EST,2001,21874.695,Europe,EST,100.0,8.1,1397001.0,Europe,2700.57962962963
Estonia,EST,2002,23539.906,Europe,EST,100.0,8.1,1397001.0,Europe,2906.1612345679014
Estonia,EST,2003,25487.533,Europe,EST,100.0,8.1,1397001.0,Europe,3146.6090123456793
Estonia,EST,2004,27384.084,Europe,EST,100.0,8.1,1397001.0,Europe,3380.751111111111
Estonia,EST,2005,30164.006,Europe,EST,100.0,8.1,1397001.0,Europe,3723.9513580246917
Estonia,EST,2006,33304.594,Europe,EST,100.0,8.1,1397001.0,Europe,4111.678271604938
Estonia,EST,2007,35989.863,Europe,EST,100.0,8.1,1397001.0,Europe,4443.192962962963
Estonia,EST,2008,34236.95,Europe,EST,100.0,8.1,1397001.0,Europe,4226.783950617284
Estonia,EST,2009,29284.404,Europe,EST,100.0,8.1,1397001.0,Europe,3615.3585185185184
Estonia,EST,2010,30070.299,Europe,EST,100.0,8.1,1397001.0,Europe,3712.3825925925926
Estonia,EST,2011,32456.121,Europe,EST,100.0,8.1,1327366.0,Europe,4006.9285185185186
Estonia,EST,2012,33768.574,Europe,EST,100.0,8.1,1327366.0,Europe,4168.95975308642
Estonia,EST,2013,34484.223,Europe,EST,100.0,8.1,1327366.0,Europe,4257.311481481482
Estonia,EST,2014,35723.625,Europe,EST,100.0,8.1,1327366.0,Europe,4410.324074074074
Estonia,EST,2015,36356.44,Europe,EST,100.0,12.33,1314580.0,Europe,2948.616382806164
Estonia,EST,2016,37470.043,Europe,EST,100.0,12.33,1314580.0,Europe,3038.932927818329
Estonia,EST,2017,39533.465,Europe,EST,100.0,12.33,1314580.0,Europe,3206.282643957826
Estonia,EST,2018,40853.65,Europe,EST,100.0,12.33,1314580.0,Europe,3313.3536090835364
Estonia,EST,2019,42218.96,Europe,EST,100.0,12.33,1314580.0,Europe,3424.084347120843
Estonia,EST,2020,40920.527,Europe,EST,100.0,12.29,1329675.0,Europe,3329.579088689992
Estonia,EST,2021,44251.54,Europe,EST,100.0,12.29,1329675.0,Europe,3600.6135069161924
Estonia,EST,2022,43128.633,Europe,EST,100.0,12.29,1329675.0,Europe,3509.245972335232
Estonia,EST,2023,41288.617,Europe,EST,100.0,12.29,1329675.0,Europe,3359.5294548413344
Eswatini,SWZ,1990,5447.739,Africa,SWZ,67.0,5.28,872436.0,Africa,1031.76875
Eswatini,SWZ,1991,5325.3525,Africa,SWZ,67.0,5.28,872436.0,Africa,1008.5894886363636
Eswatini,SWZ,1992,5291.8965,Africa,SWZ,67.0,5.28,872436.0,Africa,1002.253125
Eswatini,SWZ,1993,5299.532,Africa,SWZ,67.0,5.28,872436.0,Africa,1003.6992424242424
Eswatini,SWZ,1994,5427.35,Africa,SWZ,67.0,5.28,872436.0,Africa,1027.907196969697
Eswatini,SWZ,1995,5693.822,Africa,SWZ,67.0,5.2,970439.0,Africa,1094.9657692307692
Eswatini,SWZ,1996,5796.6523,Africa,SWZ,67.0,5.2,970439.0,Africa,1114.7408269230768
Eswatini,SWZ,1997,5876.803,Africa,SWZ,67.0,5.2,970439.0,Africa,1130.154423076923
Eswatini,SWZ,1998,5952.854,Africa,SWZ,67.0,5.2,970439.0,Africa,1144.7796153846155
Eswatini,SWZ,1999,6062.348,Africa,SWZ,67.0,5.2,970439.0,Africa,1165.8361538461538
Eswatini,SWZ,2000,6106.0747,Africa,SWZ,82.0,4.62,1041428.0,Africa,1321.6611904761905
Eswatini,SWZ,2001,6135.453,Africa,SWZ,82.0,4.62,1041428.0,Africa,1328.02012987013
Eswatini,SWZ,2002,6335.8135,Africa,SWZ,82.0,4.62,1041428.0,Africa,1371.3882034632036
Eswatini,SWZ,2003,6578.302,Africa,SWZ,82.0,4.62,1041428.0,Africa,1423.8748917748917
Eswatini,SWZ,2004,6775.2217,Africa,SWZ,82.0,4.62,1041428.0,Africa,1466.4982034632035
Eswatini,SWZ,2005,7142.1924,Africa,SWZ,82.0,4.64,1079022.0,Africa,1539.265603448276
Eswatini,SWZ,2006,7584.72,Africa,SWZ,82.0,4.64,1079022.0,Africa,1634.637931034483
Eswatini,SWZ,2007,7866.731,Africa,SWZ,82.0,4.64,1079022.0,Africa,1695.4161637931036
Eswatini,SWZ,2008,7926.3794,Africa,SWZ,82.0,4.64,1079022.0,Africa,1708.2714224137933
Eswatini,SWZ,2009,7988.5977,Africa,SWZ,82.0,4.64,1079022.0,Africa,1721.6805387931036
Eswatini,SWZ,2010,8245.642,Africa,SWZ,82.0,5.33,1111651.0,Africa,1547.024765478424
Eswatini,SWZ,2011,8350.892,Africa,SWZ,82.0,5.33,1111651.0,Africa,1566.7714821763602
Eswatini,SWZ,2012,8645.845,Africa,SWZ,82.0,5.33,1111651.0,Africa,1622.1097560975609
Eswatini,SWZ,2013,8951.058,Africa,SWZ,82.0,5.33,1111651.0,Africa,1679.3729831144467
Eswatini,SWZ,2014,9084.494,Africa,SWZ,82.0,5.33,1111651.0,Africa,1704.4078799249532
Eswatini,SWZ,2015,9186.653,Africa,SWZ,82.0,5.77,1142822.0,Africa,1592.1409012131717
Eswatini,SWZ,2016,9402.509,Africa,SWZ,82.0,5.77,1142822.0,Africa,1629.5509532062392
Eswatini,SWZ,2017,9660.552,Africa,SWZ,82.0,5.77,1142822.0,Africa,1674.2724436741769
Eswatini,SWZ,2018,9578.101,Africa,SWZ,82.0,5.77,1142822.0,Africa,1659.9828422876951
Eswatini,SWZ,2019,10099.586,Africa,SWZ,82.0,5.77,1142822.0,Africa,1750.3615251299827
Eswatini,SWZ,2020,9695.825,Africa,SWZ,82.0,6.46,1192734.0,Africa,1500.9017027863779
Eswatini,SWZ,2021,9990.435,Africa,SWZ,82.0,6.46,1192734.0,Africa,1546.5069659442725
Eswatini,SWZ,2022,9927.605,Africa,SWZ,90.74702,6.46,1218921.0,Africa,1536.780959752322
Eswatini,SWZ,2023,10181.504,Africa,SWZ,90.74702,6.46,1218921.0,Africa,1576.084210526316
Ethiopia,ETH,1990,874.3469,Africa,ETH,3.0,6.46,17670418.0,Africa,135.3478173374613
Ethiopia,ETH,1991,777.52356,Africa,ETH,3.0,6.46,17670418.0,Africa,120.35968421052631
Ethiopia,ETH,1992,680.8348,Africa,ETH,3.0,6.46,17670418.0,Africa,105.39238390092879
Ethiopia,ETH,1993,743.7085,Africa,ETH,3.0,6.46,17670418.0,Africa,115.1251547987616
Ethiopia,ETH,1994,741.17664,Africa,ETH,27.0,6.46,55611514.0,Africa,114.73322600619196
Ethiopia,ETH,1995,760.26434,Africa,ETH,27.0,6.46,55611514.0,Africa,117.68797832817337
Ethiopia,ETH,1996,826.99164,Africa,ETH,27.0,6.46,55611514.0,Africa,128.01728173374613
Ethiopia,ETH,1997,826.0052,Africa,ETH,27.0,6.46,55611514.0,Africa,127.86458204334365
Ethiopia,ETH,1998,772.7866,Africa,ETH,27.0,6.46,55611514.0,Africa,119.62640866873065
Ethiopia,ETH,1999,787.67957,Africa,ETH,27.0,6.46,55611514.0,Africa,121.93182198142415
Ethiopia,ETH,2000,810.27075,Africa,ETH,27.0,6.46,55611514.0,Africa,125.42890866873066
Ethiopia,ETH,2001,851.3134,Africa,ETH,27.0,6.46,55611514.0,Africa,131.78226006191952
Ethiopia,ETH,2002,838.29803,Africa,ETH,27.0,6.46,55611514.0,Africa,129.76749690402477
Ethiopia,ETH,2003,795.77216,Africa,ETH,27.0,6.46,55611514.0,Africa,123.18454489164087
Ethiopia,ETH,2004,877.1145,Africa,ETH,36.0,6.46,76077211.0,Africa,135.77623839009289
Ethiopia,ETH,2005,952.11566,Africa,ETH,36.0,6.46,76077211.0,Africa,147.3863250773994
Ethiopia,ETH,2006,1024.7291,Africa,ETH,36.0,6.46,76077211.0,Africa,158.6267956656347
Ethiopia,ETH,2007,1109.1433,Africa,ETH,39.0,6.46,83103218.0,Africa,171.6940092879257
Ethiopia,ETH,2008,1193.7473,Africa,ETH,39.0,6.46,83103218.0,Africa,184.79060371517028
Ethiopia,ETH,2009,1262.464,Africa,ETH,39.0,6.46,83103218.0,Africa,195.42786377708978
Ethiopia,ETH,2010,1381.1904,Africa,ETH,39.0,6.46,83103218.0,Africa,213.80656346749225
Ethiopia,ETH,2011,1492.5339,Africa,ETH,39.0,6.46,83103218.0,Africa,231.04239938080494
Ethiopia,ETH,2012,1576.7688,Africa,ETH,39.0,6.46,83103218.0,Africa,244.08185758513932
Ethiopia,ETH,2013,1696.8651,Africa,ETH,39.0,6.46,83103218.0,Africa,262.6726160990712
Ethiopia,ETH,2014,1821.3916,Africa,ETH,39.0,6.46,83103218.0,Africa,281.9491640866873
Ethiopia,ETH,2015,1957.4146,Africa,ETH,39.0,6.46,83103218.0,Africa,303.0053560371517
Ethiopia,ETH,2016,2084.8406,Africa,ETH,47.49159,6.46,106718163.0,Africa,322.7307430340557
Ethiopia,ETH,2017,2222.8281,Africa,ETH,47.49159,6.46,106718163.0,Africa,344.09103715170284
Ethiopia,ETH,2018,2311.165,Africa,ETH,47.49159,6.46,106718163.0,Africa,357.765479876161
Ethiopia,ETH,2019,2437.9705,Africa,ETH,47.49159,6.46,106718163.0,Africa,377.3948142414861
Ethiopia,ETH,2020,2516.549,Africa,ETH,47.49159,6.46,106718163.0,Africa,389.55866873065014
Ethiopia,ETH,2021,2588.413,Africa,ETH,47.49159,6.46,106718163.0,Africa,400.6831269349845
Ethiopia,ETH,2022,2655.5928,Africa,ETH,47.49159,6.46,106718163.0,Africa,411.08247678018574
Ethiopia,ETH,2023,2757.9592,Africa,ETH,47.49159,6.46,106718163.0,Africa,426.92866873065014
Europe,ETH,1990,2892.2222,Africa,OWID_EUR,47.49159,9.28623,724943715.0,Africa,311.4527854683763
Europe,ETH,1995,2892.2222,Africa,OWID_EUR,47.49159,9.9699335,730260103.0,Africa,290.0944324252514
Europe,ETH,2000,2892.2222,Africa,OWID_EUR,47.49159,10.59524,729129967.0,Africa,272.973731600228
Europe,ETH,2005,2892.2222,Africa,OWID_EUR,47.49159,11.250854,733101021.0,Africa,257.0669035434999
Europe,ETH,2010,2892.2222,Africa,OWID_EUR,47.49159,11.683311,739291483.0,Africa,247.55158875767324
Europe,ETH,2015,2892.2222,Africa,OWID_EUR,47.49159,11.717827,745474876.0,Africa,246.82240145719854
Europe,ETH,2020,2892.2222,Africa,OWID_EUR,47.49159,11.9022875,750844584.0,Africa,242.99717176215077
Europe And Central Asia (Wb),WB_ECA,1990,28222.451,Africa,OWID_EUR,47.49159,11.9022875,750844584.0,Africa,2371.178733499758
Europe And Central Asia (Wb),WB_ECA,1991,27734.74,Africa,OWID_EUR,47.49159,11.9022875,750844584.0,Africa,2330.2024925880846
Europe And Central Asia (Wb),WB_ECA,1992,26826.291,Africa,OWID_EUR,47.49159,11.9022875,750844584.0,Africa,2253.876912316225
Europe And Central Asia (Wb),WB_ECA,1993,26191.488,Africa,OWID_EUR,47.49159,11.9022875,750844584.0,Africa,2200.542374732588
Europe And Central Asia (Wb),WB_ECA,1994,25879.432,Africa,OWID_EUR,95.93806,11.9022875,750844584.0,Africa,2174.324221289395
Europe And Central Asia (Wb),WB_ECA,1995,26218.557,Africa,OWID_EUR,96.06758,11.9022875,750844584.0,Africa,2202.816643439339
Europe And Central Asia (Wb),WB_ECA,1996,26515.572,Africa,OWID_EUR,96.22135,11.9022875,750844584.0,Africa,2227.7710902211024
Europe And Central Asia (Wb),WB_ECA,1997,27222.135,Africa,OWID_EUR,96.3414,11.9022875,750844584.0,Africa,2287.13472095175
Europe And Central Asia (Wb),WB_ECA,1998,27710.936,Africa,OWID_EUR,96.48624,11.9022875,750844584.0,Africa,2328.202540898126
Europe And Central Asia (Wb),WB_ECA,1999,28487.771,Africa,OWID_EUR,96.59245,11.9022875,750844584.0,Africa,2393.4702467907955
Europe And Central Asia (Wb),WB_ECA,2000,29836.898,Africa,OWID_EUR,96.65252,11.9022875,750844584.0,Africa,2506.820474635653
Europe And Central Asia (Wb),WB_ECA,2001,30559.861,Africa,OWID_EUR,96.7528,11.9022875,750844584.0,Africa,2567.5619917599874
Europe And Central Asia (Wb),WB_ECA,2002,31142.578,Africa,OWID_EUR,96.91116,11.9022875,750844584.0,Africa,2616.52039576426
Europe And Central Asia (Wb),WB_ECA,2003,31861.031,Africa,OWID_EUR,97.00517,11.9022875,750844584.0,Africa,2676.8829941303297
Europe And Central Asia (Wb),WB_ECA,2004,33030.97,Africa,OWID_EUR,97.09123,11.9022875,750844584.0,Africa,2775.1783008098237
Europe And Central Asia (Wb),WB_ECA,2005,34028.66,Africa,OWID_EUR,97.21017,11.9022875,750844584.0,Africa,2859.001683499916
Europe And Central Asia (Wb),WB_ECA,2006,35505.06,Africa,OWID_EUR,97.27016,11.9022875,750844584.0,Africa,2983.0450659169505
Europe And Central Asia (Wb),WB_ECA,2007,36985.766,Africa,OWID_EUR,97.35178,11.9022875,750844584.0,Africa,3107.4502275297923
Europe And Central Asia (Wb),WB_ECA,2008,37463.883,Africa,OWID_EUR,97.47324,11.9022875,750844584.0,Africa,3147.620404901159
Europe And Central Asia (Wb),WB_ECA,2009,35515.92,Africa,OWID_EUR,97.73077,11.9022875,750844584.0,Africa,2983.957495565453
Europe And Central Asia (Wb),WB_ECA,2010,36408.71,Africa,OWID_EUR,97.89465,11.9022875,750844584.0,Africa,3058.967446383731
Europe And Central Asia (Wb),WB_ECA,2011,37348.582,Africa,OWID_EUR,98.03516,11.9022875,750844584.0,Africa,3137.9331073963726
Europe And Central Asia (Wb),WB_ECA,2012,37472.355,Africa,OWID_EUR,98.13266,11.9022875,750844584.0,Africa,3148.3322008479468
Europe And Central Asia (Wb),WB_ECA,2013,37739.586,Africa,OWID_EUR,98.19623,11.9022875,750844584.0,Africa,3170.7842715108336
Europe And Central Asia (Wb),WB_ECA,2014,38215.492,Africa,OWID_EUR,98.23871,11.9022875,750844584.0,Africa,3210.7686862714413
Europe And Central Asia (Wb),WB_ECA,2015,38658.89,Africa,OWID_EUR,98.28185,11.9022875,750844584.0,Africa,3248.02186134388
Europe And Central Asia (Wb),WB_ECA,2016,39180.496,Africa,OWID_EUR,98.33891,11.9022875,750844584.0,Africa,3291.845874164945
Europe And Central Asia (Wb),WB_ECA,2017,40232.266,Africa,OWID_EUR,98.41798,11.9022875,750844584.0,Africa,3380.2129212556833
Europe And Central Asia (Wb),WB_ECA,2018,41055.445,Africa,OWID_EUR,98.50179,11.9022875,750844584.0,Africa,3449.374332455001
Europe And Central Asia (Wb),WB_ECA,2019,41747.723,Africa,OWID_EUR,98.56401,11.9022875,750844584.0,Africa,3507.537773726269
Europe And Central Asia (Wb),WB_ECA,2020,39677.332,Africa,OWID_EUR,98.60383,11.9022875,750844584.0,Africa,3333.5887744267648
Europe And Central Asia (Wb),WB_ECA,2021,42315.387,Africa,OWID_EUR,98.64628,11.9022875,750844584.0,Africa,3555.2314628595554
Europe And Central Asia (Wb),WB_ECA,2022,43405.8,Africa,OWID_EUR,98.66442,11.9022875,750844584.0,Africa,3646.84519677415
Europe And Central Asia (Wb),WB_ECA,2023,44089.508,Africa,OWID_EUR,98.68871,11.9022875,750844584.0,Africa,3704.2886083872536
Europe And Northern America (Sdg),WB_ECA,2003,44818.54,Africa,OWID_EUR,97.8978,11.9022875,750844584.0,Africa,3765.540027494715
Europe And Northern America (Sdg),WB_ECA,2004,44818.54,Africa,OWID_EUR,97.95613,11.9022875,750844584.0,Africa,3765.540027494715
Europe And Northern America (Sdg),WB_ECA,2005,44818.54,Africa,OWID_EUR,98.00925,11.9022875,750844584.0,Africa,3765.540027494715
Europe And Northern America (Sdg),WB_ECA,2006,44818.54,Africa,OWID_EUR,98.077,11.9022875,750844584.0,Africa,3765.540027494715
Europe And Northern America (Sdg),WB_ECA,2018,44818.54,Africa,OWID_EUR,98.61607,11.9022875,750844584.0,Africa,3765.540027494715
Europe And Northern America (Sdg),WB_ECA,2019,44818.54,Africa,OWID_EUR,98.64308,11.9022875,750844584.0,Africa,3765.540027494715
Europe And Northern America (Sdg),WB_ECA,2020,44818.54,Africa,OWID_EUR,98.66912,11.9022875,750844584.0,Africa,3765.540027494715
Europe And Northern America (Sdg),WB_ECA,2021,44818.54,Africa,OWID_EUR,98.69566,11.9022875,750844584.0,Africa,3765.540027494715
Europe And Northern America (Sdg),WB_ECA,2022,44818.54,Africa,OWID_EUR,98.70273,11.9022875,750844584.0,Africa,3765.540027494715
European Union (27),OWID_EU27,1990,33420.543,Africa,OWID_EUR,98.70273,11.9022875,750844584.0,Africa,2807.9092359346887
European Union (27),OWID_EU27,1991,33581.098,Africa,OWID_EUR,98.70273,11.9022875,750844584.0,Africa,2821.398659711421
European Union (27),OWID_EU27,1992,33679.79,Africa,OWID_EUR,98.70273,11.9022875,750844584.0,Africa,2829.6905111727474
European Union (27),OWID_EU27,1993,33378.28,Africa,OWID_EUR,98.70273,11.9022875,750844584.0,Africa,2804.3584058946653
European Union (27),OWID_EU27,1994,34195.84,Africa,OWID_EUR,98.70273,11.9022875,750844584.0,Africa,2873.0477229692187
European Union (27),OWID_EU27,1995,35111.285,Africa,OWID_EUR,98.70273,11.9022875,750844584.0,Africa,2949.961089412435
European Union (27),OWID_EU27,1996,35771.523,Africa,OWID_EUR,98.70273,11.9022875,750844584.0,Africa,3005.4326111682312
European Union (27),OWID_EU27,1997,36635.46,Africa,OWID_EUR,98.70273,11.9022875,750844584.0,Africa,3078.018406125713
European Union (27),OWID_EU27,1998,37659.105,Africa,OWID_EUR,98.70273,11.9022875,750844584.0,Africa,3164.0224620687413
European Union (27),OWID_EU27,1999,38685.863,Africa,OWID_EUR,98.70273,11.9022875,750844584.0,Africa,3250.28806437418
European Union (27),OWID_EU27,2000,40159.266,Africa,OWID_EUR,98.70273,11.9022875,750844584.0,Africa,3374.079646454516
European Union (27),OWID_EU27,2001,41007.742,Africa,OWID_EUR,98.70273,11.9022875,750844584.0,Africa,3445.3664474160955
European Union (27),OWID_EU27,2002,41422.387,Africa,OWID_EUR,98.70273,11.9022875,750844584.0,Africa,3480.2038683740416
European Union (27),OWID_EU27,2003,41728.848,Africa,OWID_EUR,98.70273,11.9022875,750844584.0,Africa,3505.9519441115835
European Union (27),OWID_EU27,2004,42725.73,Africa,OWID_EUR,98.70273,11.9022875,750844584.0,Africa,3589.707440691548
European Union (27),OWID_EU27,2005,43476.48,Africa,OWID_EUR,98.70273,11.9022875,750844584.0,Africa,3652.7835510610885
European Union (27),OWID_EU27,2006,44946.523,Africa,OWID_EUR,98.70273,11.9022875,750844584.0,Africa,3776.292834465644
European Union (27),OWID_EU27,2007,46274.406,Africa,OWID_EUR,98.70273,11.9022875,750844584.0,Africa,3887.8581953258986
European Union (27),OWID_EU27,2008,46520.37,Africa,OWID_EUR,98.70273,11.9022875,750844584.0,Africa,3908.5234666025335
European Union (27),OWID_EU27,2009,44429.824,Africa,OWID_EUR,98.70273,11.9022875,750844584.0,Africa,3732.8810953356656
European Union (27),OWID_EU27,2010,45250.39,Africa,OWID_EUR,98.70273,11.9022875,750844584.0,Africa,3801.822968904087
European Union (27),OWID_EU27,2011,46205.207,Africa,OWID_EUR,98.70273,11.9022875,750844584.0,Africa,3882.044270901707
European Union (27),OWID_EU27,2012,45787.934,Africa,OWID_EUR,98.70273,11.9022875,750844584.0,Africa,3846.9860520509187
European Union (27),OWID_EU27,2013,45723.977,Africa,OWID_EUR,98.70273,11.9022875,750844584.0,Africa,3841.612547167929
European Union (27),OWID_EU27,2014,46454.75,Africa,OWID_EUR,98.70273,11.9022875,750844584.0,Africa,3903.010240678525
European Union (27),OWID_EU27,2015,47490.676,Africa,OWID_EUR,98.70273,11.9022875,750844584.0,Africa,3990.0461150850206
European Union (27),OWID_EU27,2016,48336.277,Africa,OWID_EUR,98.70273,11.9022875,750844584.0,Africa,4061.09136584039
European Union (27),OWID_EU27,2017,49704.03,Africa,OWID_EUR,98.70273,11.9022875,750844584.0,Africa,4176.006502951638
European Union (27),OWID_EU27,2018,50706.367,Africa,OWID_EUR,98.70273,11.9022875,750844584.0,Africa,4260.220314792429
European Union (27),OWID_EU27,2019,51662.36,Africa,OWID_EUR,98.70273,11.9022875,750844584.0,Africa,4340.540421326573
European Union (27),OWID_EU27,2020,48770.375,Africa,OWID_EUR,98.70273,11.9022875,750844584.0,Africa,4097.563178506653
European Union (27),OWID_EU27,2021,51969.965,Africa,OWID_EUR,98.70273,11.9022875,750844584.0,Africa,4366.384613041821
European Union (27),OWID_EU27,2022,53777.477,Africa,OWID_EUR,98.70273,11.9022875,750844584.0,Africa,4518.247185677543
European Union (27),OWID_EU27,2023,53869.324,Africa,OWID_EUR,98.70273,11.9022875,750844584.0,Africa,4525.9639376044315
Faroe Islands,FRO,2008,54263.33,Europe,FRO,98.5,11.9022875,31690.0,Europe,4559.067322142908
Faroe Islands,FRO,2009,51533.543,Europe,FRO,98.5,11.9022875,31690.0,Europe,4329.717543791477
Faroe Islands,FRO,2010,51479.195,Europe,FRO,98.5,11.9022875,31690.0,Europe,4325.15136271074
Faroe Islands,FRO,2011,53440.336,Europe,FRO,98.5,11.9022875,31690.0,Europe,4489.92145417425
Faroe Islands,FRO,2012,57523.324,Europe,FRO,98.5,11.9022875,31690.0,Europe,4832.963747514921
Faroe Islands,FRO,2013,60948.77,Europe,FRO,98.5,11.9022875,31690.0,Europe,5120.761030180122
Faroe Islands,FRO,2014,64018.094,Europe,FRO,98.5,11.9022875,31690.0,Europe,5378.637845876266
Faroe Islands,FRO,2015,64008.85,Europe,FRO,98.5,11.9022875,31690.0,Europe,5377.861188448019
Faroe Islands,FRO,2016,64155.027,Europe,FRO,98.5,11.9022875,31690.0,Europe,5390.1426091413105
Faroe Islands,FRO,2017,65460.605,Europe,FRO,98.5,11.9022875,31690.0,Europe,5499.833960488688
Faroe Islands,FRO,2018,66193.34,Europe,FRO,98.5,11.9022875,31690.0,Europe,5561.396496261747
Faroe Islands,FRO,2019,68134.03,Europe,FRO,98.5,11.9022875,31690.0,Europe,5724.448346588839
Faroe Islands,FRO,2020,66032.914,Europe,FRO,98.5,11.9022875,31690.0,Europe,5547.917910737748
Faroe Islands,FRO,2021,68426.8,Europe,FRO,98.5,11.9022875,31690.0,Europe,5749.046139240041
Faroe Islands,FRO,2022,70256.72,Europe,FRO,98.5,11.9022875,31690.0,Europe,5902.791375187333
Faroe Islands,FRO,2023,71807.31,Europe,FRO,98.5,11.9022875,31690.0,Europe,6033.068013186541
Fiji,FJI,1990,7820.7173,Oceania,FJI,67.5,9.24,773325.0,Oceania,846.3979761904762
Fiji,FJI,1991,7547.678,Oceania,FJI,67.5,9.24,773325.0,Oceania,816.8482683982684
Fiji,FJI,1992,7950.0664,Oceania,FJI,67.5,9.24,773325.0,Oceania,860.3967965367965
Fiji,FJI,1993,8067.8047,Oceania,FJI,67.5,9.24,773325.0,Oceania,873.1390367965367
Fiji,FJI,1994,8432.299,Oceania,FJI,67.5,9.24,773325.0,Oceania,912.586471861472
Fiji,FJI,1995,8600.093,Oceania,FJI,67.5,10.28,798750.0,Oceania,836.5849221789884
Fiji,FJI,1996,8956.351,Oceania,FJI,67.5,10.28,798750.0,Oceania,871.2403696498055
Fiji,FJI,1997,8669.252,Oceania,FJI,67.5,10.28,798750.0,Oceania,843.3124513618678
Fiji,FJI,1998,8673.878,Oceania,FJI,67.5,10.28,798750.0,Oceania,843.7624513618678
Fiji,FJI,1999,9328.606,Oceania,FJI,67.5,10.28,798750.0,Oceania,907.4519455252919
Fiji,FJI,2000,9070.993,Oceania,FJI,67.5,9.97,840913.0,Oceania,909.8287863590772
Fiji,FJI,2001,9157.809,Oceania,FJI,67.5,9.97,840913.0,Oceania,918.5365095285856
Fiji,FJI,2002,9357.754,Oceania,FJI,67.5,9.97,840913.0,Oceania,938.5911735205617
Fiji,FJI,2003,9361.464,Oceania,FJI,67.5,9.97,840913.0,Oceania,938.9632898696087
Fiji,FJI,2004,9766.527,Oceania,FJI,67.5,9.97,840913.0,Oceania,979.5914744232698
Fiji,FJI,2005,9745.581,Oceania,FJI,67.5,9.76,882384.0,Oceania,998.522643442623
Fiji,FJI,2006,9837.086,Oceania,FJI,67.5,9.76,882384.0,Oceania,1007.8981557377049
Fiji,FJI,2007,9672.29,Oceania,FJI,67.5,9.76,882384.0,Oceania,991.0133196721313
Fiji,FJI,2008,9711.966,Oceania,FJI,67.5,9.76,882384.0,Oceania,995.0784836065575
Fiji,FJI,2009,9536.817,Oceania,FJI,67.5,9.76,882384.0,Oceania,977.1328893442623
Fiji,FJI,2010,9784.304,Oceania,FJI,67.5,10.35,910427.0,Oceania,945.3433816425121
Fiji,FJI,2011,10020.695,Oceania,FJI,67.5,10.35,910427.0,Oceania,968.1830917874396
Fiji,FJI,2012,10140.693,Oceania,FJI,67.5,10.35,910427.0,Oceania,979.7771014492753
Fiji,FJI,2013,10604.156,Oceania,FJI,67.5,10.35,910427.0,Oceania,1024.5561352657005
Fiji,FJI,2014,11183.313,Oceania,FJI,67.5,10.35,910427.0,Oceania,1080.5133333333333
Fiji,FJI,2015,11674.063,Oceania,FJI,67.5,11.09,918585.0,Oceania,1052.665734896303
Fiji,FJI,2016,11951.92,Oceania,FJI,67.5,11.09,918585.0,Oceania,1077.7204688908928
Fiji,FJI,2017,12597.327,Oceania,FJI,67.5,11.09,918585.0,Oceania,1135.9176735798017
Fiji,FJI,2018,13100.096,Oceania,FJI,67.5,11.09,918585.0,Oceania,1181.2530207394047
Fiji,FJI,2019,13056.331,Oceania,FJI,67.5,11.09,918585.0,Oceania,1177.3066726780885
Fiji,FJI,2020,10812.035,Oceania,FJI,67.5,11.52,914971.0,Oceania,938.5447048611111
Fiji,FJI,2021,10322.428,Oceania,FJI,67.5,11.52,914971.0,Oceania,896.0440972222223
Fiji,FJI,2022,12118.318,Oceania,FJI,67.5,11.52,914971.0,Oceania,1051.9373263888888
Fiji,FJI,2023,13194.805,Oceania,FJI,67.5,11.52,914971.0,Oceania,1145.3823784722224
Finland,FIN,1990,38807.117,Europe,FIN,98.5,8.56,4986576.0,Europe,4533.541705607477
Finland,FIN,1991,36326.082,Europe,FIN,98.5,8.56,4986576.0,Europe,4243.701168224299
Finland,FIN,1992,34926.383,Europe,FIN,98.5,8.56,4986576.0,Europe,4080.184929906542
Finland,FIN,1993,34486.754,Europe,FIN,98.5,8.56,4986576.0,Europe,4028.826401869159
Finland,FIN,1994,35699.72,Europe,FIN,98.5,8.56,4986576.0,Europe,4170.528037383177
Finland,FIN,1995,37069.63,Europe,FIN,98.5,9.31,5107919.0,Europe,3981.7003222341564
Finland,FIN,1996,38301.51,Europe,FIN,98.5,9.31,5107919.0,Europe,4114.018259935553
Finland,FIN,1997,40630.92,Europe,FIN,98.5,9.31,5107919.0,Europe,4364.223415682062
Finland,FIN,1998,42733.445,Europe,FIN,98.5,9.31,5107919.0,Europe,4590.058539205155
Finland,FIN,1999,44505.71,Europe,FIN,98.5,9.31,5107919.0,Europe,4780.4199785177225
Finland,FIN,2000,46968.84,Europe,FIN,98.5,9.9,5176197.0,Europe,4744.327272727272
Finland,FIN,2001,48099.3,Europe,FIN,98.5,9.9,5176197.0,Europe,4858.515151515152
Finland,FIN,2002,48792.49,Europe,FIN,98.5,9.9,5176197.0,Europe,4928.534343434343
Finland,FIN,2003,49655.547,Europe,FIN,98.5,9.9,5176197.0,Europe,5015.711818181818
Finland,FIN,2004,51494.707,Europe,FIN,98.5,9.9,5176197.0,Europe,5201.485555555556
Finland,FIN,2005,52744.047,Europe,FIN,98.5,10.42,5246078.0,Europe,5061.808733205374
Finland,FIN,2006,54653.98,Europe,FIN,98.5,10.42,5246078.0,Europe,5245.103646833014
Finland,FIN,2007,57313.293,Europe,FIN,98.5,10.42,5246078.0,Europe,5500.316026871401
Finland,FIN,2008,57494.586,Europe,FIN,98.5,10.42,5246078.0,Europe,5517.714587332054
Finland,FIN,2009,52599.15,Europe,FIN,98.5,10.42,5246078.0,Europe,5047.903071017275
Finland,FIN,2010,54017.945,Europe,FIN,98.5,10.71,5363347.0,Europe,5043.692343604108
Finland,FIN,2011,55053.39,Europe,FIN,98.5,10.71,5363347.0,Europe,5140.3725490196075
Finland,FIN,2012,53957.668,Europe,FIN,98.5,10.71,5363347.0,Europe,5038.064239028944
Finland,FIN,2013,53183.43,Europe,FIN,98.5,10.71,5363347.0,Europe,4965.773109243697
Finland,FIN,2014,52710.734,Europe,FIN,98.5,10.71,5363347.0,Europe,4921.637161531278
Finland,FIN,2015,52782.49,Europe,FIN,98.5,10.94,5479719.0,Europe,4824.724862888483
Finland,FIN,2016,53984.633,Europe,FIN,98.5,10.94,5479719.0,Europe,4934.609963436929
Finland,FIN,2017,55637.227,Europe,FIN,98.5,10.94,5479719.0,Europe,5085.669744058501
Finland,FIN,2018,56226.336,Europe,FIN,98.5,10.94,5479719.0,Europe,5139.518829981719
Finland,FIN,2019,56922.49,Europe,FIN,98.5,10.94,5479719.0,Europe,5203.152650822669
Finland,FIN,2020,55424.86,Europe,FIN,98.5,11.05,5529616.0,Europe,5015.82443438914
Finland,FIN,2021,56790.375,Europe,FIN,98.5,11.05,5529616.0,Europe,5139.400452488688
Finland,FIN,2022,57068.305,Europe,FIN,98.5,11.05,5529616.0,Europe,5164.552488687783
Finland,FIN,2023,56250.88,Europe,FIN,98.5,11.05,5529616.0,Europe,5090.57737556561
France,FRA,1990,38655.887,Europe,FRA,96.5,8.32,56990239.0,Europe,4646.1402644230775
France,FRA,1991,38937.953,Europe,FRA,96.5,8.32,56990239.0,Europe,4680.042427884616
France,FRA,1992,39331.902,Europe,FRA,96.5,8.32,56990239.0,Europe,4727.392067307693
France,FRA,1993,39020.613,Europe,FRA,96.5,8.32,56990239.0,Europe,4689.9775240384615
France,FRA,1994,39801.39,Europe,FRA,96.5,8.32,56990239.0,Europe,4783.820913461538
France,FRA,1995,40570.72,Europe,FRA,96.5,9.36,58192207.0,Europe,4334.478632478633
France,FRA,1996,40990.74,Europe,FRA,96.5,9.36,58192207.0,Europe,4379.352564102564
France,FRA,1997,41876.934,Europe,FRA,96.5,9.36,58192207.0,Europe,4474.031410256411
France,FRA,1998,43162.543,Europe,FRA,96.5,9.36,58192207.0,Europe,4611.382799145299
France,FRA,1999,44400.137,Europe,FRA,96.5,9.36,58192207.0,Europe,4743.604380341881
France,FRA,2000,45922.48,Europe,FRA,96.5,10.22,59483716.0,Europe,4493.3933463796475
France,FRA,2001,46454.87,Europe,FRA,96.5,10.22,59483716.0,Europe,4545.486301369863
France,FRA,2002,46610.78,Europe,FRA,96.5,10.22,59483716.0,Europe,4560.741682974559
France,FRA,2003,46730.977,Europe,FRA,96.5,10.22,59483716.0,Europe,4572.502641878669
France,FRA,2004,47720.44,Europe,FRA,96.5,10.22,59483716.0,Europe,4669.318982387475
France,FRA,2005,48257.465,Europe,FRA,96.5,10.86,61625031.0,Europe,4443.597145488029
France,FRA,2006,49223.246,Europe,FRA,96.5,10.86,61625031.0,Europe,4532.527255985267
France,FRA,2007,50157.785,Europe,FRA,96.5,10.86,61625031.0,Europe,4618.580570902394
France,FRA,2008,50068.297,Europe,FRA,96.5,10.86,61625031.0,Europe,4610.340423572744
France,FRA,2009,48404.965,Europe,FRA,96.5,10.86,61625031.0,Europe,4457.179097605893
France,FRA,2010,49130.42,Europe,FRA,96.5,11.34,63417366.0,Europe,4332.488536155202
France,FRA,2011,50085.684,Europe,FRA,96.5,11.34,63417366.0,Europe,4416.7269841269845
France,FRA,2012,49935.625,Europe,FRA,96.5,11.34,63417366.0,Europe,4403.494268077601
France,FRA,2013,50066.53,Europe,FRA,96.5,11.34,63417366.0,Europe,4415.037918871252
France,FRA,2014,50326.566,Europe,FRA,96.5,11.34,63417366.0,Europe,4437.968783068783
France,FRA,2015,50682.895,Europe,FRA,96.5,11.6,64916337.0,Europe,4369.215086206897
France,FRA,2016,50984.074,Europe,FRA,96.5,11.6,64916337.0,Europe,4395.178793103449
France,FRA,2017,51895.566,Europe,FRA,96.5,11.6,64916337.0,Europe,4473.755689655172
France,FRA,2018,52560.953,Europe,FRA,96.5,11.6,64916337.0,Europe,4531.116637931034
France,FRA,2019,53448.555,Europe,FRA,96.5,11.6,64916337.0,Europe,4607.634051724138
France,FRA,2020,49311.332,Europe,FRA,96.5,11.89,65905273.0,Europe,4147.294533221194
France,FRA,2021,52517.336,Europe,FRA,96.5,11.89,65905273.0,Europe,4416.933221194281
France,FRA,2022,53673.812,Europe,FRA,96.5,11.89,65905273.0,Europe,4514.197813288477
France,FRA,2023,54296.723,Europe,FRA,96.5,11.89,65905273.0,Europe,4566.587300252312
Gabon,GAB,1990,23884.81,Africa,PYF,32.5,11.89,64360.0,Oceania,2008.8149705634987
Gabon,GAB,1991,24665.68,Africa,PYF,32.5,11.89,64360.0,Oceania,2074.489486963835
Gabon,GAB,1992,23268.998,Africa,PYF,32.5,11.89,64360.0,Oceania,1957.0225399495373
Gabon,GAB,1993,23551.682,Africa,GAB,72.0,11.89,1066404.0,Africa,1980.7974768713204
Gabon,GAB,1994,23794.314,Africa,GAB,72.0,11.89,1066404.0,Africa,2001.2038687973084
Gabon,GAB,1995,24344.186,Africa,GAB,72.0,11.89,1066404.0,Africa,2047.4504625735913
Gabon,GAB,1996,24595.973,Africa,GAB,72.0,11.89,1066404.0,Africa,2068.6268292682926
Gabon,GAB,1997,25359.66,Africa,GAB,72.0,11.89,1066404.0,Africa,2132.856181665265
Gabon,GAB,1998,25585.508,Africa,GAB,72.0,11.89,1066404.0,Africa,2151.850967199327
Gabon,GAB,1999,22713.715,Africa,GAB,72.0,11.89,1066404.0,Africa,1910.320857863751
Gabon,GAB,2000,21717.225,Africa,GAB,72.0,11.89,1066404.0,Africa,1826.5117746005044
Gabon,GAB,2001,21604.781,Africa,GAB,72.0,11.89,1066404.0,Africa,1817.0547518923463
Gabon,GAB,2002,20981.48,Africa,GAB,72.0,11.89,1066404.0,Africa,1764.632464255677
Gabon,GAB,2003,20875.455,Africa,GAB,72.0,11.89,1066404.0,Africa,1755.7153069806561
Gabon,GAB,2004,20438.932,Africa,GAB,72.0,11.89,1066404.0,Africa,1719.0018502943649
Gabon,GAB,2005,20385.29,Africa,GAB,72.0,11.89,1066404.0,Africa,1714.4903280067283
Gabon,GAB,2006,19224.127,Africa,GAB,72.0,11.89,1066404.0,Africa,1616.8315391084946
Gabon,GAB,2007,19751.877,Africa,GAB,72.0,11.89,1066404.0,Africa,1661.2175777964676
Gabon,GAB,2008,18493.092,Africa,GAB,72.0,11.89,1066404.0,Africa,1555.3483599663582
Gabon,GAB,2009,17911.146,Africa,GAB,72.0,11.89,1066404.0,Africa,1506.404205214466
Gabon,GAB,2010,18530.576,Africa,GAB,72.0,11.89,1066404.0,Africa,1558.5009251471824
Gabon,GAB,2011,19153.088,Africa,GAB,72.0,11.89,1066404.0,Africa,1610.8568544995794
Gabon,GAB,2012,19450.402,Africa,GAB,72.0,11.89,1066404.0,Africa,1635.8622371740958
Gabon,GAB,2013,19836.455,Africa,GAB,72.0,11.89,1066404.0,Africa,1668.3309503784694
Gabon,GAB,2014,20008.99,Africa,GAB,72.0,11.89,1066404.0,Africa,1682.8418839360809
Gabon,GAB,2015,20147.71,Africa,GAB,72.0,9.53,2040990.0,Africa,2114.1353620146906
Gabon,GAB,2016,19988.176,Africa,GAB,72.0,9.53,2040990.0,Africa,2097.395173137461
Gabon,GAB,2017,19555.707,Africa,GAB,72.0,9.53,2040990.0,Africa,2052.015424973767
Gabon,GAB,2018,19225.598,Africa,GAB,72.0,9.53,2040990.0,Africa,2017.3764952780696
Gabon,GAB,2019,19491.406,Africa,GAB,72.0,9.53,2040990.0,Africa,2045.2682056663168
Gabon,GAB,2020,18681.484,Africa,GAB,72.0,10.18,2322538.0,Africa,1835.1163064833006
Gabon,GAB,2021,18523.58,Africa,GAB,88.85834,10.18,2376729.0,Africa,1819.60510805501
Gabon,GAB,2022,18662.049,Africa,GAB,88.85834,10.18,2376729.0,Africa,1833.2071709233792
Gabon,GAB,2023,18701.422,Africa,GAB,88.85834,10.18,2376729.0,Africa,1837.0748526522593
Gambia,GMB,1990,2653.783,Africa,GMB,7.5,1.85,1054703.0,Africa,1434.4772972972971
Gambia,GMB,1991,2623.6416,Africa,GMB,7.5,1.85,1054703.0,Africa,1418.1846486486486
Gambia,GMB,1992,2604.269,Africa,GMB,7.5,1.85,1054703.0,Africa,1407.7129729729727
Gambia,GMB,1993,2586.1304,Africa,GMB,7.5,1.85,1054703.0,Africa,1397.9083243243242
Gambia,GMB,1994,2508.104,Africa,GMB,7.5,1.85,1054703.0,Africa,1355.7318918918918
Gambia,GMB,1995,2456.0007,Africa,GMB,7.5,2.33,1264320.0,Africa,1054.0775536480687
Gambia,GMB,1996,2439.0454,Africa,GMB,7.5,2.33,1264320.0,Africa,1046.800600858369
Gambia,GMB,1997,2486.938,Africa,GMB,7.5,2.33,1264320.0,Africa,1067.3553648068669
Gambia,GMB,1998,2502.765,Africa,GMB,7.5,2.33,1264320.0,Africa,1074.148068669528
Gambia,GMB,1999,2589.9778,Africa,GMB,7.5,2.33,1264320.0,Africa,1111.5784549356224
Gambia,GMB,2000,2658.6177,Africa,GMB,37.0,2.77,1455095.0,Africa,959.7897833935017
Gambia,GMB,2001,2737.696,Africa,GMB,37.0,2.77,1455095.0,Africa,988.3379061371841
Gambia,GMB,2002,2578.5571,Africa,GMB,37.0,2.77,1455095.0,Africa,930.8870397111913
Gambia,GMB,2003,2682.48,Africa,GMB,37.0,2.77,1455095.0,Africa,968.4043321299639
Gambia,GMB,2004,2794.1936,Africa,GMB,37.0,2.77,1455095.0,Africa,1008.7341516245488
Gambia,GMB,2005,2653.6423,Africa,GMB,37.0,3.39,1667035.0,Africa,782.7853392330383
Gambia,GMB,2006,2564.6865,Africa,GMB,37.0,3.39,1667035.0,Africa,756.5446902654867
Gambia,GMB,2007,2567.1572,Africa,GMB,37.0,3.39,1667035.0,Africa,757.2735103244838
Gambia,GMB,2008,2649.611,Africa,GMB,37.0,3.39,1667035.0,Africa,781.5961651917404
Gambia,GMB,2009,2745.3254,Africa,GMB,37.0,3.39,1667035.0,Africa,809.8305014749262
Gambia,GMB,2010,2824.2126,Africa,GMB,37.0,3.92,1926634.0,Africa,720.4623979591836
Gambia,GMB,2011,2519.8398,Africa,GMB,37.0,3.92,1926634.0,Africa,642.8162755102042
Gambia,GMB,2012,2574.935,Africa,GMB,37.0,3.92,1926634.0,Africa,656.8711734693877
Gambia,GMB,2013,2572.4473,Africa,GMB,37.0,3.92,1926634.0,Africa,656.236556122449
Gambia,GMB,2014,2465.1096,Africa,GMB,37.0,3.92,1926634.0,Africa,628.8544897959183
Gambia,GMB,2015,2495.9575,Africa,GMB,51.0,4.42,2224530.0,Africa,564.6962669683257
Gambia,GMB,2016,2478.4604,Africa,GMB,51.0,4.42,2224530.0,Africa,560.7376470588235
Gambia,GMB,2017,2533.1868,Africa,GMB,51.0,4.42,2224530.0,Africa,573.119185520362
Gambia,GMB,2018,2651.4329,Africa,GMB,53.1602,4.42,2399633.0,Africa,599.8716968325791
Gambia,GMB,2019,2750.8213,Africa,GMB,53.1602,4.42,2399633.0,Africa,622.3577601809955
Gambia,GMB,2020,2702.319,Africa,GMB,53.1602,4.92,2515744.0,Africa,549.2518292682927
Gambia,GMB,2021,2777.7961,Africa,GMB,51.6374,4.92,2576015.0,Africa,564.5927032520325
Gambia,GMB,2022,2863.1804,Africa,GMB,51.6374,4.92,2576015.0,Africa,581.9472357723578
Gambia,GMB,2023,2963.5986,Africa,GMB,51.6374,4.92,2576015.0,Africa,602.3574390243903
Georgia,GEO,1990,12917.095,Asia,GMB,51.6374,4.92,2576015.0,Africa,2625.42581300813
Georgia,GEO,1991,10120.163,Asia,GMB,51.6374,4.92,2576015.0,Africa,2056.943699186992
Georgia,GEO,1992,5533.211,Asia,GMB,51.6374,4.92,2576015.0,Africa,1124.6363821138211
Georgia,GEO,1993,3882.0203,Asia,GMB,51.6374,4.92,2576015.0,Africa,789.0285162601626
Georgia,GEO,1994,3532.32,Asia,GMB,51.6374,4.92,2576015.0,Africa,717.9512195121952
Georgia,GEO,1995,3762.8115,Asia,GMB,51.6374,4.92,2576015.0,Africa,764.7990853658537
Georgia,GEO,1996,4339.005,Asia,GMB,51.6374,4.92,2576015.0,Africa,881.9115853658537
Georgia,GEO,1997,4951.813,Asia,GMB,51.6374,4.92,2576015.0,Africa,1006.4660569105691
Georgia,GEO,1998,5233.2886,Asia,GMB,51.6374,4.92,2576015.0,Africa,1063.676544715447
Georgia,GEO,1999,5495.245,Asia,GMB,51.6374,4.92,2576015.0,Africa,1116.9197154471544
Georgia,GEO,2000,5706.2725,Asia,GMB,51.6374,4.92,2576015.0,Africa,1159.8114837398375
Georgia,GEO,2001,6074.0864,Asia,GMB,51.6374,4.92,2576015.0,Africa,1234.570406504065
Georgia,GEO,2002,6464.325,Asia,GEO,100.0,4.92,4127854.0,Asia,1313.8871951219512
Georgia,GEO,2003,7227.737,Asia,GEO,100.0,4.92,4127854.0,Asia,1469.0522357723578
Georgia,GEO,2004,7693.915,Asia,GEO,100.0,4.92,4127854.0,Asia,1563.803861788618
Georgia,GEO,2005,8485.587,Asia,GEO,100.0,4.92,4127854.0,Asia,1724.7128048780487
Georgia,GEO,2006,9337.989,Asia,GEO,100.0,4.92,4127854.0,Asia,1897.965243902439
Georgia,GEO,2007,10567.274,Asia,GEO,100.0,4.92,4127854.0,Asia,2147.819918699187
Georgia,GEO,2008,10856.104,Asia,GEO,100.0,4.92,4127854.0,Asia,2206.5252032520325
Georgia,GEO,2009,10553.09,Asia,GEO,100.0,4.92,4127854.0,Asia,2144.936991869919
Georgia,GEO,2010,11294.368,Asia,GEO,100.0,4.92,4127854.0,Asia,2295.6032520325202
Georgia,GEO,2011,12288.683,Asia,GEO,100.0,4.92,4127854.0,Asia,2497.699796747968
Georgia,GEO,2012,13193.96,Asia,GEO,100.0,4.92,4127854.0,Asia,2681.6991869918697
Georgia,GEO,2013,13913.002,Asia,GEO,100.0,4.92,4127854.0,Asia,2827.8459349593495
Georgia,GEO,2014,14475.313,Asia,GEO,100.0,4.92,3792921.0,Asia,2942.1367886178864
Georgia,GEO,2015,14936.844,Asia,GEO,100.0,4.92,3792921.0,Asia,3035.9439024390244
Georgia,GEO,2016,15442.956,Asia,GEO,100.0,4.92,3792921.0,Asia,3138.8121951219514
Georgia,GEO,2017,16237.624,Asia,GEO,99.0,4.92,3792860.0,Asia,3300.330081300813
Georgia,GEO,2018,17228.68,Asia,GEO,99.65366,4.92,3794881.0,Asia,3501.7642276422766
Georgia,GEO,2019,18186.88,Asia,GEO,99.65366,4.92,3794881.0,Asia,3696.5203252032525
Georgia,GEO,2020,17031.145,Asia,GEO,99.65366,4.92,3794881.0,Asia,3461.614837398374
Georgia,GEO,2021,18915.654,Asia,GEO,99.65366,4.92,3794881.0,Asia,3844.645121951219
Georgia,GEO,2022,20966.527,Asia,GEO,100.0,4.92,3794782.0,Asia,4261.489227642276
Georgia,GEO,2023,22590.53,Asia,GEO,99.55547,4.92,3807494.0,Asia,4591.571138211382
Germany,DEU,1990,42287.652,Europe,DEU,98.5,8.96,79707963.0,Europe,4719.604017857143
Germany,DEU,1991,44125.145,Europe,DEU,98.5,8.96,79707963.0,Europe,4924.681361607142
Germany,DEU,1992,44672.69,Europe,DEU,98.5,8.96,79707963.0,Europe,4985.791294642857
Germany,DEU,1993,43948.15,Europe,DEU,98.5,8.96,79707963.0,Europe,4904.927455357142
Germany,DEU,1994,44933.293,Europe,DEU,98.5,8.96,79707963.0,Europe,5014.876450892856
Germany,DEU,1995,45475.688,Europe,DEU,98.5,9.93,82019890.0,Europe,4579.626183282981
Germany,DEU,1996,45814.85,Europe,DEU,98.5,9.93,82019890.0,Europe,4613.781470292044
Germany,DEU,1997,46596.18,Europe,DEU,98.5,9.93,82019890.0,Europe,4692.465256797584
Germany,DEU,1998,47565.453,Europe,DEU,98.5,9.93,82019890.0,Europe,4790.07583081571
Germany,DEU,1999,48547.004,Europe,DEU,98.5,9.93,82019890.0,Europe,4888.922860020141
Germany,DEU,2000,49875.875,Europe,DEU,98.5,10.59,81797255.0,Europe,4709.714353163362
Germany,DEU,2001,50606.71,Europe,DEU,98.5,10.59,81797255.0,Europe,4778.7261567516525
Germany,DEU,2002,50406.38,Europe,DEU,98.5,10.59,81797255.0,Europe,4759.80925401322
Germany,DEU,2003,50111.574,Europe,DEU,98.5,10.59,81797255.0,Europe,4731.971104815864
Germany,DEU,2004,50704.92,Europe,DEU,98.5,10.59,81797255.0,Europe,4788.0
Germany,DEU,2005,51182.96,Europe,DEU,98.5,11.98,82046733.0,Europe,4272.367278797997
Germany,DEU,2006,53222.04,Europe,DEU,98.5,11.98,82046733.0,Europe,4442.57429048414
Germany,DEU,2007,54832.96,Europe,DEU,98.5,11.98,82046733.0,Europe,4577.041736227045
Germany,DEU,2008,55425.11,Europe,DEU,98.5,11.98,82046733.0,Europe,4626.469949916527
Germany,DEU,2009,52484.855,Europe,DEU,98.5,11.98,82046733.0,Europe,4381.039649415693
Germany,DEU,2010,54738.707,Europe,DEU,98.5,12.58,80830916.0,Europe,4351.248569157393
Germany,DEU,2011,57858.42,Europe,DEU,98.5,12.58,80830916.0,Europe,4599.238473767886
Germany,DEU,2012,58017.586,Europe,DEU,98.5,12.58,80830916.0,Europe,4611.8907790143085
Germany,DEU,2013,58089.17,Europe,DEU,98.5,12.58,80830916.0,Europe,4617.581081081081
Germany,DEU,2014,59108.7,Europe,DEU,98.5,12.58,80830916.0,Europe,4698.62480127186
Germany,DEU,2015,59573.707,Europe,DEU,98.5,12.86,82077546.0,Europe,4632.481104199067
Germany,DEU,2016,60407.973,Europe,DEU,98.5,12.86,82077546.0,Europe,4697.354043545879
Germany,DEU,2017,61866.49,Europe,DEU,98.5,12.86,82077546.0,Europe,4810.769051321929
Germany,DEU,2018,62381.348,Europe,DEU,98.5,12.86,82077546.0,Europe,4850.80466562986
Germany,DEU,2019,62849.375,Europe,DEU,98.5,12.86,82077546.0,Europe,4887.19867807154
Germany,DEU,2020,60203.29,Europe,DEU,98.5,13.1,83628711.0,Europe,4595.670992366412
Germany,DEU,2021,62530.766,Europe,DEU,98.5,13.1,83628711.0,Europe,4773.340916030535
Germany,DEU,2022,63676.086,Europe,DEU,98.5,13.1,83628711.0,Europe,4860.769923664123
Germany,DEU,2023,63039.37,Europe,DEU,98.5,13.1,83628711.0,Europe,4812.1656488549625
Ghana,GHA,1990,2785.6711,Africa,GHA,22.5,6.05,15394650.0,Africa,460.44150413223144
Ghana,GHA,1991,2859.827,Africa,GHA,22.5,6.05,15394650.0,Africa,472.6986776859505
Ghana,GHA,1992,2897.8354,Africa,GHA,22.5,6.05,15394650.0,Africa,478.98105785123965
Ghana,GHA,1993,2964.266,Africa,GHA,22.5,6.05,15394650.0,Africa,489.9613223140496
Ghana,GHA,1994,2989.3474,Africa,GHA,22.5,6.05,15394650.0,Africa,494.1070082644628
Ghana,GHA,1995,3039.6887,Africa,GHA,22.5,6.27,17399023.0,Africa,484.79883572567786
Ghana,GHA,1996,3106.1855,Africa,GHA,22.5,6.27,17399023.0,Africa,495.4043859649123
Ghana,GHA,1997,3160.445,Africa,GHA,22.5,6.27,17399023.0,Africa,504.0582137161085
Ghana,GHA,1998,3229.4822,Africa,GHA,22.5,6.27,17399023.0,Africa,515.0689314194577
Ghana,GHA,1999,3290.2686,Africa,GHA,22.5,6.27,17399023.0,Africa,524.7637320574163
Ghana,GHA,2000,3327.352,Africa,GHA,58.0,6.67,19637085.0,Africa,498.8533733133433
Ghana,GHA,2001,3369.507,Africa,GHA,58.0,6.67,19637085.0,Africa,505.1734632683658
Ghana,GHA,2002,3425.6182,Africa,GHA,58.0,6.67,19637085.0,Africa,513.5859370314843
Ghana,GHA,2003,3507.751,Africa,GHA,58.0,6.67,19637085.0,Africa,525.899700149925
Ghana,GHA,2004,3607.3652,Africa,GHA,58.0,6.67,19637085.0,Africa,540.8343628185908
Ghana,GHA,2005,3721.3079,Africa,GHA,58.0,7.28,22449446.0,Africa,511.1686675824175
Ghana,GHA,2006,3857.8616,Africa,GHA,58.0,7.28,22449446.0,Africa,529.9260439560439
Ghana,GHA,2007,3923.1257,Africa,GHA,58.0,7.28,22449446.0,Africa,538.8908928571428
Ghana,GHA,2008,4174.7812,Africa,GHA,58.0,7.28,22449446.0,Africa,573.458956043956
Ghana,GHA,2009,4269.16,Africa,GHA,58.0,7.28,22449446.0,Africa,586.4230769230769
Ghana,GHA,2010,4495.689,Africa,GHA,71.0,7.66,25475000.0,Africa,586.9045691906006
Ghana,GHA,2011,5005.367,Africa,GHA,71.0,7.66,25475000.0,Africa,653.4421671018276
Ghana,GHA,2012,5339.7134,Africa,GHA,71.0,7.66,25475000.0,Africa,697.0905221932114
Ghana,GHA,2013,5593.775,Africa,GHA,71.0,7.66,25475000.0,Africa,730.2578328981723
Ghana,GHA,2014,5619.0723,Africa,GHA,71.0,7.66,25475000.0,Africa,733.5603524804177
Ghana,GHA,2015,5607.366,Africa,GHA,71.0,7.72,28696071.0,Africa,726.3427461139896
Ghana,GHA,2016,5666.078,Africa,GHA,71.0,7.72,28696071.0,Africa,733.94792746114
Ghana,GHA,2017,5993.631,Africa,GHA,64.49239,7.72,30008364.0,Africa,776.3770725388601
Ghana,GHA,2018,6234.512,Africa,GHA,64.49239,7.72,30008364.0,Africa,807.579274611399
Ghana,GHA,2019,6508.2466,Africa,GHA,64.49239,7.72,30008364.0,Africa,843.0371243523317
Ghana,GHA,2020,6412.6855,Africa,GHA,64.49239,8.39,31887802.0,Africa,764.3248510131108
Ghana,GHA,2021,6607.503,Africa,GHA,76.48568,8.39,32518662.0,Africa,787.54505363528
Ghana,GHA,2022,6728.454,Africa,GHA,76.48568,8.39,32518662.0,Africa,801.9611442193086
Ghana,GHA,2023,6808.5376,Africa,GHA,76.48568,8.39,32518662.0,Africa,811.5062693682955
Greece,GRC,1990,26916.312,Europe,GRC,91.0,9.34,10258494.0,Europe,2881.832119914347
Greece,GRC,1991,27419.604,Europe,GRC,93.0,9.34,10306645.0,Europe,2935.717773019272
Greece,GRC,1992,27401.424,Europe,GRC,93.0,9.34,10306645.0,Europe,2933.77130620985
Greece,GRC,1993,26804.854,Europe,GRC,93.0,9.34,10306645.0,Europe,2869.898715203426
Greece,GRC,1994,27204.396,Europe,GRC,93.0,9.34,10306645.0,Europe,2912.676231263383
Greece,GRC,1995,27646.148,Europe,GRC,93.0,9.54,10519233.0,Europe,2897.9190775681345
Greece,GRC,1996,27905.107,Europe,GRC,93.0,9.54,10519233.0,Europe,2925.063626834382
Greece,GRC,1997,28768.24,Europe,GRC,93.0,9.54,10519233.0,Europe,3015.5387840670865
Greece,GRC,1998,29592.525,Europe,GRC,93.0,9.54,10519233.0,Europe,3101.9418238993717
Greece,GRC,1999,30263.055,Europe,GRC,93.0,9.54,10519233.0,Europe,3172.227987421384
Greece,GRC,2000,31386.64,Europe,GRC,93.0,9.9,10782638.0,Europe,3170.3676767676766
Greece,GRC,2001,32675.93,Europe,GRC,96.0,9.9,10843166.0,Europe,3300.5989898989897
Greece,GRC,2002,34081.027,Europe,GRC,96.0,9.9,10843166.0,Europe,3442.5279797979797
Greece,GRC,2003,35970.703,Europe,GRC,96.0,9.9,10843166.0,Europe,3633.4043434343434
Greece,GRC,2004,37811.492,Europe,GRC,96.0,9.9,10843166.0,Europe,3819.342626262626
Greece,GRC,2005,38146.965,Europe,GRC,96.0,10.95,10981340.0,Europe,3483.741095890411
Greece,GRC,2006,40483.156,Europe,GRC,96.0,10.95,10981340.0,Europe,3697.0918721461194
Greece,GRC,2007,41796.234,Europe,GRC,96.0,10.95,10981340.0,Europe,3817.007671232877
Greece,GRC,2008,41709.387,Europe,GRC,96.0,10.95,10981340.0,Europe,3809.076438356165
Greece,GRC,2009,39886.215,Europe,GRC,94.0,10.95,11108067.0,Europe,3642.576712328767
Greece,GRC,2010,37566.75,Europe,GRC,94.0,11.36,11124666.0,Europe,3306.9322183098593
Greece,GRC,2011,33906.492,Europe,GRC,94.0,11.36,11124666.0,Europe,2984.726408450704
Greece,GRC,2012,31250.227,Europe,GRC,94.0,11.36,11124666.0,Europe,2750.900264084507
Greece,GRC,2013,30762.443,Europe,GRC,94.0,11.36,11124666.0,Europe,2707.961531690141
Greece,GRC,2014,31213.377,Europe,GRC,94.0,11.36,11124666.0,Europe,2747.656426056338
Greece,GRC,2015,31347.977,Europe,GRC,94.0,11.6,10820902.0,Europe,2702.4118103448277
Greece,GRC,2016,31468.62,Europe,GRC,94.0,11.6,10820902.0,Europe,2712.812068965517
Greece,GRC,2017,31995.41,Europe,GRC,94.0,11.6,10820902.0,Europe,2758.225
Greece,GRC,2018,32722.33,Europe,GRC,94.0,11.6,10820902.0,Europe,2820.8905172413797
Greece,GRC,2019,33502.75,Europe,GRC,94.0,11.6,10820902.0,Europe,2888.168103448276
Greece,GRC,2020,30487.113,Europe,GRC,94.0,11.86,10699370.0,Europe,2570.582883642496
Greece,GRC,2021,33531.156,Europe,GRC,94.0,11.86,10699370.0,Europe,2827.247554806071
Greece,GRC,2022,35831.344,Europe,GRC,94.0,11.86,10699370.0,Europe,3021.1925801011803
Greece,GRC,2023,36700.51,Europe,GRC,94.0,11.86,10699370.0,Europe,3094.47807757167
Greenland,GRL,1990,38137.57,North America,GRL,98.5,11.86,23231.0,North America,3215.6467116357508
Greenland,GRL,1991,38162.934,North America,GRL,98.5,11.86,23231.0,North America,3217.7853288364254
Greenland,GRL,1992,36343.125,North America,GRL,98.5,11.86,23231.0,North America,3064.3444350758855
Greenland,GRL,1993,34578.348,North America,GRL,98.5,11.86,23231.0,North America,2915.543676222597
Greenland,GRL,1994,36428.914,North America,GRL,98.5,11.86,23231.0,North America,3071.577908937605
Greenland,GRL,1995,37584.07,North America,GRL,98.5,11.86,23231.0,North America,3168.977234401349
Greenland,GRL,1996,38090.71,North America,GRL,98.5,11.86,23231.0,North America,3211.695615514334
Greenland,GRL,1997,38581.215,North America,GRL,98.5,11.86,23231.0,North America,3253.0535413153457
Greenland,GRL,1998,41500.23,North America,GRL,98.5,11.86,23231.0,North America,3499.176222596965
Greenland,GRL,1999,42072.055,North America,GRL,98.5,11.86,23231.0,North America,3547.390809443508
Greenland,GRL,2000,44991.676,North America,GRL,98.5,11.86,23231.0,North America,3793.564586846543
Greenland,GRL,2001,45405.855,North America,GRL,98.5,11.86,23231.0,North America,3828.486930860034
Greenland,GRL,2002,44793.27,North America,GRL,98.5,11.86,23231.0,North America,3776.835581787521
Greenland,GRL,2003,46649.047,North America,GRL,98.5,11.86,23231.0,North America,3933.3091905564925
Greenland,GRL,2004,49742.06,North America,GRL,98.5,11.86,23231.0,North America,4194.10286677909
Greenland,GRL,2005,52189.0,North America,GRL,98.5,11.86,23231.0,North America,4400.421585160203
Greenland,GRL,2006,55243.71,North America,GRL,98.5,11.86,23231.0,North America,4657.985666104553
Greenland,GRL,2007,56763.24,North America,GRL,98.5,11.86,23231.0,North America,4786.107925801012
Greenland,GRL,2008,60506.195,North America,GRL,98.5,11.86,23231.0,North America,5101.702782462057
Greenland,GRL,2009,61035.566,North America,GRL,98.5,11.86,23231.0,North America,5146.337774030354
Greenland,GRL,2010,61863.28,North America,GRL,98.5,11.86,23231.0,North America,5216.1281618887015
Greenland,GRL,2011,61170.92,North America,GRL,98.5,11.86,23231.0,North America,5157.75042158516
Greenland,GRL,2012,62111.1,North America,GRL,98.5,11.86,23231.0,North America,5237.023608768972
Greenland,GRL,2013,61659.64,North America,GRL,98.5,11.86,23231.0,North America,5198.95784148398
Greenland,GRL,2014,64799.305,North America,GRL,98.5,11.86,23231.0,North America,5463.685075885329
Greenland,GRL,2015,63364.055,North America,GRL,98.5,11.86,23231.0,North America,5342.669055649241
Greenland,GRL,2016,66245.73,North America,GRL,98.5,11.86,23231.0,North America,5585.643338954469
Greenland,GRL,2017,66297.18,North America,GRL,98.5,11.86,23231.0,North America,5589.981450252951
Greenland,GRL,2018,66887.68,North America,GRL,98.5,11.86,23231.0,North America,5639.77065767285
Greenland,GRL,2019,68534.945,North America,GRL,98.5,11.86,23231.0,North America,5778.663153456999
Greenland,GRL,2020,68533.734,North America,GRL,98.5,11.86,23231.0,North America,5778.561045531197
Greenland,GRL,2021,69302.01,North America,GRL,98.5,11.86,23231.0,North America,5843.339797639123
Greenland,GRL,2022,70681.23,North America,GRL,98.5,11.86,23231.0,North America,5959.631534569983
Greenland,GRL,2023,71037.54,North America,GRL,98.5,11.86,23231.0,North America,5989.674536256323
Grenada,GRD,1990,8883.919,North America,GRD,98.0,11.86,98431.0,North America,749.0656829679596
Grenada,GRD,1991,8932.304,North America,GRD,98.0,11.86,98431.0,North America,753.1453625632378
Grenada,GRD,1992,8785.759,North America,GRD,98.0,11.86,98431.0,North America,740.7891231028668
Grenada,GRD,1993,8548.039,North America,GRD,98.0,11.86,98431.0,North America,720.7452782462058
Grenada,GRD,1994,8629.086,North America,GRD,98.0,11.86,98431.0,North America,727.5789207419898
Grenada,GRD,1995,8750.818,North America,GRD,98.0,11.86,98431.0,North America,737.8430016863406
Grenada,GRD,1996,9076.719,North America,GRD,98.0,11.86,98431.0,North America,765.3220067453625
Grenada,GRD,1997,9467.777,North America,GRD,98.0,11.86,98431.0,North America,798.2948566610456
Grenada,GRD,1998,10509.109,North America,GRD,98.0,11.86,98431.0,North America,886.0968802698146
Grenada,GRD,1999,11158.489,North America,GRD,98.0,11.86,98431.0,North America,940.8506745362563
Grenada,GRD,2000,11625.051,North America,GRD,98.0,11.86,98431.0,North America,980.1897976391231
Grenada,GRD,2001,11333.237,North America,GRD,98.0,11.86,98431.0,North America,955.5849072512648
Grenada,GRD,2002,11677.703,North America,GRD,98.0,11.86,98431.0,North America,984.6292580101181
Grenada,GRD,2003,12726.526,North America,GRD,98.0,11.86,98431.0,North America,1073.0629005059022
Grenada,GRD,2004,12593.3545,North America,GRD,98.0,11.86,98431.0,North America,1061.8342748735245
Grenada,GRD,2005,14211.843,North America,GRD,98.0,11.86,98431.0,North America,1198.3004215851604
Grenada,GRD,2006,13594.355,North America,GRD,98.0,11.86,98431.0,North America,1146.235666104553
Grenada,GRD,2007,14376.282,North America,GRD,98.0,11.86,98431.0,North America,1212.1654300168634
Grenada,GRD,2008,14463.56,North America,GRD,98.0,11.86,98431.0,North America,1219.5244519392918
Grenada,GRD,2009,13463.58,North America,GRD,98.0,11.86,98431.0,North America,1135.2091062394604
Grenada,GRD,2010,13354.908,North America,GRD,98.0,11.86,98431.0,North America,1126.0462057335583
Grenada,GRD,2011,13397.85,North America,GRD,98.0,11.86,98431.0,North America,1129.6669477234402
Grenada,GRD,2012,13161.3955,North America,GRD,98.0,11.86,98431.0,North America,1109.7298060708265
Grenada,GRD,2013,13386.319,North America,GRD,98.0,11.86,98431.0,North America,1128.6946880269816
Grenada,GRD,2014,14287.954,North America,GRD,98.0,11.86,98431.0,North America,1204.7178752107927
Grenada,GRD,2015,15136.696,North America,GRD,98.0,11.86,98431.0,North America,1276.281281618887
Grenada,GRD,2016,15640.827,North America,GRD,98.0,11.86,98431.0,North America,1318.7881112984824
Grenada,GRD,2017,16291.489,North America,GRD,98.0,11.86,98431.0,North America,1373.65
Grenada,GRD,2018,16964.852,North America,GRD,98.0,11.86,98431.0,North America,1430.4259696458685
Grenada,GRD,2019,17036.916,North America,GRD,98.0,11.86,98431.0,North America,1436.5021922428332
Grenada,GRD,2020,14647.745,North America,GRD,98.0,11.86,98431.0,North America,1235.0543844856663
Grenada,GRD,2021,15290.251,North America,GRD,98.0,11.86,98431.0,North America,1289.2285834738618
Grenada,GRD,2022,16376.428,North America,GRD,98.0,11.86,98431.0,North America,1380.8118043844856
Grenada,GRD,2023,17093.156,North America,GRD,98.0,11.86,98431.0,North America,1441.2441821247892
Guam,GRD,1990,17751.51,North America,GUM,99.0,11.86,138623.0,Oceania,1496.754637436762
Guatemala,GTM,1990,7594.7285,North America,GTM,27.5,3.66,9024775.0,North America,2075.062431693989
Guatemala,GTM,1991,7662.1675,North America,GTM,27.5,3.66,9024775.0,North America,2093.488387978142
Guatemala,GTM,1992,7822.26,North America,GTM,27.5,3.66,9024775.0,North America,2137.2295081967213
Guatemala,GTM,1993,7915.4067,North America,GTM,27.5,3.66,9024775.0,North America,2162.679426229508
Guatemala,GTM,1994,8018.28,North America,GTM,64.0,3.66,10043713.0,North America,2190.7868852459014
Guatemala,GTM,1995,8195.346,North America,GTM,64.0,3.96,10312999.0,North America,2069.531818181818
Guatemala,GTM,1996,8222.065,North America,GTM,64.0,3.96,10312999.0,North America,2076.2790404040406
Guatemala,GTM,1997,8364.161,North America,GTM,64.0,3.96,10312999.0,North America,2112.1618686868687
Guatemala,GTM,1998,8559.986,North America,GTM,64.0,3.96,10312999.0,North America,2161.6126262626267
Guatemala,GTM,1999,8668.427,North America,GTM,64.0,3.96,10312999.0,North America,2188.996717171717
Guatemala,GTM,2000,8770.404,North America,GTM,64.0,4.35,11697592.0,North America,2016.1848275862071
Guatemala,GTM,2001,8771.155,North America,GTM,64.0,4.35,11697592.0,North America,2016.357471264368
Guatemala,GTM,2002,8901.536,North America,GTM,69.0,4.35,12246923.0,North America,2046.330114942529
Guatemala,GTM,2003,8926.153,North America,GTM,69.0,4.35,12246923.0,North America,2051.989195402299
Guatemala,GTM,2004,9003.857,North America,GTM,69.0,4.35,12246923.0,North America,2069.8521839080463
Guatemala,GTM,2005,9099.724,North America,GTM,69.0,4.33,13087637.0,North America,2101.552886836028
Guatemala,GTM,2006,9386.001,North America,GTM,69.0,4.33,13087637.0,North America,2167.6676674364894
Guatemala,GTM,2007,9772.806,North America,GTM,69.0,4.33,13087637.0,North America,2256.999076212471
Guatemala,GTM,2008,9889.572,North America,GTM,69.0,4.33,13087637.0,North America,2283.965819861432
Guatemala,GTM,2009,9740.709,North America,GTM,69.0,4.33,13087637.0,North America,2249.5863741339494
Guatemala,GTM,2010,9825.018,North America,GTM,69.0,5.21,14500118.0,North America,1885.8
Guatemala,GTM,2011,10032.089,North America,GTM,69.0,5.21,14500118.0,North America,1925.544913627639
Guatemala,GTM,2012,10126.828,North America,GTM,78.0,5.21,15089639.0,North America,1943.7289827255277
Guatemala,GTM,2013,10297.84,North America,GTM,77.0,5.21,15387339.0,North America,1976.552783109405
Guatemala,GTM,2014,10553.564,North America,GTM,81.0,5.21,15681725.0,North America,2025.6360844529752
Guatemala,GTM,2015,10785.958,North America,GTM,80.19509,5.72,15971745.0,North America,1885.6569930069932
Guatemala,GTM,2016,10872.594,North America,GTM,80.19509,5.72,15971745.0,North America,1900.8031468531467
Guatemala,GTM,2017,11005.459,North America,GTM,80.19509,5.72,15971745.0,North America,1924.0312937062938
Guatemala,GTM,2018,11192.372,North America,GTM,81.0,5.72,16845688.0,North America,1956.7083916083916
Guatemala,GTM,2019,11466.377,North America,GTM,81.0,5.72,16845688.0,North America,2004.6113636363639
Guatemala,GTM,2020,11097.15,North America,GTM,81.0,6.26,17357331.0,North America,1772.7076677316295
Guatemala,GTM,2021,11825.142,North America,GTM,81.0,6.26,17357331.0,North America,1889.000319488818
Guatemala,GTM,2022,12147.931,North America,GTM,83.03117,6.26,17847877.0,North America,1940.5640575079874
Guatemala,GTM,2023,12384.948,North America,GTM,83.03117,6.26,17847877.0,North America,1978.4261980830672
Guinea,GIN,1990,2105.7473,Africa,GTM,83.03117,6.26,17847877.0,North America,336.38135782747605
Guinea,GIN,1991,2075.992,Africa,GTM,83.03117,6.26,17847877.0,North America,331.62811501597446
Guinea,GIN,1992,2076.5505,Africa,GTM,83.03117,6.26,17847877.0,North America,331.71733226837057
Guinea,GIN,1993,2115.8665,Africa,GTM,83.03117,6.26,17847877.0,North America,337.99784345047925
Guinea,GIN,1994,2134.8977,Africa,GTM,83.03117,6.26,17847877.0,North America,341.0379712460064
Guinea,GIN,1995,2171.7256,Africa,GTM,83.03117,6.26,17847877.0,North America,346.9210223642173
Guinea,GIN,1996,2205.3237,Africa,GIN,21.0,6.26,7770035.0,Africa,352.2881309904153
Guinea,GIN,1997,2272.411,Africa,GIN,21.0,6.26,7770035.0,Africa,363.00495207667734
Guinea,GIN,1998,2311.3274,Africa,GIN,21.0,6.26,7770035.0,Africa,369.2216293929713
Guinea,GIN,1999,2346.2703,Africa,GIN,21.0,6.26,7770035.0,Africa,374.8035623003195
Guinea,GIN,2000,2358.2876,Africa,GIN,21.0,6.26,7770035.0,Africa,376.7232587859425
Guinea,GIN,2001,2412.7517,Africa,GIN,21.0,6.26,7770035.0,Africa,385.42359424920124
Guinea,GIN,2002,2498.1318,Africa,GIN,21.0,6.26,7770035.0,Africa,399.062587859425
Guinea,GIN,2003,2473.2341,Africa,GIN,30.0,6.26,8870790.0,Africa,395.0853194888179
Guinea,GIN,2004,2477.503,Africa,GIN,30.0,6.26,8870790.0,Africa,395.76725239616616
Guinea,GIN,2005,2501.2217,Africa,GIN,30.0,6.26,8870790.0,Africa,399.5561821086262
Guinea,GIN,2006,2478.6133,Africa,GIN,30.0,6.26,8870790.0,Africa,395.94461661341853
Guinea,GIN,2007,2587.005,Africa,GIN,30.0,6.26,8870790.0,Africa,413.25958466453676
Guinea,GIN,2008,2629.5398,Africa,GIN,30.0,6.26,8870790.0,Africa,420.05428115015974
Guinea,GIN,2009,2537.3064,Africa,GIN,30.0,6.26,8870790.0,Africa,405.32051118210865
Guinea,GIN,2010,2594.8306,Africa,GIN,25.0,6.26,10396090.0,Africa,414.50968051118207
Guinea,GIN,2011,2673.4087,Africa,GIN,25.0,6.26,10396090.0,Africa,427.0620926517572
Guinea,GIN,2012,2762.9036,Africa,GIN,25.0,6.26,10396090.0,Africa,441.3584025559106
Guinea,GIN,2013,2802.56,Africa,GIN,25.0,6.26,10396090.0,Africa,447.6932907348243
Guinea,GIN,2014,2834.9663,Africa,GIN,32.0,6.26,11472921.0,Africa,452.8700159744409
Guinea,GIN,2015,2869.8516,Africa,GIN,32.0,6.26,11472921.0,Africa,458.4427476038339
Guinea,GIN,2016,3099.7888,Africa,GIN,32.0,6.26,11472921.0,Africa,495.17392971246005
Guinea,GIN,2017,3332.7659,Africa,GIN,32.0,6.26,11472921.0,Africa,532.3907188498403
Guinea,GIN,2018,3455.645,Africa,GIN,40.0,6.26,12704776.0,Africa,552.0199680511182
Guinea,GIN,2019,3557.4624,Africa,GIN,40.0,6.26,12704776.0,Africa,568.2847284345048
Guinea,GIN,2020,3630.9934,Africa,GIN,40.0,6.26,12704776.0,Africa,580.0308945686901
Guinea,GIN,2021,3738.8052,Africa,GIN,40.0,6.26,12704776.0,Africa,597.2532268370607
Guinea,GIN,2022,3792.0107,Africa,GIN,40.0,6.26,12704776.0,Africa,605.7525079872204
Guinea,GIN,2023,3904.824,Africa,GIN,40.0,6.26,12704776.0,Africa,623.7738019169329
Guinea-Bissau,GNB,1990,1967.9681,Africa,GNB,20.0,6.26,819878.0,Africa,314.3719009584665
Guinea-Bissau,GNB,1991,2024.7277,Africa,GNB,20.0,6.26,819878.0,Africa,323.43892971246004
Guinea-Bissau,GNB,1992,1987.6154,Africa,GNB,20.0,6.26,819878.0,Africa,317.51044728434505
Guinea-Bissau,GNB,1993,1963.4401,Africa,GNB,20.0,6.26,819878.0,Africa,313.6485782747604
Guinea-Bissau,GNB,1994,1964.5077,Africa,GNB,20.0,6.26,819878.0,Africa,313.8191214057508
Guinea-Bissau,GNB,1995,1999.8202,Africa,GNB,20.0,6.26,819878.0,Africa,319.4600958466454
Guinea-Bissau,GNB,1996,2185.7673,Africa,GNB,20.0,6.26,819878.0,Africa,349.1641054313099
Guinea-Bissau,GNB,1997,2283.8835,Africa,GNB,20.0,6.26,819878.0,Africa,364.8376198083067
Guinea-Bissau,GNB,1998,1738.5413,Africa,GNB,20.0,6.26,819878.0,Africa,277.72225239616614
Guinea-Bissau,GNB,1999,1992.7285,Africa,GNB,20.0,6.26,819878.0,Africa,318.3272364217252
Guinea-Bissau,GNB,2000,1974.6217,Africa,GNB,41.0,6.26,1234747.0,Africa,315.4347763578275
Guinea-Bissau,GNB,2001,2025.6006,Africa,GNB,41.0,6.26,1234747.0,Africa,323.5783706070288
Guinea-Bissau,GNB,2002,2053.962,Africa,GNB,41.0,6.26,1234747.0,Africa,328.108945686901
Guinea-Bissau,GNB,2003,2002.2775,Africa,GNB,41.0,6.26,1234747.0,Africa,319.8526357827476
Guinea-Bissau,GNB,2004,1979.5746,Africa,GNB,41.0,6.26,1234747.0,Africa,316.22597444089456
Guinea-Bissau,GNB,2005,2060.5383,Africa,GNB,41.0,6.26,1234747.0,Africa,329.15947284345054
Guinea-Bissau,GNB,2006,2065.0837,Africa,GNB,41.0,6.26,1234747.0,Africa,329.88557507987224
Guinea-Bissau,GNB,2007,2065.8613,Africa,GNB,41.0,6.26,1234747.0,Africa,330.0097923322684
Guinea-Bissau,GNB,2008,2105.543,Africa,GNB,41.0,6.26,1234747.0,Africa,336.34872204472845
Guinea-Bissau,GNB,2009,2102.9272,Africa,GNB,41.0,6.26,1234747.0,Africa,335.93086261980835
Guinea-Bissau,GNB,2010,2164.1335,Africa,GNB,41.0,6.26,1234747.0,Africa,345.7082268370607
Guinea-Bissau,GNB,2011,2278.4058,Africa,GNB,41.0,6.26,1234747.0,Africa,363.96258785942496
Guinea-Bissau,GNB,2012,2180.6077,Africa,GNB,41.0,6.26,1234747.0,Africa,348.3398881789138
Guinea-Bissau,GNB,2013,2192.4563,Africa,GNB,41.0,6.26,1234747.0,Africa,350.2326357827476
Guinea-Bissau,GNB,2014,2156.2021,Africa,GNB,41.0,6.26,1234747.0,Africa,344.44123003194886
Guinea-Bissau,GNB,2015,2230.391,Africa,GNB,41.0,6.26,1234747.0,Africa,356.2924920127796
Guinea-Bissau,GNB,2016,2293.2358,Africa,GNB,41.0,6.26,1234747.0,Africa,366.3315974440895
Guinea-Bissau,GNB,2017,2342.4153,Africa,GNB,41.0,6.26,1234747.0,Africa,374.1877476038339
Guinea-Bissau,GNB,2018,2373.5015,Africa,GNB,41.0,6.26,1234747.0,Africa,379.15359424920126
Guinea-Bissau,GNB,2019,2442.1067,Africa,GNB,54.88232,6.26,1967704.0,Africa,390.1128913738019
Guinea-Bissau,GNB,2020,2455.856,Africa,GNB,54.88232,6.26,1967704.0,Africa,392.3092651757189
Guinea-Bissau,GNB,2021,2522.7676,Africa,GNB,54.88232,6.26,1967704.0,Africa,402.9980191693291
Guinea-Bissau,GNB,2022,2603.2402,Africa,GNB,63.93413,6.26,2105535.0,Africa,415.8530670926518
Guinea-Bissau,GNB,2023,2693.7766,Africa,GNB,63.93413,6.26,2105535.0,Africa,430.3157507987221
Guyana,GUY,1990,5074.431,South America,GUY,77.5,7.27,749891.0,South America,697.9960110041266
Guyana,GUY,1991,5396.4634,South America,GUY,77.5,7.27,749891.0,South America,742.2920770288858
Guyana,GUY,1992,5799.2183,South America,GUY,77.5,7.27,749891.0,South America,797.6916506189822
Guyana,GUY,1993,6247.866,South America,GUY,77.5,7.27,749891.0,South America,859.4038514442916
Guyana,GUY,1994,6755.3286,South America,GUY,77.5,7.27,749891.0,South America,929.2061348005502
Guyana,GUY,1995,7071.213,South America,GUY,77.5,7.92,758395.0,South America,892.8299242424242
Guyana,GUY,1996,7612.304,South America,GUY,77.5,7.92,758395.0,South America,961.149494949495
Guyana,GUY,1997,8064.5674,South America,GUY,77.5,7.92,758395.0,South America,1018.2534595959596
Guyana,GUY,1998,7915.2295,South America,GUY,77.5,7.92,758395.0,South America,999.3976641414142
Guyana,GUY,1999,8139.97,South America,GUY,77.5,7.92,758395.0,South America,1027.7739898989898
Guyana,GUY,2000,8025.2935,South America,GUY,77.5,8.43,764836.0,South America,951.9921115065243
Guyana,GUY,2001,8212.043,South America,GUY,77.5,8.43,764836.0,South America,974.1450771055753
Guyana,GUY,2002,8314.027,South America,GUY,77.5,8.43,764836.0,South America,986.2428232502966
Guyana,GUY,2003,8267.429,South America,GUY,77.5,8.43,764836.0,South America,980.7151838671411
Guyana,GUY,2004,8404.2,South America,GUY,77.5,8.43,764836.0,South America,996.9395017793596
Guyana,GUY,2005,8256.525,South America,GUY,77.5,8.79,760922.0,South America,939.3088737201366
Guyana,GUY,2006,8702.331,South America,GUY,77.5,8.79,760922.0,South America,990.0262798634814
Guyana,GUY,2007,9354.08,South America,GUY,77.5,8.79,760922.0,South America,1064.1729237770194
Guyana,GUY,2008,9546.709,South America,GUY,77.5,8.79,760922.0,South America,1086.0874857792949
Guyana,GUY,2009,9924.526,South America,GUY,77.5,8.79,760922.0,South America,1129.07007963595
Guyana,GUY,2010,10374.395,South America,GUY,77.5,9.0,749259.0,South America,1152.7105555555556
Guyana,GUY,2011,10958.86,South America,GUY,77.5,9.0,749259.0,South America,1217.6511111111113
Guyana,GUY,2012,11534.999,South America,GUY,77.5,9.0,749259.0,South America,1281.6665555555555
Guyana,GUY,2013,11896.907,South America,GUY,77.5,9.0,749259.0,South America,1321.8785555555555
Guyana,GUY,2014,12030.053,South America,GUY,77.5,9.0,749259.0,South America,1336.6725555555556
Guyana,GUY,2015,12040.083,South America,GUY,77.5,8.32,758783.0,South America,1447.1253605769232
Guyana,GUY,2016,12420.473,South America,GUY,77.5,8.32,758783.0,South America,1492.8453124999999
Guyana,GUY,2017,12801.641,South America,GUY,77.5,8.32,758783.0,South America,1538.6587740384614
Guyana,GUY,2018,12980.357,South America,GUY,77.5,8.32,758783.0,South America,1560.1390625
Guyana,GUY,2019,13402.422,South America,GUY,77.5,8.32,758783.0,South America,1610.868028846154
Guyana,GUY,2020,19234.13,South America,GUY,85.63835,8.52,807486.0,South America,2257.5269953051647
Guyana,GUY,2021,22865.928,South America,GUY,85.63835,8.52,807486.0,South America,2683.794366197183
Guyana,GUY,2022,37068.2,South America,GUY,85.63835,8.52,807486.0,South America,4350.7276995305165
Guyana,GUY,2023,49312.36,South America,GUY,85.63835,8.52,807486.0,South America,5787.835680751174
Haiti,HTI,1990,3959.0251,North America,HTI,35.0,3.56,6854444.0,North America,1112.085702247191
Haiti,HTI,1991,3952.1726,North America,HTI,35.0,3.56,6854444.0,North America,1110.160842696629
Haiti,HTI,1992,3668.3132,North America,HTI,35.0,3.56,6854444.0,North America,1030.4250561797753
Haiti,HTI,1993,3401.759,North America,HTI,35.0,3.56,6854444.0,North America,955.5502808988764
Haiti,HTI,1994,2938.07,North America,HTI,35.0,3.56,6854444.0,North America,825.3005617977528
Haiti,HTI,1995,3167.913,North America,HTI,35.0,4.06,7562551.0,North America,780.2741379310346
Haiti,HTI,1996,3237.0198,North America,HTI,35.0,4.06,7562551.0,North America,797.2955172413793
Haiti,HTI,1997,3262.4592,North America,HTI,35.0,4.06,7562551.0,North America,803.5613793103448
Haiti,HTI,1998,3272.0496,North America,HTI,35.0,4.06,7562551.0,North America,805.9235467980296
Haiti,HTI,1999,3299.2354,North America,HTI,35.0,4.06,7562551.0,North America,812.6195566502464
Haiti,HTI,2000,3267.0764,North America,HTI,35.0,4.44,8303151.0,North America,735.8280180180179
Haiti,HTI,2001,3197.0571,North America,HTI,35.0,4.44,8303151.0,North America,720.0579054054053
Haiti,HTI,2002,3173.7385,North America,HTI,35.0,4.44,8303151.0,North America,714.8059684684683
Haiti,HTI,2003,3227.1208,North America,HTI,59.0,4.44,8759913.0,North America,726.8290090090089
Haiti,HTI,2004,3130.8555,North America,HTI,59.0,4.44,8759913.0,North America,705.1476351351351
Haiti,HTI,2005,3173.2607,North America,HTI,59.0,4.9,9061274.0,North America,647.6042244897958
Haiti,HTI,2006,3174.9763,North America,HTI,59.0,4.9,9061274.0,North America,647.9543469387754
Haiti,HTI,2007,3268.8188,North America,HTI,59.0,4.9,9061274.0,North America,667.1058775510204
Haiti,HTI,2008,3300.2585,North America,HTI,59.0,4.9,9061274.0,North America,673.5221428571427
Haiti,HTI,2009,3437.3806,North America,HTI,59.0,4.9,9061274.0,North America,701.5062448979592
Haiti,HTI,2010,3205.4983,North America,HTI,59.0,5.17,9803299.0,North America,620.0190135396518
Haiti,HTI,2011,3330.9983,North America,HTI,59.0,5.17,9803299.0,North America,644.2936750483559
Haiti,HTI,2012,3296.2478,North America,HTI,59.0,5.17,9803299.0,North America,637.5721083172148
Haiti,HTI,2013,3387.4717,North America,HTI,59.0,5.17,9803299.0,North America,655.2169632495164
Haiti,HTI,2014,3434.636,North America,HTI,59.0,5.17,9803299.0,North America,664.3396518375242
Haiti,HTI,2015,3433.0752,North America,HTI,59.0,5.5,10523249.0,North America,624.195490909091
Haiti,HTI,2016,3446.7527,North America,HTI,59.0,5.5,10523249.0,North America,626.6823090909091
Haiti,HTI,2017,3485.4924,North America,HTI,68.00986,5.5,10817759.0,North America,633.7258909090909
Haiti,HTI,2018,3496.8787,North America,HTI,68.00986,5.5,10817759.0,North America,635.7961272727273
Haiti,HTI,2019,3392.4326,North America,HTI,68.00986,5.5,10817759.0,North America,616.8059272727273
Haiti,HTI,2020,3239.8354,North America,HTI,68.00986,5.95,11243846.0,North America,544.5101512605041
Haiti,HTI,2021,3145.0068,North America,HTI,68.00986,5.95,11243846.0,North America,528.5725714285715
Haiti,HTI,2022,3057.4285,North America,HTI,68.00986,5.95,11243846.0,North America,513.8535294117647
Haiti,HTI,2023,2965.9463,North America,HTI,68.00986,5.95,11243846.0,North America,498.47836974789914
High-Income Countries,OWID_HIC,1990,34929.43,North America,HTI,68.00986,5.95,11243846.0,North America,5870.49243697479
High-Income Countries,OWID_HIC,1991,34820.582,North America,HTI,68.00986,5.95,11243846.0,North America,5852.198655462185
High-Income Countries,OWID_HIC,1992,34720.812,North America,HTI,68.00986,5.95,11243846.0,North America,5835.430588235294
High-Income Countries,OWID_HIC,1993,34667.574,North America,HTI,68.00986,5.95,11243846.0,North America,5826.483025210084
High-Income Countries,OWID_HIC,1994,35197.805,North America,HTI,68.00986,5.95,11243846.0,North America,5915.597478991596
High-Income Countries,OWID_HIC,1995,35892.344,North America,HTI,68.00986,5.95,11243846.0,North America,6032.326722689075
High-Income Countries,OWID_HIC,1996,36633.758,North America,HTI,68.00986,5.95,11243846.0,North America,6156.934117647059
High-Income Countries,OWID_HIC,1997,37650.688,North America,HTI,68.00986,5.95,11243846.0,North America,6327.846722689076
High-Income Countries,OWID_HIC,1998,38308.953,North America,HTI,68.00986,5.95,11243846.0,North America,6438.4794957983195
High-Income Countries,OWID_HIC,1999,39471.53,North America,HTI,68.00986,5.95,11243846.0,North America,6633.870588235293
High-Income Countries,OWID_HIC,2000,41052.55,North America,HTI,68.00986,5.95,11243846.0,North America,6899.588235294118
High-Income Countries,OWID_HIC,2001,41571.387,North America,HTI,68.00986,5.95,11243846.0,North America,6986.787731092437
High-Income Countries,OWID_HIC,2002,42108.766,North America,HTI,68.00986,5.95,11243846.0,North America,7077.103529411765
High-Income Countries,OWID_HIC,2003,42964.38,North America,HTI,68.00986,5.95,11243846.0,North America,7220.904201680672
High-Income Countries,OWID_HIC,2004,44356.785,North America,HTI,68.00986,5.95,11243846.0,North America,7454.921848739496
High-Income Countries,OWID_HIC,2005,45533.9,North America,HTI,68.00986,5.95,11243846.0,North America,7652.756302521008
High-Income Countries,OWID_HIC,2006,46910.86,North America,HTI,68.00986,5.95,11243846.0,North America,7884.178151260504
High-Income Countries,OWID_HIC,2007,48145.7,North America,HTI,68.00986,5.95,11243846.0,North America,8091.714285714285
High-Income Countries,OWID_HIC,2008,48338.777,North America,HTI,68.00986,5.95,11243846.0,North America,8124.164201680673
High-Income Countries,OWID_HIC,2009,46327.402,North America,HTI,68.00986,5.95,11243846.0,North America,7786.117983193278
High-Income Countries,OWID_HIC,2010,47586.2,North America,HTI,68.00986,5.95,11243846.0,North America,7997.680672268907
High-Income Countries,OWID_HIC,2011,48491.062,North America,HTI,68.00986,5.95,11243846.0,North America,8149.7583193277305
High-Income Countries,OWID_HIC,2012,48959.668,North America,HTI,68.00986,5.95,11243846.0,North America,8228.5156302521
High-Income Countries,OWID_HIC,2013,49441.21,North America,HTI,68.00986,5.95,11243846.0,North America,8309.447058823529
High-Income Countries,OWID_HIC,2014,50214.062,North America,HTI,68.00986,5.95,11243846.0,North America,8439.338151260503
High-Income Countries,OWID_HIC,2015,50977.375,North America,HTI,68.00986,5.95,11243846.0,North America,8567.626050420167
High-Income Countries,OWID_HIC,2016,51585.492,North America,HTI,68.00986,5.95,11243846.0,North America,8669.830588235294
High-Income Countries,OWID_HIC,2017,52651.33,North America,HTI,68.00986,5.95,11243846.0,North America,8848.963025210083
High-Income Countries,OWID_HIC,2018,53756.51,North America,HTI,68.00986,5.95,11243846.0,North America,9034.70756302521
High-Income Countries,OWID_HIC,2019,54610.215,North America,HTI,68.00986,5.95,11243846.0,North America,9178.187394957982
High-Income Countries,OWID_HIC,2020,52316.61,North America,HTI,68.00986,5.95,11243846.0,North America,8792.70756302521
High-Income Countries,OWID_HIC,2021,55480.527,North America,HTI,68.00986,5.95,11243846.0,North America,9324.45831932773
High-Income Countries,OWID_HIC,2022,56904.445,North America,HTI,68.00986,5.95,11243846.0,North America,9563.772268907564
High-Income Countries,OWID_HIC,2023,57537.246,North America,HTI,68.00986,5.95,11243846.0,North America,9670.12537815126
Honduras,HND,1990,1172.0798,North America,HND,37.5,5.07,4980493.0,North America,231.1794477317554
Honduras,HND,1991,1436.0507,North America,HND,37.5,5.07,4980493.0,North America,283.24471400394475
Honduras,HND,1992,1521.9473,North America,HND,37.5,5.07,4980493.0,North America,300.18684418145955
Honduras,HND,1993,1681.0824,North America,HND,37.5,5.07,4980493.0,North America,331.5744378698225
Honduras,HND,1994,2108.2742,North America,HND,37.5,5.07,4980493.0,North America,415.83317554240625
Honduras,HND,1995,2555.0261,North America,HND,37.5,5.47,5739636.0,North America,467.0980073126143
Honduras,HND,1996,3054.1577,North America,HND,37.5,5.47,5739636.0,North America,558.346928702011
Honduras,HND,1997,3635.9807,North America,HND,37.5,5.47,5739636.0,North America,664.7131078610604
Honduras,HND,1998,3950.835,North America,HND,37.5,5.47,5739636.0,North America,722.2733089579525
Honduras,HND,1999,4293.827,North America,HND,37.5,5.47,5739636.0,North America,784.9775137111518
Honduras,HND,2000,4579.6895,North America,HND,37.5,5.87,6577781.0,North America,780.1856047700171
Honduras,HND,2001,4578.9478,North America,HND,80.0,5.87,6757992.0,North America,780.0592504258943
Honduras,HND,2002,4627.023,North America,HND,80.0,5.87,6757992.0,North America,788.2492333901192
Honduras,HND,2003,4714.867,North America,HND,80.0,5.87,6757992.0,North America,803.2141396933561
Honduras,HND,2004,4885.343,North America,HND,80.0,5.87,6757992.0,North America,832.2560477001704
Honduras,HND,2005,5056.6753,North America,HND,80.0,6.24,7478362.0,North America,810.3646314102564
Honduras,HND,2006,5263.1504,North America,HND,80.0,6.24,7478362.0,North America,843.4535897435898
Honduras,HND,2007,5461.9014,North America,HND,84.0,6.24,7834806.0,North America,875.3047115384614
Honduras,HND,2008,5566.7065,North America,HND,84.0,6.24,7834806.0,North America,892.1004006410257
Honduras,HND,2009,5313.756,North America,HND,84.0,6.24,7834806.0,North America,851.5634615384615
Honduras,HND,2010,5396.0723,North America,HND,85.0,6.6,8365881.0,North America,817.5867121212121
Honduras,HND,2011,5488.4336,North America,HND,85.0,6.6,8540587.0,North America,831.5808484848486
Honduras,HND,2012,5600.608,North America,HND,85.0,6.6,8715081.0,North America,848.5769696969697
Honduras,HND,2013,5644.134,North America,HND,85.0,6.6,8889276.0,North America,855.1718181818183
Honduras,HND,2014,5705.1626,North America,HND,87.0,6.6,9063127.0,North America,864.4185757575758
Honduras,HND,2015,5812.5347,North America,HND,88.0,7.04,9237306.0,North America,825.6441335227273
Honduras,HND,2016,5926.49,North America,HND,89.0,7.04,9412380.0,North America,841.8309659090909
Honduras,HND,2017,6099.6074,North America,HND,89.0,7.04,9412380.0,North America,866.4215056818182
Honduras,HND,2018,6219.28,North America,HND,87.0,7.04,9765209.0,North America,883.4204545454545
Honduras,HND,2019,6264.019,North America,HND,89.0,7.04,9943637.0,North America,889.7754261363636
Honduras,HND,2020,5603.264,North America,HND,89.0,7.51,10119638.0,North America,746.1070572569907
Honduras,HND,2021,6202.981,North America,HND,89.0,7.51,10119638.0,North America,825.9628495339547
Honduras,HND,2022,6352.587,North America,HND,89.0,7.51,10119638.0,North America,845.8837549933423
Honduras,HND,2023,6467.88,North America,HND,89.0,7.51,10119638.0,North America,861.2356857523303
Hong Kong,HKG,1990,31598.756,Asia,HKG,57.5,10.08,5560599.0,Asia,3134.7972222222224
Hong Kong,HKG,1991,33124.688,Asia,HKG,57.5,10.08,5560599.0,Asia,3286.179365079365
Hong Kong,HKG,1992,34895.76,Asia,HKG,57.5,10.08,5560599.0,Asia,3461.8809523809527
Hong Kong,HKG,1993,36428.527,Asia,HKG,57.5,10.08,5560599.0,Asia,3613.9411706349206
Hong Kong,HKG,1994,37767.195,Asia,HKG,57.5,10.08,5560599.0,Asia,3746.745535714286
Hong Kong,HKG,1995,37905.652,Asia,HKG,57.5,10.21,6177105.0,Asia,3712.6005876591576
Hong Kong,HKG,1996,37804.07,Asia,HKG,57.5,10.21,6177105.0,Asia,3702.6513222331046
Hong Kong,HKG,1997,39402.594,Asia,HKG,57.5,10.21,6177105.0,Asia,3859.215866797257
Hong Kong,HKG,1998,36776.383,Asia,HKG,57.5,10.21,6177105.0,Asia,3601.9963761018607
Hong Kong,HKG,1999,37339.926,Asia,HKG,57.5,10.21,6177105.0,Asia,3657.191576885406
Hong Kong,HKG,2000,39848.59,Asia,HKG,57.5,10.37,6704665.0,Asia,3842.6798457087752
Hong Kong,HKG,2001,39777.855,Asia,HKG,57.5,10.37,6704665.0,Asia,3835.858727097397
Hong Kong,HKG,2002,40258.17,Asia,HKG,57.5,10.37,6704665.0,Asia,3882.1764705882356
Hong Kong,HKG,2003,41570.58,Asia,HKG,57.5,10.37,6704665.0,Asia,4008.7348119575704
Hong Kong,HKG,2004,44836.207,Asia,HKG,57.5,10.37,6704665.0,Asia,4323.645805207329
Hong Kong,HKG,2005,47938.9,Asia,HKG,57.5,12.17,6908483.0,Asia,3939.104354971241
Hong Kong,HKG,2006,50981.793,Asia,HKG,57.5,12.17,6908483.0,Asia,4189.136647493837
Hong Kong,HKG,2007,53813.08,Asia,HKG,57.5,12.17,6908483.0,Asia,4421.781429745275
Hong Kong,HKG,2008,54630.375,Asia,HKG,57.5,12.17,6908483.0,Asia,4488.937962202136
Hong Kong,HKG,2009,53172.3,Asia,HKG,57.5,12.17,6908483.0,Asia,4369.129005751849
Hong Kong,HKG,2010,56355.41,Asia,HKG,57.5,12.2,7101614.0,Asia,4619.295901639345
Hong Kong,HKG,2011,58672.83,Asia,HKG,57.5,12.2,7101614.0,Asia,4809.248360655738
Hong Kong,HKG,2012,59015.332,Asia,HKG,57.5,12.2,7101614.0,Asia,4837.322295081967
Hong Kong,HKG,2013,60601.61,Asia,HKG,57.5,12.2,7101614.0,Asia,4967.345081967213
Hong Kong,HKG,2014,61839.812,Asia,HKG,57.5,12.2,7101614.0,Asia,5068.837049180328
Hong Kong,HKG,2015,62779.75,Asia,HKG,57.5,12.32,7366411.0,Asia,5095.758928571428
Hong Kong,HKG,2016,63749.41,Asia,HKG,57.5,12.32,7366411.0,Asia,5174.465097402597
Hong Kong,HKG,2017,65662.836,Asia,HKG,57.5,12.32,7366411.0,Asia,5329.775649350649
Hong Kong,HKG,2018,66993.97,Asia,HKG,57.5,12.32,7366411.0,Asia,5437.82224025974
Hong Kong,HKG,2019,65388.332,Asia,HKG,57.5,12.32,7366411.0,Asia,5307.494480519481
Hong Kong,HKG,2020,61328.527,Asia,HKG,57.5,12.83,7490240.0,Asia,4780.087840997662
Hong Kong,HKG,2021,65884.94,Asia,HKG,57.5,12.83,7490240.0,Asia,5135.225253312549
Hong Kong,HKG,2022,64036.645,Asia,HKG,57.5,12.83,7490240.0,Asia,4991.16484801247
Hong Kong,HKG,2023,64434.56,Asia,HKG,57.5,12.83,7490240.0,Asia,5022.179267342167
Hungary,HUN,1990,21297.0,Europe,HUN,99.0,9.48,10381280.0,Europe,2246.518987341772
Hungary,HUN,1991,18765.416,Europe,HUN,99.0,9.48,10381280.0,Europe,1979.4742616033755
Hungary,HUN,1992,18197.531,Europe,HUN,99.0,9.48,10381280.0,Europe,1919.570780590717
Hungary,HUN,1993,18113.336,Europe,HUN,99.0,9.48,10381280.0,Europe,1910.689451476793
Hungary,HUN,1994,18672.707,Europe,HUN,99.0,9.48,10381280.0,Europe,1969.6948312236284
Hungary,HUN,1995,18977.244,Europe,HUN,99.0,10.75,10322792.0,Europe,1765.325023255814
Hungary,HUN,1996,19029.113,Europe,HUN,99.0,10.75,10322792.0,Europe,1770.150046511628
Hungary,HUN,1997,19635.295,Europe,HUN,99.0,10.75,10322792.0,Europe,1826.5390697674418
Hungary,HUN,1998,20438.383,Europe,HUN,99.0,10.75,10322792.0,Europe,1901.2449302325583
Hungary,HUN,1999,21128.889,Europe,HUN,99.0,10.75,10322792.0,Europe,1965.4780465116278
Hungary,HUN,2000,22117.92,Europe,HUN,99.0,11.57,10190598.0,Europe,1911.6611927398442
Hungary,HUN,2001,23069.21,Europe,HUN,99.0,11.57,10190598.0,Europe,1993.8815903197924
Hungary,HUN,2002,24229.295,Europe,HUN,99.0,11.57,10190598.0,Europe,2094.148228176318
Hungary,HUN,2003,25255.871,Europe,HUN,99.0,11.57,10190598.0,Europe,2182.8756266205705
Hungary,HUN,2004,26568.12,Europe,HUN,99.0,11.57,10190598.0,Europe,2296.2938634399306
Hungary,HUN,2005,27765.79,Europe,HUN,99.0,11.89,10065703.0,Europe,2335.2220353238013
Hungary,HUN,2006,28903.047,Europe,HUN,99.0,11.89,10065703.0,Europe,2430.870227081581
Hungary,HUN,2007,29044.066,Europe,HUN,99.0,11.89,10065703.0,Europe,2442.7305298570227
Hungary,HUN,2008,29384.008,Europe,HUN,99.0,11.89,10065703.0,Europe,2471.321110176619
Hungary,HUN,2009,27445.959,Europe,HUN,99.0,11.89,10065703.0,Europe,2308.3228763666943
Hungary,HUN,2010,27801.834,Europe,HUN,99.0,11.98,9979128.0,Europe,2320.687312186978
Hungary,HUN,2011,28415.117,Europe,HUN,99.0,11.98,9979128.0,Europe,2371.8795492487475
Hungary,HUN,2012,28179.656,Europe,HUN,99.0,11.98,9979128.0,Europe,2352.225041736227
Hungary,HUN,2013,28891.021,Europe,HUN,99.0,11.98,9979128.0,Europe,2411.6044240400665
Hungary,HUN,2014,30264.95,Europe,HUN,99.0,11.98,9979128.0,Europe,2526.2896494156926
Hungary,HUN,2015,31485.568,Europe,HUN,99.0,11.83,9839211.0,Europe,2661.5019442096363
Hungary,HUN,2016,32378.967,Europe,HUN,99.0,11.83,9839211.0,Europe,2737.0217244294167
Hungary,HUN,2017,33828.715,Europe,HUN,99.0,11.83,9839211.0,Europe,2859.570160608622
Hungary,HUN,2018,35798.043,Europe,HUN,99.0,11.83,9839211.0,Europe,3026.0391377852916
Hungary,HUN,2019,37662.676,Europe,HUN,99.0,11.83,9839211.0,Europe,3183.658157227388
Hungary,HUN,2020,36119.52,Europe,HUN,99.0,11.96,9749459.0,Europe,3020.026755852842
Hungary,HUN,2021,38887.19,Europe,HUN,99.0,11.96,9749459.0,Europe,3251.4372909698995
Hungary,HUN,2022,40610.973,Europe,HUN,99.0,11.96,9749459.0,Europe,3395.5663043478257
Hungary,HUN,2023,40333.254,Europe,HUN,99.0,11.96,9749459.0,Europe,3372.345652173913
Iceland,ISL,1990,42336.426,Europe,ISL,98.5,9.23,254842.0,Europe,4586.828385698808
Iceland,ISL,1991,41754.977,Europe,ISL,98.5,9.23,254842.0,Europe,4523.832827735644
Iceland,ISL,1992,39842.375,Europe,ISL,98.5,9.23,254842.0,Europe,4316.617009750812
Iceland,ISL,1993,39957.32,Europe,ISL,98.5,9.23,254842.0,Europe,4329.070422535211
Iceland,ISL,1994,41042.01,Europe,ISL,98.5,9.23,254842.0,Europe,4446.588299024918
Iceland,ISL,1995,40867.562,Europe,ISL,98.5,9.7,267516.0,Europe,4213.150721649485
Iceland,ISL,1996,42475.695,Europe,ISL,98.5,9.7,267516.0,Europe,4378.93762886598
Iceland,ISL,1997,43873.668,Europe,ISL,98.5,9.7,267516.0,Europe,4523.058556701031
Iceland,ISL,1998,46449.344,Europe,ISL,98.5,9.7,267516.0,Europe,4788.5921649484535
Iceland,ISL,1999,47679.87,Europe,ISL,98.5,9.7,267516.0,Europe,4915.450515463918
Iceland,ISL,2000,49338.473,Europe,ISL,98.5,10.17,281293.0,Europe,4851.373942969518
Iceland,ISL,2001,50556.992,Europe,ISL,98.5,10.17,281293.0,Europe,4971.188987217306
Iceland,ISL,2002,50379.46,Europe,ISL,98.5,10.17,281293.0,Europe,4953.732546705998
Iceland,ISL,2003,51173.2,Europe,ISL,98.5,10.17,281293.0,Europe,5031.779744346116
Iceland,ISL,2004,54592.53,Europe,ISL,98.5,10.17,281293.0,Europe,5367.997050147493
Iceland,ISL,2005,57512.42,Europe,ISL,98.5,10.83,296852.0,Europe,5310.472760849492
Iceland,ISL,2006,59364.29,Europe,ISL,98.5,10.83,296852.0,Europe,5481.467220683287
Iceland,ISL,2007,62940.746,Europe,ISL,98.5,10.83,296852.0,Europe,5811.703231763619
Iceland,ISL,2008,62831.17,Europe,ISL,98.5,10.83,296852.0,Europe,5801.58541089566
Iceland,ISL,2009,57406.47,Europe,ISL,98.5,10.83,296852.0,Europe,5300.689750692521
Iceland,ISL,2010,56211.836,Europe,ISL,98.5,11.52,318163.0,Europe,4879.4996527777785
Iceland,ISL,2011,56813.742,Europe,ISL,98.5,11.52,318163.0,Europe,4931.7484375
Iceland,ISL,2012,57173.043,Europe,ISL,98.5,11.52,318163.0,Europe,4962.937760416667
Iceland,ISL,2013,58671.93,Europe,ISL,98.5,11.52,318163.0,Europe,5093.049479166667
Iceland,ISL,2014,59133.27,Europe,ISL,98.5,11.52,318163.0,Europe,5133.096354166667
Iceland,ISL,2015,60725.727,Europe,ISL,98.5,12.95,330962.0,Europe,4689.245328185329
Iceland,ISL,2016,63612.555,Europe,ISL,98.5,12.95,330962.0,Europe,4912.16640926641
Iceland,ISL,2017,64303.38,Europe,ISL,98.5,12.95,330962.0,Europe,4965.511969111969
Iceland,ISL,2018,65521.93,Europe,ISL,98.5,12.95,330962.0,Europe,5059.608494208494
Iceland,ISL,2019,64826.434,Europe,ISL,98.5,12.95,330962.0,Europe,5005.90223938224
Iceland,ISL,2020,59543.812,Europe,ISL,98.5,13.53,366626.0,Europe,4400.873022912047
Iceland,ISL,2021,61610.215,Europe,ISL,98.5,13.53,366626.0,Europe,4553.60051736881
Iceland,ISL,2022,65380.316,Europe,ISL,98.5,13.53,366626.0,Europe,4832.248041389505
Iceland,ISL,2023,68118.4,Europe,ISL,98.5,13.53,366626.0,Europe,5034.619364375461
India,IND,1990,2203.147,Asia,IND,41.0,3.56,864972221.0,Asia,618.8615168539326
India,IND,1991,2178.686,Asia,IND,48.0,3.56,883927605.0,Asia,611.9904494382023
India,IND,1992,2249.698,Asia,IND,48.0,3.56,883927605.0,Asia,631.9376404494382
India,IND,1993,2307.6072,Asia,IND,48.0,3.56,883927605.0,Asia,648.2042696629213
India,IND,1994,2411.4626,Asia,IND,48.0,3.56,883927605.0,Asia,677.3771348314606
India,IND,1995,2542.422,Asia,IND,48.0,4.3,960301046.0,Asia,591.2609302325582
India,IND,1996,2680.2788,Asia,IND,48.0,4.3,960301046.0,Asia,623.3206511627907
India,IND,1997,2734.521,Asia,IND,48.0,4.3,960301046.0,Asia,635.9351162790698
India,IND,1998,2847.9624,Asia,IND,48.0,4.3,960301046.0,Asia,662.3168372093023
India,IND,1999,3041.4827,Asia,IND,48.0,4.3,960301046.0,Asia,707.3215581395349
India,IND,2000,3099.503,Asia,IND,48.0,5.3,1057922731.0,Asia,584.8118867924529
India,IND,2001,3188.8103,Asia,IND,61.0,5.3,1077898579.0,Asia,601.662320754717
India,IND,2002,3250.6956,Asia,IND,61.0,5.3,1077898579.0,Asia,613.3387924528303
India,IND,2003,3445.926,Asia,IND,61.0,5.3,1077898579.0,Asia,650.1747169811321
India,IND,2004,3656.1262,Asia,IND,61.0,5.3,1077898579.0,Asia,689.8351320754717
India,IND,2005,3881.966,Asia,IND,61.0,5.94,1154676321.0,Asia,653.5296296296295
India,IND,2006,4129.7783,Asia,IND,63.0,5.94,1172878888.0,Asia,695.248872053872
India,IND,2007,4379.696,Asia,IND,63.0,5.94,1172878888.0,Asia,737.3225589225589
India,IND,2008,4450.39,Asia,IND,63.0,5.94,1172878888.0,Asia,749.2239057239058
India,IND,2009,4731.362,Asia,IND,63.0,5.94,1172878888.0,Asia,796.5255892255892
India,IND,2010,5059.2827,Asia,IND,63.0,6.59,1243481565.0,Asia,767.7211987860394
India,IND,2011,5249.5493,Asia,IND,69.0,6.59,1261224956.0,Asia,796.5932169954476
India,IND,2012,5460.4375,Asia,IND,69.0,6.59,1261224956.0,Asia,828.5944613050076
India,IND,2013,5732.2417,Asia,IND,69.0,6.59,1261224956.0,Asia,869.8394081942337
India,IND,2014,6079.8438,Asia,IND,69.0,6.59,1261224956.0,Asia,922.5863125948406
India,IND,2015,6488.146,Asia,IND,69.0,7.31,1328024494.0,Asia,887.5712722298222
India,IND,2016,6940.626,Asia,IND,69.0,7.31,1328024494.0,Asia,949.4700410396717
India,IND,2017,7326.607,Asia,IND,69.0,7.31,1328024494.0,Asia,1002.2718194254446
India,IND,2018,7714.34,Asia,IND,69.0,7.31,1328024494.0,Asia,1055.313269493844
India,IND,2019,7930.0913,Asia,IND,69.0,7.31,1328024494.0,Asia,1084.8278112175103
India,IND,2020,7399.531,Asia,IND,69.0,7.8,1402617694.0,Asia,948.6578205128205
India,IND,2021,8050.0186,Asia,IND,69.0,7.8,1402617694.0,Asia,1032.0536666666667
India,IND,2022,8594.392,Asia,IND,76.0,7.8,1425423209.0,Asia,1101.8451282051283
India,IND,2023,9301.756,Asia,IND,82.0,7.8,1438069597.0,Asia,1192.5328205128205
Indonesia,IDN,1990,4873.0537,Asia,IDN,82.0,4.44,183501097.0,Asia,1097.534617117117
Indonesia,IDN,1991,5118.468,Asia,IDN,82.0,4.44,183501097.0,Asia,1152.808108108108
Indonesia,IDN,1992,5357.376,Asia,IDN,82.0,4.44,183501097.0,Asia,1206.6162162162161
Indonesia,IDN,1993,5609.152,Asia,IDN,82.0,4.44,183501097.0,Asia,1263.3225225225224
Indonesia,IDN,1994,5931.235,Asia,IDN,82.0,4.44,183501097.0,Asia,1335.8637387387384
Indonesia,IDN,1995,6312.9346,Asia,IDN,82.0,4.89,199888055.0,Asia,1290.9886707566461
Indonesia,IDN,1996,6695.4097,Asia,IDN,82.0,4.89,199888055.0,Asia,1369.204437627812
Indonesia,IDN,1997,6897.0024,Asia,IDN,82.0,4.89,199888055.0,Asia,1410.429938650307
Indonesia,IDN,1998,5897.6855,Asia,IDN,82.0,4.89,199888055.0,Asia,1206.070654396728
Indonesia,IDN,1999,5855.658,Asia,IDN,82.0,4.89,199888055.0,Asia,1197.476073619632
Indonesia,IDN,2000,6056.382,Asia,IDN,82.0,5.41,216077789.0,Asia,1119.479112754159
Indonesia,IDN,2001,6190.5195,Asia,IDN,82.0,5.41,216077789.0,Asia,1144.2734750462107
Indonesia,IDN,2002,6381.9497,Asia,IDN,82.0,5.41,216077789.0,Asia,1179.6579852125692
Indonesia,IDN,2003,6599.092,Asia,IDN,82.0,5.41,216077789.0,Asia,1219.7951940850276
Indonesia,IDN,2004,6843.5464,Asia,IDN,90.0,5.41,227926649.0,Asia,1264.9808502772644
Indonesia,IDN,2005,7140.8545,Asia,IDN,90.0,6.68,230871648.0,Asia,1068.9901946107786
Indonesia,IDN,2006,7434.488,Asia,IDN,92.0,6.68,233951650.0,Asia,1112.9473053892216
Indonesia,IDN,2007,7802.464,Asia,IDN,92.0,6.68,233951650.0,Asia,1168.0335329341317
Indonesia,IDN,2008,8165.0615,Asia,IDN,92.0,6.68,240157902.0,Asia,1222.3145958083833
Indonesia,IDN,2009,8435.456,Asia,IDN,93.0,6.68,243220024.0,Asia,1262.7928143712575
Indonesia,IDN,2010,8848.225,Asia,IDN,93.0,8.02,246305327.0,Asia,1103.2699501246884
Indonesia,IDN,2011,9274.97,Asia,IDN,93.0,8.02,249470029.0,Asia,1156.4800498753118
Indonesia,IDN,2012,9708.612,Asia,IDN,93.0,8.02,249470029.0,Asia,1210.5501246882793
Indonesia,IDN,2013,10121.814,Asia,IDN,93.0,8.02,249470029.0,Asia,1262.0715710723193
Indonesia,IDN,2014,10504.387,Asia,IDN,95.0,8.02,258877395.0,Asia,1309.773940149626
Indonesia,IDN,2015,10893.662,Asia,IDN,95.0,8.5,261799249.0,Asia,1281.6072941176471
Indonesia,IDN,2016,11319.663,Asia,IDN,95.0,8.5,264627429.0,Asia,1331.7250588235295
Indonesia,IDN,2017,11772.574,Asia,IDN,95.0,8.5,264627429.0,Asia,1385.008705882353
Indonesia,IDN,2018,12262.231,Asia,IDN,96.0,8.5,269951847.0,Asia,1442.6154117647059
Indonesia,IDN,2019,12757.785,Asia,IDN,96.0,8.5,269951847.0,Asia,1500.9158823529413
Indonesia,IDN,2020,12388.545,Asia,IDN,96.0,9.06,274814861.0,Asia,1367.389072847682
Indonesia,IDN,2021,12757.074,Asia,IDN,96.0,9.06,274814861.0,Asia,1408.0655629139073
Indonesia,IDN,2022,13334.266,Asia,IDN,96.0,9.06,274814861.0,Asia,1471.773289183223
Indonesia,IDN,2023,13889.975,Asia,IDN,96.0,9.06,274814861.0,Asia,1533.1098233995585
Iran,IRN,1990,9656.001,Asia,IRN,52.0,5.49,58380098.0,Asia,1758.8344262295082
Iran,IRN,1991,10592.332,Asia,IRN,66.0,5.49,59986931.0,Asia,1929.3865209471767
Iran,IRN,1992,10727.418,Asia,IRN,66.0,5.49,59986931.0,Asia,1953.9923497267757
Iran,IRN,1993,10531.995,Asia,IRN,66.0,5.49,59986931.0,Asia,1918.396174863388
Iran,IRN,1994,10333.433,Asia,IRN,66.0,5.49,59986931.0,Asia,1882.228233151184
Iran,IRN,1995,10465.026,Asia,IRN,66.0,6.69,62205571.0,Asia,1564.278923766816
Iran,IRN,1996,11010.01,Asia,IRN,73.0,6.69,62881298.0,Asia,1645.7414050822122
Iran,IRN,1997,11025.721,Asia,IRN,73.0,6.69,62881298.0,Asia,1648.0898355754857
Iran,IRN,1998,11101.508,Asia,IRN,73.0,6.69,62881298.0,Asia,1659.418236173393
Iran,IRN,1999,11163.695,Asia,IRN,73.0,6.69,62881298.0,Asia,1668.7137518684603
Iran,IRN,2000,11643.122,Asia,IRN,73.0,7.66,66418661.0,Asia,1519.9898172323758
Iran,IRN,2001,11739.009,Asia,IRN,73.0,7.66,66418661.0,Asia,1532.5077023498695
Iran,IRN,2002,12583.045,Asia,IRN,77.0,7.66,68011318.0,Asia,1642.6951697127938
Iran,IRN,2003,13519.45,Asia,IRN,77.0,7.66,68011318.0,Asia,1764.9412532637077
Iran,IRN,2004,13807.195,Asia,IRN,77.0,7.66,68011318.0,Asia,1802.5058746736293
Iran,IRN,2005,13935.774,Asia,IRN,82.0,8.49,71828455.0,Asia,1641.433922261484
Iran,IRN,2006,14320.657,Asia,IRN,82.0,8.49,73392747.0,Asia,1686.7676089517079
Iran,IRN,2007,15237.424,Asia,IRN,82.0,8.49,73392747.0,Asia,1794.7495877502945
Iran,IRN,2008,15091.251,Asia,IRN,83.0,8.49,75514201.0,Asia,1777.5325088339223
Iran,IRN,2009,15055.149,Asia,IRN,83.0,8.49,75514201.0,Asia,1773.2802120141341
Iran,IRN,2010,15729.913,Asia,IRN,83.0,9.15,77420851.0,Asia,1719.1161748633879
Iran,IRN,2011,15947.766,Asia,IRN,83.0,9.15,77420851.0,Asia,1742.9252459016393
Iran,IRN,2012,15159.295,Asia,IRN,84.0,9.15,79370583.0,Asia,1656.7535519125684
Iran,IRN,2013,14734.74,Asia,IRN,85.0,9.15,80414689.0,Asia,1610.3540983606556
Iran,IRN,2014,15262.852,Asia,IRN,85.0,9.15,81502045.0,Asia,1668.0712568306012
Iran,IRN,2015,14841.905,Asia,IRN,85.0,9.37,82619365.0,Asia,1583.9813233724656
Iran,IRN,2016,15920.372,Asia,IRN,86.0,9.37,83812230.0,Asia,1699.079188900747
Iran,IRN,2017,16167.968,Asia,IRN,86.0,9.37,83812230.0,Asia,1725.5035218783353
Iran,IRN,2018,15364.805,Asia,IRN,86.0,9.37,83812230.0,Asia,1639.7870864461047
Iran,IRN,2019,14841.075,Asia,IRN,86.0,9.37,83812230.0,Asia,1583.8927427961582
Iran,IRN,2020,15381.585,Asia,IRN,86.0,9.8,87723448.0,Asia,1569.5494897959181
Iran,IRN,2021,15884.428,Asia,IRN,86.0,9.8,87723448.0,Asia,1620.86
Iran,IRN,2022,16377.961,Asia,IRN,86.0,9.8,87723448.0,Asia,1671.2205102040814
Iran,IRN,2023,17044.816,Asia,IRN,86.0,9.8,87723448.0,Asia,1739.26693877551
Iraq,IRQ,1990,10735.094,Asia,IRQ,12.5,4.9,17581208.0,Asia,2190.8355102040814
Iraq,IRQ,1991,3819.1619,Asia,IRQ,12.5,4.9,17581208.0,Asia,779.4207959183673
Iraq,IRQ,1992,4916.264,Asia,IRQ,12.5,4.9,17581208.0,Asia,1003.3191836734693
Iraq,IRQ,1993,6105.0415,Asia,IRQ,12.5,4.9,17581208.0,Asia,1245.9268367346938
Iraq,IRQ,1994,6044.871,Asia,IRQ,12.5,4.9,17581208.0,Asia,1233.6471428571429
Iraq,IRQ,1995,5969.6694,Asia,IRQ,12.5,5.44,20825859.0,Asia,1097.3656985294117
Iraq,IRQ,1996,6419.3696,Asia,IRQ,12.5,5.44,20825859.0,Asia,1180.0311764705882
Iraq,IRQ,1997,7545.73,Asia,IRQ,12.5,5.44,20825859.0,Asia,1387.0827205882351
Iraq,IRQ,1998,9871.734,Asia,IRQ,12.5,5.44,20825859.0,Asia,1814.6569852941175
Iraq,IRQ,1999,11237.854,Asia,IRQ,12.5,5.44,20825859.0,Asia,2065.7819852941175
Iraq,IRQ,2000,12702.164,Asia,IRQ,74.0,6.23,24424060.0,Asia,2038.8706260032102
Iraq,IRQ,2001,12529.608,Asia,IRQ,74.0,6.23,24424060.0,Asia,2011.173033707865
Iraq,IRQ,2002,11144.051,Asia,IRQ,74.0,6.23,24424060.0,Asia,1788.7722311396467
Iraq,IRQ,2003,6849.332,Asia,IRQ,74.0,6.23,24424060.0,Asia,1099.411235955056
Iraq,IRQ,2004,10210.563,Asia,IRQ,74.0,6.23,24424060.0,Asia,1638.9346709470303
Iraq,IRQ,2005,10078.443,Asia,IRQ,74.0,6.6,28407450.0,Asia,1527.0368181818183
Iraq,IRQ,2006,10568.914,Asia,IRQ,74.0,6.6,28407450.0,Asia,1601.3506060606062
Iraq,IRQ,2007,10853.816,Asia,IRQ,74.0,6.6,28407450.0,Asia,1644.517575757576
Iraq,IRQ,2008,11511.938,Asia,IRQ,74.0,6.6,28407450.0,Asia,1744.2330303030303
Iraq,IRQ,2009,11470.518,Asia,IRQ,74.0,6.6,28407450.0,Asia,1737.9572727272728
Iraq,IRQ,2010,11816.841,Asia,IRQ,74.0,7.43,31045367.0,Asia,1590.4227456258413
Iraq,IRQ,2011,12267.585,Asia,IRQ,74.0,7.43,31045367.0,Asia,1651.0881561238223
Iraq,IRQ,2012,13357.015,Asia,IRQ,77.0,7.43,33654843.0,Asia,1797.7139973082099
Iraq,IRQ,2013,13712.932,Asia,IRQ,77.0,7.43,33654843.0,Asia,1845.6166890982504
Iraq,IRQ,2014,13536.823,Asia,IRQ,82.0,7.43,36550058.0,Asia,1821.914266487214
Iraq,IRQ,2015,13516.027,Asia,IRQ,82.0,7.76,37560535.0,Asia,1741.756056701031
Iraq,IRQ,2016,15016.092,Asia,IRQ,83.0,7.76,38469628.0,Asia,1935.0634020618559
Iraq,IRQ,2017,14417.631,Asia,IRQ,86.0,7.76,39337358.0,Asia,1857.9421391752578
Iraq,IRQ,2018,14456.235,Asia,IRQ,86.0,7.76,39337358.0,Asia,1862.9168814432992
Iraq,IRQ,2019,14910.225,Asia,IRQ,86.0,7.76,39337358.0,Asia,1921.4207474226805
Iraq,IRQ,2020,12827.635,Asia,IRQ,86.0,8.27,42116602.0,Asia,1551.1045949214028
Iraq,IRQ,2021,12731.754,Asia,IRQ,86.0,8.27,42116602.0,Asia,1539.5107617896012
Iraq,IRQ,2022,13433.397,Asia,IRQ,86.0,8.27,42116602.0,Asia,1624.3527206771464
Iraq,IRQ,2023,13202.323,Asia,IRQ,86.0,8.27,42116602.0,Asia,1596.4114873035069
Ireland,IRL,1990,29555.633,Europe,IRL,98.5,10.64,3514015.0,Europe,2777.7850563909774
Ireland,IRL,1991,29953.244,Europe,IRL,98.5,10.64,3514015.0,Europe,2815.154511278195
Ireland,IRL,1992,30744.191,Europe,IRL,98.5,10.64,3514015.0,Europe,2889.4916353383455
Ireland,IRL,1993,31414.596,Europe,IRL,98.5,10.64,3514015.0,Europe,2952.4996240601504
Ireland,IRL,1994,33092.062,Europe,IRL,98.5,10.64,3514015.0,Europe,3110.1562030075183
Ireland,IRL,1995,36094.76,Europe,IRL,98.5,10.8,3610695.0,Europe,3342.107407407407
Ireland,IRL,1996,38452.945,Europe,IRL,98.5,10.8,3610695.0,Europe,3560.45787037037
Ireland,IRL,1997,42265.164,Europe,IRL,98.5,10.8,3610695.0,Europe,3913.441111111111
Ireland,IRL,1998,45493.168,Europe,IRL,98.5,10.8,3610695.0,Europe,4212.33037037037
Ireland,IRL,1999,49719.887,Europe,IRL,98.5,10.8,3610695.0,Europe,4603.69324074074
Ireland,IRL,2000,53675.004,Europe,IRL,98.5,11.03,3802589.0,Europe,4866.27416137806
Ireland,IRL,2001,55630.1,Europe,IRL,98.5,11.03,3802589.0,Europe,5043.526745240254
Ireland,IRL,2002,57927.49,Europe,IRL,98.5,11.03,3802589.0,Europe,5251.8123300090665
Ireland,IRL,2003,58709.156,Europe,IRL,98.5,11.03,3802589.0,Europe,5322.6796010879425
Ireland,IRL,2004,61558.58,Europe,IRL,98.5,11.03,3802589.0,Europe,5581.0135992747055
Ireland,IRL,2005,63689.086,Europe,IRL,98.5,11.8,4155283.0,Europe,5397.3801694915255
Ireland,IRL,2006,65087.18,Europe,IRL,98.5,11.8,4155283.0,Europe,5515.862711864406
Ireland,IRL,2007,66590.195,Europe,IRL,98.5,11.8,4155283.0,Europe,5643.23686440678
Ireland,IRL,2008,62320.668,Europe,IRL,98.5,11.8,4155283.0,Europe,5281.412542372881
Ireland,IRL,2009,58547.266,Europe,IRL,98.5,11.8,4155283.0,Europe,4961.632711864407
Ireland,IRL,2010,59209.1,Europe,IRL,98.5,12.45,4559084.0,Europe,4755.751004016064
Ireland,IRL,2011,59899.918,Europe,IRL,98.5,12.45,4559084.0,Europe,4811.238393574297
Ireland,IRL,2012,59405.047,Europe,IRL,98.5,12.45,4559084.0,Europe,4771.489718875502
Ireland,IRL,2013,60388.94,Europe,IRL,98.5,12.45,4559084.0,Europe,4850.517269076306
Ireland,IRL,2014,65575.805,Europe,IRL,98.5,12.45,4559084.0,Europe,5267.132931726907
Ireland,IRL,2015,80954.664,Europe,IRL,98.5,13.57,4702497.0,Europe,5965.708474576271
Ireland,IRL,2016,80899.02,Europe,IRL,98.5,13.57,4702497.0,Europe,5961.607958732498
Ireland,IRL,2017,87882.71,Europe,IRL,98.5,13.57,4702497.0,Europe,6476.249815770081
Ireland,IRL,2018,93276.016,Europe,IRL,98.5,13.57,4702497.0,Europe,6873.693146647016
Ireland,IRL,2019,96371.29,Europe,IRL,98.5,13.57,4702497.0,Europe,7101.789977892409
Ireland,IRL,2020,101968.555,Europe,IRL,98.5,13.74,4982602.0,Europe,7421.292212518194
Ireland,IRL,2021,116903.61,Europe,IRL,98.5,13.74,4982602.0,Europe,8508.268558951964
Ireland,IRL,2022,123219.08,Europe,IRL,98.5,13.74,4982602.0,Europe,8967.909752547308
Ireland,IRL,2023,117862.125,Europe,IRL,98.5,13.74,4982602.0,Europe,8578.029475982532
Israel,ISR,1990,25335.271,Asia,ISR,92.0,13.74,3959631.0,Asia,1843.9061863173217
Israel,ISR,1991,25698.93,Asia,ISR,92.0,13.74,3959631.0,Asia,1870.3733624454148
Israel,ISR,1992,26752.4,Asia,ISR,92.0,13.74,3959631.0,Asia,1947.0451237263464
Israel,ISR,1993,27123.107,Asia,ISR,92.0,13.74,3959631.0,Asia,1974.0252547307132
Israel,ISR,1994,28393.0,Asia,ISR,92.0,13.74,3959631.0,Asia,2066.448326055313
Israel,ISR,1995,29470.816,Asia,ISR,92.0,13.74,3959631.0,Asia,2144.8919941775835
Israel,ISR,1996,30386.197,Asia,ISR,92.0,13.74,3959631.0,Asia,2211.513609898108
Israel,ISR,1997,30707.006,Asia,ISR,92.0,13.74,3959631.0,Asia,2234.8621542940323
Israel,ISR,1998,31246.857,Asia,ISR,92.0,13.74,3959631.0,Asia,2274.1526200873363
Israel,ISR,1999,31465.613,Asia,ISR,92.0,13.74,3959631.0,Asia,2290.073726346434
Israel,ISR,2000,33275.062,Asia,ISR,92.0,13.74,3959631.0,Asia,2421.765793304221
Israel,ISR,2001,32590.229,Asia,ISR,92.0,13.74,3959631.0,Asia,2371.9235080058224
Israel,ISR,2002,31897.584,Asia,ISR,92.0,13.74,3959631.0,Asia,2321.5126637554586
Israel,ISR,2003,31780.78,Asia,ISR,92.0,13.74,3959631.0,Asia,2313.0116448326053
Israel,ISR,2004,32675.209,Asia,ISR,92.0,13.74,3959631.0,Asia,2378.1083697234353
Israel,ISR,2005,33512.89,Asia,ISR,92.0,13.74,3959631.0,Asia,2439.074963609898
Israel,ISR,2006,34770.027,Asia,ISR,92.0,13.74,3959631.0,Asia,2530.569650655022
Israel,ISR,2007,36317.85,Asia,ISR,92.0,13.74,3959631.0,Asia,2643.220524017467
Israel,ISR,2008,36827.926,Asia,ISR,92.0,13.74,3959631.0,Asia,2680.343959243086
Israel,ISR,2009,36403.164,Asia,ISR,92.0,13.74,3959631.0,Asia,2649.429694323144
Israel,ISR,2010,37722.41,Asia,ISR,92.0,13.74,3959631.0,Asia,2745.444687045124
Israel,ISR,2011,39075.375,Asia,ISR,92.0,13.74,3959631.0,Asia,2843.9137554585154
Israel,ISR,2012,39299.35,Asia,ISR,92.0,13.74,3959631.0,Asia,2860.2147016011645
Israel,ISR,2013,40148.777,Asia,ISR,92.0,13.74,3959631.0,Asia,2922.036171761281
Israel,ISR,2014,40872.582,Asia,ISR,92.0,13.74,3959631.0,Asia,2974.7148471615724
Israel,ISR,2015,40967.37,Asia,ISR,92.0,12.04,8052916.0,Asia,3402.6054817275754
Israel,ISR,2016,41963.676,Asia,ISR,92.0,12.04,8052916.0,Asia,3485.3551495016613
Israel,ISR,2017,42947.06,Asia,ISR,92.0,12.04,8052916.0,Asia,3567.031561461794
Israel,ISR,2018,43814.297,Asia,ISR,92.0,12.04,8052916.0,Asia,3639.0612126245846
Israel,ISR,2019,44580.81,Asia,ISR,92.0,12.04,8052916.0,Asia,3702.7250830564785
Israel,ISR,2020,42915.94,Asia,ISR,92.0,12.04,8800380.0,Asia,3564.446843853821
Israel,ISR,2021,46162.082,Asia,ISR,92.0,12.04,8800380.0,Asia,3834.059966777409
Israel,ISR,2022,48098.188,Asia,ISR,92.0,12.04,8800380.0,Asia,3994.866112956811
Israel,ISR,2023,47527.152,Asia,ISR,92.0,12.04,8800380.0,Asia,3947.4378737541533
Italy,ITA,1990,42656.746,Europe,ITA,96.0,8.32,57031457.0,Europe,5127.012740384615
Italy,ITA,1991,43283.02,Europe,ITA,96.0,8.32,57031457.0,Europe,5202.286057692307
Italy,ITA,1992,43614.484,Europe,ITA,96.0,8.32,57031457.0,Europe,5242.12548076923
Italy,ITA,1993,43216.11,Europe,ITA,96.0,8.32,57031457.0,Europe,5194.243990384615
Italy,ITA,1994,44136.707,Europe,ITA,96.0,8.32,57031457.0,Europe,5304.892668269231
Italy,ITA,1995,45410.14,Europe,ITA,96.0,9.04,57403342.0,Europe,5023.245575221239
Italy,ITA,1996,46008.24,Europe,ITA,96.0,9.04,57403342.0,Europe,5089.407079646018
Italy,ITA,1997,46869.426,Europe,ITA,96.0,9.04,57403342.0,Europe,5184.6710176991155
Italy,ITA,1998,47701.4,Europe,ITA,96.0,9.04,57403342.0,Europe,5276.703539823009
Italy,ITA,1999,48493.664,Europe,ITA,96.0,9.04,57403342.0,Europe,5364.343362831859
Italy,ITA,2000,50353.42,Europe,ITA,96.0,9.73,57272200.0,Europe,5175.068859198355
Italy,ITA,2001,51332.29,Europe,ITA,98.0,9.73,57305760.0,Europe,5275.672147995889
Italy,ITA,2002,51369.113,Europe,ITA,98.0,9.73,57305760.0,Europe,5279.456628982528
Italy,ITA,2003,51126.258,Europe,ITA,98.0,9.73,57305760.0,Europe,5254.497225077082
Italy,ITA,2004,51495.004,Europe,ITA,98.0,9.73,57305760.0,Europe,5292.3950668037
Italy,ITA,2005,51585.645,Europe,ITA,98.0,10.2,58519696.0,Europe,5057.416176470589
Italy,ITA,2006,52304.242,Europe,ITA,98.0,10.2,58519696.0,Europe,5127.866862745098
Italy,ITA,2007,52747.19,Europe,ITA,98.0,10.2,58519696.0,Europe,5171.293137254903
Italy,ITA,2008,51806.39,Europe,ITA,98.0,10.2,58519696.0,Europe,5079.057843137255
Italy,ITA,2009,48774.39,Europe,ITA,98.0,10.2,58519696.0,Europe,4781.802941176471
Italy,ITA,2010,49301.695,Europe,ITA,98.0,10.71,60164212.0,Europe,4603.332866479925
Italy,ITA,2011,49473.016,Europe,ITA,99.0,10.71,60367882.0,Europe,4619.329225023343
Italy,ITA,2012,47795.957,Europe,ITA,99.0,10.71,60367882.0,Europe,4462.741083099906
Italy,ITA,2013,46833.363,Europe,ITA,99.0,10.71,60367882.0,Europe,4372.863025210084
Italy,ITA,2014,46825.652,Europe,ITA,99.0,10.71,60367882.0,Europe,4372.14304388422
Italy,ITA,2015,47311.824,Europe,ITA,99.0,11.11,60575314.0,Europe,4258.4900090009005
Italy,ITA,2016,47987.84,Europe,ITA,99.0,11.11,60575314.0,Europe,4319.337533753375
Italy,ITA,2017,48849.22,Europe,ITA,99.0,11.11,60575314.0,Europe,4396.869486948695
Italy,ITA,2018,49133.145,Europe,ITA,99.0,11.11,60575314.0,Europe,4422.425292529253
Italy,ITA,2019,49690.63,Europe,ITA,99.0,11.11,60130136.0,Europe,4472.60396039604
Italy,ITA,2020,45505.07,Europe,ITA,99.0,11.51,59912763.0,Europe,3953.524761077324
Italy,ITA,2021,49825.395,Europe,ITA,99.0,11.51,59912763.0,Europe,4328.8788010425715
Italy,ITA,2022,52333.33,Europe,ITA,99.0,11.51,59912763.0,Europe,4546.770634231104
Italy,ITA,2023,52870.324,Europe,ITA,99.0,11.51,59912763.0,Europe,4593.425195482189
Jamaica,JAM,1990,8879.653,North America,JAM,72.5,7.48,2379880.0,North America,1187.119385026738
Jamaica,JAM,1991,9227.876,North America,JAM,72.5,7.48,2379880.0,North America,1233.6732620320856
Jamaica,JAM,1992,9315.858,North America,JAM,72.5,7.48,2379880.0,North America,1245.4355614973263
Jamaica,JAM,1993,10088.232,North America,JAM,72.5,7.48,2379880.0,North America,1348.6941176470586
Jamaica,JAM,1994,10123.234,North America,JAM,72.5,7.48,2379880.0,North America,1353.3735294117646
Jamaica,JAM,1995,10257.807,North America,JAM,72.5,8.55,2500152.0,North America,1199.7435087719298
Jamaica,JAM,1996,10147.464,North America,JAM,72.5,8.55,2500152.0,North America,1186.837894736842
Jamaica,JAM,1997,9939.662,North America,JAM,72.5,8.55,2500152.0,North America,1162.5335672514618
Jamaica,JAM,1998,9624.93,North America,JAM,72.5,8.55,2500152.0,North America,1125.7228070175438
Jamaica,JAM,1999,9650.4375,North America,JAM,80.0,8.55,2589796.0,North America,1128.7061403508771
Jamaica,JAM,2000,9667.925,North America,JAM,80.0,9.59,2607827.0,North America,1008.1256517205421
Jamaica,JAM,2001,9736.0625,North America,JAM,80.0,9.59,2607827.0,North America,1015.23070907195
Jamaica,JAM,2002,9869.713,North America,JAM,80.0,9.59,2607827.0,North America,1029.1671532846715
Jamaica,JAM,2003,10169.75,North America,JAM,80.0,9.59,2607827.0,North America,1060.453597497393
Jamaica,JAM,2004,10244.207,North America,JAM,80.0,9.59,2607827.0,North America,1068.217622523462
Jamaica,JAM,2005,10278.684,North America,JAM,80.0,10.09,2687070.0,North America,1018.7000991080276
Jamaica,JAM,2006,10522.236,North America,JAM,80.0,10.09,2687070.0,North America,1042.8380574826563
Jamaica,JAM,2007,10622.444,North America,JAM,80.0,10.09,2687070.0,North America,1052.769474727453
Jamaica,JAM,2008,10490.469,North America,JAM,80.0,10.09,2687070.0,North America,1039.689692765114
Jamaica,JAM,2009,9992.977,North America,JAM,80.0,10.09,2687070.0,North America,990.3842418235878
Jamaica,JAM,2010,9805.901,North America,JAM,80.0,10.33,2748573.0,North America,949.2643756050338
Jamaica,JAM,2011,9932.483,North America,JAM,80.0,10.33,2748573.0,North America,961.5181994191674
Jamaica,JAM,2012,9829.035,North America,JAM,80.0,10.33,2748573.0,North America,951.5038722168441
Jamaica,JAM,2013,9839.965,North America,JAM,80.0,10.33,2748573.0,North America,952.5619554695063
Jamaica,JAM,2014,9872.159,North America,JAM,80.0,10.33,2748573.0,North America,955.6785091965149
Jamaica,JAM,2015,9931.898,North America,JAM,80.0,9.81,2802536.0,North America,1012.4258919469927
Jamaica,JAM,2016,10179.254,North America,JAM,80.0,9.81,2802536.0,North America,1037.6405708460754
Jamaica,JAM,2017,10391.038,North America,JAM,80.0,9.81,2802536.0,North America,1059.2291539245668
Jamaica,JAM,2018,10636.093,North America,JAM,80.0,9.81,2802536.0,North America,1084.2092762487257
Jamaica,JAM,2019,10816.372,North America,JAM,80.0,9.81,2802536.0,North America,1102.5863404689092
Jamaica,JAM,2020,9891.97,North America,JAM,80.0,10.1,2830745.0,North America,979.4029702970297
Jamaica,JAM,2021,10430.691,North America,JAM,80.0,10.1,2830745.0,North America,1032.741683168317
Jamaica,JAM,2022,11096.638,North America,JAM,80.0,10.1,2830745.0,North America,1098.6770297029705
Jamaica,JAM,2023,11398.8125,North America,JAM,80.0,10.1,2830745.0,North America,1128.595297029703
Japan,JPN,1990,35272.418,Asia,JPN,97.5,10.71,123399767.0,Asia,3293.4097105508868
Japan,JPN,1991,36372.035,Asia,JPN,97.5,10.71,123399767.0,Asia,3396.0816993464055
Japan,JPN,1992,36563.62,Asia,JPN,97.5,10.71,123399767.0,Asia,3413.970121381886
Japan,JPN,1993,36277.92,Asia,JPN,97.5,10.71,123399767.0,Asia,3387.2941176470586
Japan,JPN,1994,36568.71,Asia,JPN,97.5,10.71,123399767.0,Asia,3414.4453781512602
Japan,JPN,1995,37442.895,Asia,JPN,97.5,11.26,125672659.0,Asia,3325.301509769094
Japan,JPN,1996,38528.793,Asia,JPN,97.5,11.26,125672659.0,Asia,3421.740053285968
Japan,JPN,1997,38814.254,Asia,JPN,97.5,11.26,125672659.0,Asia,3447.0918294849025
Japan,JPN,1998,38217.195,Asia,JPN,97.5,11.26,125672659.0,Asia,3394.067051509769
Japan,JPN,1999,38020.094,Asia,JPN,97.5,11.26,125672659.0,Asia,3376.5625222024864
Japan,JPN,2000,39005.914,Asia,JPN,97.5,11.77,127027794.0,Asia,3314.011384876805
Japan,JPN,2001,39062.28,Asia,JPN,97.5,11.77,127027794.0,Asia,3318.8003398470687
Japan,JPN,2002,38987.91,Asia,JPN,97.5,11.77,127027794.0,Asia,3312.4817332200514
Japan,JPN,2003,39501.81,Asia,JPN,97.5,11.77,127027794.0,Asia,3356.143585386576
Japan,JPN,2004,40351.777,Asia,JPN,97.5,11.77,127027794.0,Asia,3428.358283772303
Japan,JPN,2005,41075.824,Asia,JPN,97.5,12.12,127913331.0,Asia,3389.0943894389443
Japan,JPN,2006,41613.15,Asia,JPN,97.5,12.12,127913331.0,Asia,3433.4282178217827
Japan,JPN,2007,42182.176,Asia,JPN,97.5,12.12,127913331.0,Asia,3480.377557755776
Japan,JPN,2008,41645.57,Asia,JPN,97.5,12.12,127913331.0,Asia,3436.1031353135318
Japan,JPN,2009,39279.5,Asia,JPN,97.5,12.12,127913331.0,Asia,3240.8828382838287
Japan,JPN,2010,40881.797,Asia,JPN,97.5,12.44,128185273.0,Asia,3286.31808681672
Japan,JPN,2011,40967.344,Asia,JPN,97.5,12.44,128185273.0,Asia,3293.1948553054663
Japan,JPN,2012,41596.92,Asia,JPN,97.5,12.44,128185273.0,Asia,3343.8038585209
Japan,JPN,2013,42492.242,Asia,JPN,97.5,12.44,128185273.0,Asia,3415.775080385852
Japan,JPN,2014,42674.7,Asia,JPN,97.5,12.44,128185273.0,Asia,3430.442122186495
Japan,JPN,2015,43386.71,Asia,JPN,97.5,12.6,127275868.0,Asia,3443.389682539683
Japan,JPN,2016,43736.13,Asia,JPN,97.5,12.6,127275868.0,Asia,3471.1214285714286
Japan,JPN,2017,44505.277,Asia,JPN,97.5,12.6,127275868.0,Asia,3532.1648412698414
Japan,JPN,2018,44848.49,Asia,JPN,97.5,12.6,127275868.0,Asia,3559.4039682539683
Japan,JPN,2019,44730.91,Asia,JPN,97.5,12.6,127275868.0,Asia,3550.0722222222225
Japan,JPN,2020,42992.48,Asia,JPN,97.5,12.83,126304533.0,Asia,3350.933749025721
Japan,JPN,2021,44355.348,Asia,JPN,97.5,12.83,126304533.0,Asia,3457.158846453624
Japan,JPN,2022,44972.344,Asia,JPN,97.5,12.83,126304533.0,Asia,3505.2489477786435
Japan,JPN,2023,45858.66,Asia,JPN,97.5,12.83,126304533.0,Asia,3574.3304754481687
Jordan,JOR,1990,7589.8203,Asia,JOR,67.0,7.02,3621915.0,Asia,1081.170982905983
Jordan,JOR,1991,7134.29,Asia,JOR,67.0,7.02,3621915.0,Asia,1016.2806267806268
Jordan,JOR,1992,7737.969,Asia,JOR,67.0,7.02,3621915.0,Asia,1102.2747863247864
Jordan,JOR,1993,7675.4717,Asia,JOR,67.0,7.02,3621915.0,Asia,1093.3720370370372
Jordan,JOR,1994,7680.1406,Asia,JOR,67.0,7.02,3621915.0,Asia,1094.0371225071226
Jordan,JOR,1995,7829.081,Asia,JOR,67.0,7.89,4752097.0,Asia,992.2789607097592
Jordan,JOR,1996,7731.4785,Asia,JOR,67.0,7.89,4752097.0,Asia,979.9085551330799
Jordan,JOR,1997,7775.5425,Asia,JOR,67.0,7.89,4752097.0,Asia,985.4933460076046
Jordan,JOR,1998,7826.74,Asia,JOR,67.0,7.89,4752097.0,Asia,991.9822560202789
Jordan,JOR,1999,7920.0195,Asia,JOR,67.0,7.89,4752097.0,Asia,1003.8047528517111
Jordan,JOR,2000,8086.922,Asia,JOR,67.0,8.72,5386945.0,Asia,927.3993119266054
Jordan,JOR,2001,8339.786,Asia,JOR,67.0,8.72,5386945.0,Asia,956.3974770642201
Jordan,JOR,2002,8638.08,Asia,JOR,67.0,8.72,5386945.0,Asia,990.6055045871559
Jordan,JOR,2003,8800.497,Asia,JOR,90.0,8.72,5741837.0,Asia,1009.2313073394494
Jordan,JOR,2004,9326.668,Asia,JOR,90.0,8.72,5741837.0,Asia,1069.5720183486237
Jordan,JOR,2005,9839.688,Asia,JOR,91.0,9.42,6029597.0,Asia,1044.5528662420381
Jordan,JOR,2006,9977.759,Asia,JOR,91.0,9.42,6029597.0,Asia,1059.2100849256901
Jordan,JOR,2007,10161.402,Asia,JOR,92.0,9.42,6827235.0,Asia,1078.7050955414013
Jordan,JOR,2008,10641.59,Asia,JOR,92.0,9.42,6827235.0,Asia,1129.6804670912952
Jordan,JOR,2009,10938.503,Asia,JOR,92.0,9.42,6827235.0,Asia,1161.1998938428876
Jordan,JOR,2010,10953.538,Asia,JOR,93.0,9.92,7297046.0,Asia,1104.187298387097
Jordan,JOR,2011,10977.482,Asia,JOR,96.0,9.92,7480431.0,Asia,1106.6010080645162
Jordan,JOR,2012,11086.03,Asia,JOR,98.0,9.92,7587133.0,Asia,1117.5433467741937
Jordan,JOR,2013,10799.354,Asia,JOR,98.0,9.92,7587133.0,Asia,1088.6445564516127
Jordan,JOR,2014,10148.998,Asia,JOR,98.0,9.92,7587133.0,Asia,1023.0844758064516
Jordan,JOR,2015,9581.689,Asia,JOR,98.0,10.5,9544730.0,Asia,912.5418095238095
Jordan,JOR,2016,9321.904,Asia,JOR,98.0,10.5,9544730.0,Asia,887.800380952381
Jordan,JOR,2017,9339.811,Asia,JOR,98.0,10.5,9544730.0,Asia,889.5058095238095
Jordan,JOR,2018,9311.531,Asia,JOR,95.43145,10.5,10462310.0,Asia,886.8124761904762
Jordan,JOR,2019,9288.527,Asia,JOR,95.43145,10.5,10462310.0,Asia,884.6216190476191
Jordan,JOR,2020,9022.64,Asia,JOR,95.43145,10.81,10865232.0,Asia,834.6567992599444
Jordan,JOR,2021,9182.496,Asia,JOR,95.43145,10.81,10865232.0,Asia,849.4445883441257
Jordan,JOR,2022,9266.575,Asia,JOR,95.43145,10.81,10865232.0,Asia,857.2224791859389
Jordan,JOR,2023,9381.3545,Asia,JOR,95.0,10.81,11439220.0,Asia,867.8403792784458
Kazakhstan,KAZ,1990,16837.691,Asia,KAZ,98.0,10.81,16997012.0,Asia,1557.6032377428305
Kazakhstan,KAZ,1991,14877.527,Asia,KAZ,98.0,10.81,16997012.0,Asia,1376.2744680851063
Kazakhstan,KAZ,1992,14045.104,Asia,KAZ,98.0,10.81,16997012.0,Asia,1299.2695652173911
Kazakhstan,KAZ,1993,12795.875,Asia,KAZ,98.0,10.81,16997012.0,Asia,1183.7072155411656
Kazakhstan,KAZ,1994,11334.983,Asia,KAZ,98.0,10.81,16997012.0,Asia,1048.5645698427381
Kazakhstan,KAZ,1995,10600.33,Asia,KAZ,98.0,10.81,16997012.0,Asia,980.6040703052729
Kazakhstan,KAZ,1996,10857.436,Asia,KAZ,98.0,10.81,16997012.0,Asia,1004.3881591119333
Kazakhstan,KAZ,1997,11298.58,Asia,KAZ,98.0,10.81,16997012.0,Asia,1045.1970397779833
Kazakhstan,KAZ,1998,11364.031,Asia,KAZ,98.0,10.81,16997012.0,Asia,1051.2517113783533
Kazakhstan,KAZ,1999,11815.773,Asia,KAZ,100.0,10.81,15455877.0,Asia,1093.0409805735428
Kazakhstan,KAZ,2000,12935.864,Asia,KAZ,100.0,10.81,15455877.0,Asia,1196.6571692876964
Kazakhstan,KAZ,2001,14612.029,Asia,KAZ,100.0,10.81,15455877.0,Asia,1351.7140610545791
Kazakhstan,KAZ,2002,15960.874,Asia,KAZ,100.0,10.81,15455877.0,Asia,1476.49158186864
Kazakhstan,KAZ,2003,17344.752,Asia,KAZ,100.0,10.81,15455877.0,Asia,1604.509898242368
Kazakhstan,KAZ,2004,18886.582,Asia,KAZ,100.0,10.81,15455877.0,Asia,1747.1398704902865
Kazakhstan,KAZ,2005,20565.53,Asia,KAZ,100.0,10.81,15455877.0,Asia,1902.4542090656798
Kazakhstan,KAZ,2006,22574.344,Asia,KAZ,100.0,10.81,15455877.0,Asia,2088.283441258094
Kazakhstan,KAZ,2007,24351.346,Asia,KAZ,100.0,10.81,15455877.0,Asia,2252.668455134135
Kazakhstan,KAZ,2008,24895.664,Asia,KAZ,100.0,10.81,15455877.0,Asia,2303.0216466234965
Kazakhstan,KAZ,2009,24901.354,Asia,KAZ,100.0,10.81,16619851.0,Asia,2303.5480111008324
Kazakhstan,KAZ,2010,26374.84,Asia,KAZ,100.0,10.81,16619851.0,Asia,2439.855689176688
Kazakhstan,KAZ,2011,27946.16,Asia,KAZ,100.0,10.81,16619851.0,Asia,2585.213691026827
Kazakhstan,KAZ,2012,28881.242,Asia,KAZ,100.0,10.81,16619851.0,Asia,2671.715263644773
Kazakhstan,KAZ,2013,30177.488,Asia,KAZ,100.0,10.81,16619851.0,Asia,2791.627012025902
Kazakhstan,KAZ,2014,30986.438,Asia,KAZ,100.0,10.81,16619851.0,Asia,2866.4604995374652
Kazakhstan,KAZ,2015,30893.76,Asia,KAZ,100.0,11.69,18084175.0,Asia,2642.7510692899914
Kazakhstan,KAZ,2016,30758.322,Asia,KAZ,100.0,11.69,18084175.0,Asia,2631.165269461078
Kazakhstan,KAZ,2017,31524.441,Asia,KAZ,100.0,11.69,18084175.0,Asia,2696.7015397775876
Kazakhstan,KAZ,2018,32330.227,Asia,KAZ,100.0,11.69,18084175.0,Asia,2765.6310521813516
Kazakhstan,KAZ,2019,33298.21,Asia,KAZ,100.0,11.69,18084175.0,Asia,2848.435414884517
Kazakhstan,KAZ,2020,32011.549,Asia,KAZ,100.0,11.79,19482116.0,Asia,2715.144105173876
Kazakhstan,KAZ,2021,32945.85,Asia,KAZ,100.0,11.79,19482116.0,Asia,2794.3893129770995
Kazakhstan,KAZ,2022,33506.26,Asia,KAZ,100.0,11.79,19482116.0,Asia,2841.9219677692963
Kazakhstan,KAZ,2023,34703.234,Asia,KAZ,100.0,11.79,19482116.0,Asia,2943.446480067854
Kenya,KEN,1990,4177.486,Africa,KEN,22.5,5.05,22892655.0,Africa,827.2249504950495
Kenya,KEN,1991,4102.4766,Africa,KEN,22.5,5.05,22892655.0,Africa,812.3716039603961
Kenya,KEN,1992,3946.8408,Africa,KEN,22.5,5.05,22892655.0,Africa,781.5526336633664
Kenya,KEN,1993,3844.9204,Africa,KEN,22.5,5.05,22892655.0,Africa,761.3703762376238
Kenya,KEN,1994,3833.2236,Africa,KEN,22.5,5.05,22892655.0,Africa,759.0541782178218
Kenya,KEN,1995,3890.0986,Africa,KEN,22.5,5.5,26601753.0,Africa,707.2906545454545
Kenya,KEN,1996,3941.4092,Africa,KEN,22.5,5.5,26601753.0,Africa,716.6198545454546
Kenya,KEN,1997,3853.3713,Africa,KEN,22.5,5.5,26601753.0,Africa,700.6129636363636
Kenya,KEN,1998,3871.8218,Africa,KEN,22.5,5.5,26601753.0,Africa,703.9676000000001
Kenya,KEN,1999,3848.4646,Africa,KEN,22.5,5.5,26601753.0,Africa,699.7208363636363
Kenya,KEN,2000,3756.6362,Africa,KEN,82.0,5.91,30642893.0,Africa,635.6406429780034
Kenya,KEN,2001,3778.2585,Africa,KEN,82.0,5.91,30642893.0,Africa,639.2992385786802
Kenya,KEN,2002,3681.2568,Africa,KEN,82.0,5.91,30642893.0,Africa,622.8860913705583
Kenya,KEN,2003,3674.086,Africa,KEN,82.0,5.91,30642893.0,Africa,621.672758037225
Kenya,KEN,2004,3743.5679,Africa,KEN,82.0,5.91,30642893.0,Africa,633.4294247038916
Kenya,KEN,2005,3844.7356,Africa,KEN,82.0,6.48,35796485.0,Africa,593.3233950617283
Kenya,KEN,2006,3970.7334,Africa,KEN,82.0,6.48,35796485.0,Africa,612.7674999999999
Kenya,KEN,2007,4116.451,Africa,KEN,82.0,6.48,35796485.0,Africa,635.2547839506173
Kenya,KEN,2008,4002.8835,Africa,KEN,82.0,6.48,35796485.0,Africa,617.7289351851852
Kenya,KEN,2009,4012.1943,Africa,KEN,82.0,6.48,35796485.0,Africa,619.165787037037
Kenya,KEN,2010,4211.5244,Africa,KEN,82.0,6.47,41598570.0,Africa,650.9311282843895
Kenya,KEN,2011,4307.106,Africa,KEN,82.0,6.47,41598570.0,Africa,665.7041731066461
Kenya,KEN,2012,4387.938,Africa,KEN,82.0,6.47,41598570.0,Africa,678.1975270479135
Kenya,KEN,2013,4443.371,Africa,KEN,82.0,6.47,41598570.0,Africa,686.7652241112829
Kenya,KEN,2014,4558.552,Africa,KEN,82.0,6.47,41598570.0,Africa,704.5675425038639
Kenya,KEN,2015,4679.622,Africa,KEN,82.0,6.28,47088528.0,Africa,745.1627388535032
Kenya,KEN,2016,4770.3105,Africa,KEN,82.0,6.28,47088528.0,Africa,759.6035828025476
Kenya,KEN,2017,4846.8623,Africa,KEN,82.0,6.28,47088528.0,Africa,771.7933598726114
Kenya,KEN,2018,5017.668,Africa,KEN,82.0,6.28,47088528.0,Africa,798.9917197452229
Kenya,KEN,2019,5171.7124,Africa,KEN,82.0,6.28,47088528.0,Africa,823.5210828025478
Kenya,KEN,2020,5057.4014,Africa,KEN,82.0,6.73,52217327.0,Africa,751.4712332838038
Kenya,KEN,2021,5338.8525,Africa,KEN,82.0,6.73,52217327.0,Africa,793.2916047548291
Kenya,KEN,2022,5491.694,Africa,KEN,82.0,6.73,52217327.0,Africa,816.0020802377414
Kenya,KEN,2023,5691.825,Africa,KEN,82.0,6.73,52217327.0,Africa,845.7392273402673
Kiribati,KIR,1990,2213.5403,Oceania,KIR,92.5,6.73,37871.0,Oceania,328.9064338781575
Kiribati,KIR,1991,2047.1538,Oceania,KIR,92.5,6.73,37871.0,Oceania,304.18332838038634
Kiribati,KIR,1992,2495.9963,Oceania,KIR,92.5,6.73,37871.0,Oceania,370.8761218424962
Kiribati,KIR,1993,2455.45,Oceania,KIR,92.5,6.73,37871.0,Oceania,364.8514115898959
Kiribati,KIR,1994,2468.7212,Oceania,KIR,92.5,6.73,37871.0,Oceania,366.8233580980683
Kiribati,KIR,1995,2498.7876,Oceania,KIR,92.5,6.73,37871.0,Oceania,371.2908766716196
Kiribati,KIR,1996,2455.501,Oceania,KIR,92.5,6.73,37871.0,Oceania,364.8589895988113
Kiribati,KIR,1997,2439.4102,Oceania,KIR,92.5,6.73,37871.0,Oceania,362.4680832095096
Kiribati,KIR,1998,2502.862,Oceania,KIR,92.5,6.73,37871.0,Oceania,371.89628528974737
Kiribati,KIR,1999,2364.3462,Oceania,KIR,92.5,6.73,37871.0,Oceania,351.3144427934621
Kiribati,KIR,2000,2481.4153,Oceania,KIR,92.5,6.73,37871.0,Oceania,368.70955423476966
Kiribati,KIR,2001,2357.5818,Oceania,KIR,92.5,6.73,37871.0,Oceania,350.3093313521545
Kiribati,KIR,2002,2341.6956,Oceania,KIR,92.5,6.73,37871.0,Oceania,347.9488261515602
Kiribati,KIR,2003,2258.034,Oceania,KIR,92.5,6.73,37871.0,Oceania,335.5176820208024
Kiribati,KIR,2004,2199.6707,Oceania,KIR,92.5,6.73,37871.0,Oceania,326.8455720653789
Kiribati,KIR,2005,2183.7812,Oceania,KIR,92.5,6.73,37871.0,Oceania,324.4845765230312
Kiribati,KIR,2006,2264.1616,Oceania,KIR,92.5,6.73,37871.0,Oceania,336.4281723625557
Kiribati,KIR,2007,2286.4465,Oceania,KIR,92.5,6.73,37871.0,Oceania,339.7394502228826
Kiribati,KIR,2008,2172.3577,Oceania,KIR,92.5,6.73,37871.0,Oceania,322.787176820208
Kiribati,KIR,2009,2137.9658,Oceania,KIR,92.5,6.73,37871.0,Oceania,317.67693907875184
Kiribati,KIR,2010,2119.6401,Oceania,KIR,92.5,6.73,37871.0,Oceania,314.95395245170874
Kiribati,KIR,2011,2150.383,Oceania,KIR,92.5,6.73,37871.0,Oceania,319.52199108469534
Kiribati,KIR,2012,2242.0137,Oceania,KIR,92.5,6.73,37871.0,Oceania,333.13725111441306
Kiribati,KIR,2013,2382.3704,Oceania,KIR,92.5,6.73,37871.0,Oceania,353.9926300148588
Kiribati,KIR,2014,2381.3484,Oceania,KIR,92.5,6.73,37871.0,Oceania,353.8407726597325
Kiribati,KIR,2015,2615.8416,Oceania,KIR,92.5,6.73,37871.0,Oceania,388.68374442793464
Kiribati,KIR,2016,2761.9336,Oceania,KIR,92.5,6.73,37871.0,Oceania,410.39132243684986
Kiribati,KIR,2017,2822.6697,Oceania,KIR,92.5,6.73,37871.0,Oceania,419.41600297176814
Kiribati,KIR,2018,2877.602,Oceania,KIR,97.95971,6.73,122097.0,Oceania,427.57830609212476
Kiribati,KIR,2019,2927.4846,Oceania,KIR,97.95971,6.73,122097.0,Oceania,434.9902823179791
Kiribati,KIR,2020,2834.6858,Oceania,KIR,97.95971,6.73,122097.0,Oceania,421.201456166419
Kiribati,KIR,2021,3020.494,Oceania,KIR,97.95971,6.73,122097.0,Oceania,448.81040118870726
Kiribati,KIR,2022,3107.7761,Oceania,KIR,97.95971,6.73,122097.0,Oceania,461.77950965824664
Kiribati,KIR,2023,3140.5833,Oceania,KIR,97.95971,6.73,122097.0,Oceania,466.65427934621096
Kosovo,OWID_KOS,2008,7098.403,Europe,KIR,97.95971,6.73,122097.0,Oceania,1054.7404160475483
Kosovo,OWID_KOS,2009,7481.459,Europe,KIR,97.95971,6.73,122097.0,Oceania,1111.6580980683507
Kosovo,OWID_KOS,2010,7877.102,Europe,KIR,97.95971,6.73,122097.0,Oceania,1170.446062407132
Kosovo,OWID_KOS,2011,8359.937,Europe,KIR,97.95971,6.73,122097.0,Oceania,1242.1897473997028
Kosovo,OWID_KOS,2012,8431.662,Europe,KIR,97.95971,6.73,122097.0,Oceania,1252.847251114413
Kosovo,OWID_KOS,2013,8828.276,Europe,KIR,97.95971,6.73,122097.0,Oceania,1311.7794947994055
Kosovo,OWID_KOS,2014,9150.75,Europe,KIR,97.95971,6.73,122097.0,Oceania,1359.6953937592866
Kosovo,OWID_KOS,2015,9824.991,Europe,KIR,97.95971,6.73,122097.0,Oceania,1459.8797919762258
Kosovo,OWID_KOS,2016,10434.889,Europe,KIR,97.95971,6.73,122097.0,Oceania,1550.5035661218424
Kosovo,OWID_KOS,2017,10856.29,Europe,KIR,97.95971,6.73,122097.0,Oceania,1613.1188707280833
Kosovo,OWID_KOS,2018,11188.225,Europe,KIR,97.95971,6.73,122097.0,Oceania,1662.4405646359583
Kosovo,OWID_KOS,2019,11774.118,Europe,KIR,97.95971,6.73,122097.0,Oceania,1749.4974739970282
Kosovo,OWID_KOS,2020,11137.503,Europe,KIR,97.95971,6.73,122097.0,Oceania,1654.9038632986626
Kosovo,OWID_KOS,2021,12362.421,Europe,KIR,97.95971,6.73,122097.0,Oceania,1836.9124814264487
Kosovo,OWID_KOS,2022,13022.463,Europe,KIR,97.95971,6.73,122097.0,Oceania,1934.9870728083208
Kosovo,OWID_KOS,2023,14240.203,Europe,KIR,97.95971,6.73,122097.0,Oceania,2115.9291233283802
Kuwait,KWT,1990,38932.945,Asia,KWT,74.0,5.92,1684833.0,Asia,6576.51097972973
Kuwait,KWT,1991,28633.969,Asia,KWT,74.0,5.92,1684833.0,Asia,4836.819087837838
Kuwait,KWT,1992,43266.934,Asia,KWT,74.0,5.92,1684833.0,Asia,7308.6037162162165
Kuwait,KWT,1993,56684.188,Asia,KWT,74.0,5.92,1684833.0,Asia,9575.031756756756
Kuwait,KWT,1994,61753.848,Asia,KWT,74.0,5.92,1684833.0,Asia,10431.393243243243
Kuwait,KWT,1995,64093.52,Asia,KWT,78.0,6.15,1681518.0,Asia,10421.71056910569
Kuwait,KWT,1996,62665.223,Asia,KWT,78.0,6.15,1681518.0,Asia,10189.467154471544
Kuwait,KWT,1997,62151.953,Asia,KWT,78.0,6.15,1681518.0,Asia,10106.008617886178
Kuwait,KWT,1998,62450.09,Asia,KWT,78.0,6.15,1681518.0,Asia,10154.486178861787
Kuwait,KWT,1999,59533.953,Asia,KWT,78.0,6.15,1681518.0,Asia,9680.317560975609
Kuwait,KWT,2000,60585.3,Asia,KWT,78.0,6.12,1954713.0,Asia,9899.558823529413
Kuwait,KWT,2001,59099.664,Asia,KWT,78.0,6.12,1954713.0,Asia,9656.807843137254
Kuwait,KWT,2002,59348.617,Asia,KWT,78.0,6.12,1954713.0,Asia,9697.486437908496
Kuwait,KWT,2003,67984.31,Asia,KWT,78.0,6.12,1954713.0,Asia,11108.547385620914
Kuwait,KWT,2004,73298.06,Asia,KWT,78.0,6.12,1954713.0,Asia,11976.807189542484
Kuwait,KWT,2005,78193.9,Asia,KWT,93.0,6.14,2236797.0,Asia,12735.162866449511
Kuwait,KWT,2006,79521.35,Asia,KWT,93.0,6.14,2364741.0,Asia,12951.359934853423
Kuwait,KWT,2007,79474.76,Asia,KWT,94.0,6.14,2507890.0,Asia,12943.771986970683
Kuwait,KWT,2008,77036.51,Asia,KWT,94.0,6.14,2651433.0,Asia,12546.662866449511
Kuwait,KWT,2009,67896.266,Asia,KWT,94.0,6.14,2651433.0,Asia,11058.02377850163
Kuwait,KWT,2010,62956.215,Asia,KWT,94.0,6.39,2943374.0,Asia,9852.302816901409
Kuwait,KWT,2011,64844.5,Asia,KWT,94.0,6.39,2943374.0,Asia,10147.809076682317
Kuwait,KWT,2012,64908.26,Asia,KWT,96.0,6.39,3337025.0,Asia,10157.78716744914
Kuwait,KWT,2013,62458.81,Asia,KWT,96.0,6.39,3507755.0,Asia,9774.461658841941
Kuwait,KWT,2014,60065.656,Asia,KWT,96.0,6.39,3507755.0,Asia,9399.946165884196
Kuwait,KWT,2015,57763.516,Asia,KWT,96.0,6.49,3834465.0,Asia,8900.387673343606
Kuwait,KWT,2016,56936.62,Asia,KWT,96.0,6.49,3834465.0,Asia,8772.97688751926
Kuwait,KWT,2017,52285.586,Asia,KWT,96.0,6.49,4154686.0,Asia,8056.330662557782
Kuwait,KWT,2018,51623.81,Asia,KWT,96.0,6.49,4323389.0,Asia,7954.362095531586
Kuwait,KWT,2019,51380.645,Asia,KWT,96.0,6.49,4323389.0,Asia,7916.894453004622
Kuwait,KWT,2020,49372.82,Asia,KWT,96.0,6.62,4400146.0,Asia,7458.129909365559
Kuwait,KWT,2021,50651.957,Asia,KWT,96.0,6.62,4400146.0,Asia,7651.3530211480365
Kuwait,KWT,2022,51379.883,Asia,KWT,96.0,6.62,4400146.0,Asia,7761.31163141994
Kuwait,KWT,2023,47777.402,Asia,KWT,96.0,6.62,4400146.0,Asia,7217.130211480363
Kyrgyzstan,KGZ,1990,6095.681,Asia,KWT,96.0,6.62,4400146.0,Asia,920.7977341389727
Kyrgyzstan,KGZ,1991,5520.4297,Asia,KWT,96.0,6.62,4400146.0,Asia,833.9017673716012
Kyrgyzstan,KGZ,1992,4701.991,Asia,KWT,96.0,6.62,4400146.0,Asia,710.2705438066465
Kyrgyzstan,KGZ,1993,3973.8833,Asia,KWT,96.0,6.62,4400146.0,Asia,600.2844864048338
Kyrgyzstan,KGZ,1994,3176.9238,Asia,KWT,96.0,6.62,4400146.0,Asia,479.89785498489425
Kyrgyzstan,KGZ,1995,2974.7117,Asia,KWT,96.0,6.62,4400146.0,Asia,449.3522205438066
Kyrgyzstan,KGZ,1996,3138.6663,Asia,KWT,96.0,6.62,4400146.0,Asia,474.1187764350453
Kyrgyzstan,KGZ,1997,3399.9343,Asia,KWT,96.0,6.62,4400146.0,Asia,513.5852416918428
Kyrgyzstan,KGZ,1998,3419.2234,Asia,KWT,96.0,6.62,4400146.0,Asia,516.499003021148
Kyrgyzstan,KGZ,1999,3491.9377,Asia,KGZ,99.0,6.62,4968593.0,Asia,527.4830362537764
Kyrgyzstan,KGZ,2000,3638.4631,Asia,KGZ,99.0,6.62,4968593.0,Asia,549.6167824773414
Kyrgyzstan,KGZ,2001,3795.8906,Asia,KGZ,99.0,6.62,4968593.0,Asia,573.3973716012085
Kyrgyzstan,KGZ,2002,3760.5325,Asia,KGZ,99.0,6.62,4968593.0,Asia,568.0562688821752
Kyrgyzstan,KGZ,2003,3982.9272,Asia,KGZ,99.0,6.62,4968593.0,Asia,601.6506344410876
Kyrgyzstan,KGZ,2004,4211.5225,Asia,KGZ,99.0,6.62,4968593.0,Asia,636.1816465256798
Kyrgyzstan,KGZ,2005,4156.9585,Asia,KGZ,99.0,6.62,4968593.0,Asia,627.9393504531722
Kyrgyzstan,KGZ,2006,4240.1704,Asia,KGZ,99.0,6.62,4968593.0,Asia,640.5091238670694
Kyrgyzstan,KGZ,2007,4558.713,Asia,KGZ,99.0,6.62,4968593.0,Asia,688.627341389728
Kyrgyzstan,KGZ,2008,4894.943,Asia,KGZ,99.0,6.62,4968593.0,Asia,739.4173716012085
Kyrgyzstan,KGZ,2009,4969.9614,Asia,KGZ,99.0,6.62,5398013.0,Asia,750.7494561933535
Kyrgyzstan,KGZ,2010,4876.4795,Asia,KGZ,99.0,6.62,5398013.0,Asia,736.6283232628399
Kyrgyzstan,KGZ,2011,5092.8516,Asia,KGZ,99.0,6.62,5398013.0,Asia,769.3129305135951
Kyrgyzstan,KGZ,2012,4993.3945,Asia,KGZ,99.0,6.62,5398013.0,Asia,754.2891993957704
Kyrgyzstan,KGZ,2013,5418.5405,Asia,KGZ,99.0,6.62,5398013.0,Asia,818.5106495468278
Kyrgyzstan,KGZ,2014,5513.7544,Asia,KGZ,99.0,6.62,5398013.0,Asia,832.8934138972809
Kyrgyzstan,KGZ,2015,5600.2144,Asia,KGZ,99.0,11.05,6001876.0,Asia,506.8067330316742
Kyrgyzstan,KGZ,2016,5715.0103,Asia,KGZ,99.0,11.05,6001876.0,Asia,517.1955022624434
Kyrgyzstan,KGZ,2017,5861.222,Asia,KGZ,99.0,11.05,6001876.0,Asia,530.427330316742
Kyrgyzstan,KGZ,2018,5951.8286,Asia,KGZ,99.0,11.05,6001876.0,Asia,538.6270226244343
Kyrgyzstan,KGZ,2019,6087.602,Asia,KGZ,99.0,11.05,6001876.0,Asia,550.9142081447964
Kyrgyzstan,KGZ,2020,5537.7954,Asia,KGZ,99.0,11.18,6664143.0,Asia,495.3305366726297
Kyrgyzstan,KGZ,2021,5736.479,Asia,KGZ,99.0,11.18,6664143.0,Asia,513.101878354204
Kyrgyzstan,KGZ,2022,6139.778,Asia,KGZ,99.0,11.18,6664143.0,Asia,549.1751341681575
Kyrgyzstan,KGZ,2023,6575.7754,Asia,KGZ,99.0,11.18,6664143.0,Asia,588.1731127012523
Laos,LAO,1990,2005.5005,Asia,LAO,17.5,11.18,1684556.0,Asia,179.3828711985689
Laos,LAO,1991,2033.5826,Asia,LAO,17.5,11.18,1684556.0,Asia,181.894686940966
Laos,LAO,1992,2088.02,Asia,LAO,17.5,11.18,1684556.0,Asia,186.76386404293382
Laos,LAO,1993,2152.2766,Asia,LAO,17.5,11.18,1684556.0,Asia,192.5113237924866
Laos,LAO,1994,2267.7822,Asia,LAO,17.5,11.18,1684556.0,Asia,202.84277280858677
Laos,LAO,1995,2368.0547,Asia,LAO,60.0,11.18,4929410.0,Asia,211.81169051878356
Laos,LAO,1996,2473.773,Asia,LAO,60.0,11.18,4929410.0,Asia,221.26771019677997
Laos,LAO,1997,2589.2075,Asia,LAO,60.0,11.18,4929410.0,Asia,231.59279964221824
Laos,LAO,1998,2642.5662,Asia,LAO,60.0,11.18,4929410.0,Asia,236.3654919499106
Laos,LAO,1999,2786.5205,Asia,LAO,60.0,11.18,4929410.0,Asia,249.2415474060823
Laos,LAO,2000,2899.0195,Asia,LAO,70.0,11.18,5431213.0,Asia,259.30406976744183
Laos,LAO,2001,3015.6326,Asia,LAO,69.0,11.18,5521481.0,Asia,269.7345796064401
Laos,LAO,2002,3143.2234,Asia,LAO,69.0,11.18,5521481.0,Asia,281.1469946332737
Laos,LAO,2003,3282.9854,Asia,LAO,69.0,11.18,5521481.0,Asia,293.6480679785331
Laos,LAO,2004,3441.17,Asia,LAO,69.0,11.18,5521481.0,Asia,307.7969588550984
Laos,LAO,2005,3630.5588,Asia,LAO,73.0,11.18,5869531.0,Asia,324.73692307692306
Laos,LAO,2006,3881.5374,Asia,LAO,73.0,11.18,5869531.0,Asia,347.1858139534884
Laos,LAO,2007,4112.253,Asia,LAO,73.0,11.18,5869531.0,Asia,367.8222719141324
Laos,LAO,2008,4367.163,Asia,LAO,73.0,11.18,5869531.0,Asia,390.62280858676206
Laos,LAO,2009,4625.072,Asia,LAO,73.0,11.18,5869531.0,Asia,413.69159212880146
Laos,LAO,2010,4946.1055,Asia,LAO,73.0,11.18,5869531.0,Asia,442.40657423971373
Laos,LAO,2011,5266.879,Asia,LAO,73.0,11.18,5869531.0,Asia,471.09830053667264
Laos,LAO,2012,5608.9697,Asia,LAO,73.0,11.18,5869531.0,Asia,501.6967531305903
Laos,LAO,2013,5974.4736,Asia,LAO,73.0,11.18,5869531.0,Asia,534.3894096601074
Laos,LAO,2014,6341.2124,Asia,LAO,73.0,11.18,5869531.0,Asia,567.1925223613596
Laos,LAO,2015,6703.741,Asia,LAO,85.0,5.47,6801647.0,Asia,1225.5468007312616
Laos,LAO,2016,7063.2554,Asia,LAO,85.0,5.47,6801647.0,Asia,1291.2715539305302
Laos,LAO,2017,7432.4595,Asia,LAO,85.0,5.47,6801647.0,Asia,1358.7677330895797
Laos,LAO,2018,7775.086,Asia,LAO,85.0,5.47,6801647.0,Asia,1421.4051188299818
Laos,LAO,2019,8075.275,Asia,LAO,85.0,5.47,6801647.0,Asia,1476.284277879342
Laos,LAO,2020,7995.595,Asia,LAO,85.0,6.05,7346534.0,Asia,1321.5859504132231
Laos,LAO,2021,8080.4355,Asia,LAO,85.0,6.05,7346534.0,Asia,1335.609173553719
Laos,LAO,2022,8183.0327,Asia,LAO,85.0,6.05,7346534.0,Asia,1352.567388429752
Laos,LAO,2023,8372.156,Asia,LAO,85.0,6.05,7346534.0,Asia,1383.8274380165292
Latin America And Caribbean (Wb),WB_LAC,1990,12426.25,Asia,LAO,84.46787,6.05,7346534.0,Asia,2053.9256198347107
Latin America And Caribbean (Wb),WB_LAC,1991,12604.222,Asia,LAO,85.06639,6.05,7346534.0,Asia,2083.342479338843
Latin America And Caribbean (Wb),WB_LAC,1992,12735.489,Asia,LAO,85.66554,6.05,7346534.0,Asia,2105.0395041322313
Latin America And Caribbean (Wb),WB_LAC,1993,13103.561,Asia,LAO,86.25491,6.05,7346534.0,Asia,2165.8778512396693
Latin America And Caribbean (Wb),WB_LAC,1994,13570.513,Asia,LAO,86.83326,6.05,7346534.0,Asia,2243.0600000000004
Latin America And Caribbean (Wb),WB_LAC,1995,13464.159,Asia,LAO,87.40622,6.05,7346534.0,Asia,2225.480826446281
Latin America And Caribbean (Wb),WB_LAC,1996,13773.65,Asia,LAO,87.77912,6.05,7346534.0,Asia,2276.6363636363635
Latin America And Caribbean (Wb),WB_LAC,1997,14298.498,Asia,LAO,88.04446,6.05,7346534.0,Asia,2363.3880991735537
Latin America And Caribbean (Wb),WB_LAC,1998,14501.8125,Asia,LAO,88.39903,6.05,7346534.0,Asia,2396.9938016528927
Latin America And Caribbean (Wb),WB_LAC,1999,14364.294,Asia,LAO,88.71655,6.05,7346534.0,Asia,2374.26347107438
Latin America And Caribbean (Wb),WB_LAC,2000,14663.654,Asia,LAO,89.01666,6.05,7346534.0,Asia,2423.7444628099174
Latin America And Caribbean (Wb),WB_LAC,2001,14518.147,Asia,LAO,89.17575,6.05,7346534.0,Asia,2399.6937190082645
Latin America And Caribbean (Wb),WB_LAC,2002,14398.792,Asia,LAO,89.44306,6.05,7346534.0,Asia,2379.9656198347107
Latin America And Caribbean (Wb),WB_LAC,2003,14568.346,Asia,LAO,90.0959,6.05,7346534.0,Asia,2407.991074380165
Latin America And Caribbean (Wb),WB_LAC,2004,15160.492,Asia,LAO,90.37227,6.05,7346534.0,Asia,2505.866446280992
Latin America And Caribbean (Wb),WB_LAC,2005,15565.822,Asia,LAO,90.33941,6.05,7346534.0,Asia,2572.863140495868
Latin America And Caribbean (Wb),WB_LAC,2006,16172.71,Asia,LAO,90.54231,6.05,7346534.0,Asia,2673.17520661157
Latin America And Caribbean (Wb),WB_LAC,2007,16820.953,Asia,LAO,91.39063,6.05,7346534.0,Asia,2780.3228099173557
Latin America And Caribbean (Wb),WB_LAC,2008,17243.326,Asia,LAO,91.68934,6.05,7346534.0,Asia,2850.13652892562
Latin America And Caribbean (Wb),WB_LAC,2009,16665.797,Asia,LAO,91.86467,6.05,7346534.0,Asia,2754.6771900826443
Latin America And Caribbean (Wb),WB_LAC,2010,17552.035,Asia,LAO,91.78517,6.05,7346534.0,Asia,2901.1628099173554
Latin America And Caribbean (Wb),WB_LAC,2011,18151.834,Asia,LAO,92.49057,6.05,7346534.0,Asia,3000.303140495868
Latin America And Caribbean (Wb),WB_LAC,2012,18434.943,Asia,LAO,92.79948,6.05,7346534.0,Asia,3047.0980165289257
Latin America And Caribbean (Wb),WB_LAC,2013,18767.875,Asia,LAO,92.78406,6.05,7346534.0,Asia,3102.128099173554
Latin America And Caribbean (Wb),WB_LAC,2014,18853.408,Asia,LAO,93.28205,6.05,7346534.0,Asia,3116.265785123967
Latin America And Caribbean (Wb),WB_LAC,2015,18763.834,Asia,LAO,93.42686,6.05,7346534.0,Asia,3101.460165289256
Latin America And Caribbean (Wb),WB_LAC,2016,18551.818,Asia,LAO,93.86832,6.05,7346534.0,Asia,3066.4161983471076
Latin America And Caribbean (Wb),WB_LAC,2017,18745.582,Asia,LAO,93.89947,6.05,7346534.0,Asia,3098.443305785124
Latin America And Caribbean (Wb),WB_LAC,2018,18894.209,Asia,LAO,94.08591,6.05,7346534.0,Asia,3123.0097520661157
Latin America And Caribbean (Wb),WB_LAC,2019,18882.951,Asia,LAO,94.25567,6.05,7346534.0,Asia,3121.148925619835
Latin America And Caribbean (Wb),WB_LAC,2020,17508.242,Asia,LAO,94.31331,6.05,7346534.0,Asia,2893.924297520661
Latin America And Caribbean (Wb),WB_LAC,2021,18694.14,Asia,LAO,94.49382,6.05,7346534.0,Asia,3089.9404958677687
Latin America And Caribbean (Wb),WB_LAC,2022,19352.182,Asia,LAO,94.64692,6.05,7346534.0,Asia,3198.7077685950417
Latin America And Caribbean (Wb),WB_LAC,2023,19656.629,Asia,LAO,94.79001,6.05,7346534.0,Asia,3249.0295867768596
Latin America And The Caribbean (Sdg),WB_LAC,1990,19959.44,Asia,LAO,84.4682,6.05,7346534.0,Asia,3299.0809917355373
Latin America And The Caribbean (Sdg),WB_LAC,1991,19959.44,Asia,LAO,85.0667,6.05,7346534.0,Asia,3299.0809917355373
Latin America And The Caribbean (Sdg),WB_LAC,1992,19959.44,Asia,LAO,85.66582,6.05,7346534.0,Asia,3299.0809917355373
Latin America And The Caribbean (Sdg),WB_LAC,1993,19959.44,Asia,LAO,86.25516,6.05,7346534.0,Asia,3299.0809917355373
Latin America And The Caribbean (Sdg),WB_LAC,1994,19959.44,Asia,LAO,86.83348,6.05,7346534.0,Asia,3299.0809917355373
Latin America And The Caribbean (Sdg),WB_LAC,1995,19959.44,Asia,LAO,87.40642,6.05,7346534.0,Asia,3299.0809917355373
Latin America And The Caribbean (Sdg),WB_LAC,1996,19959.44,Asia,LAO,87.77931,6.05,7346534.0,Asia,3299.0809917355373
Latin America And The Caribbean (Sdg),WB_LAC,1997,19959.44,Asia,LAO,88.04464,6.05,7346534.0,Asia,3299.0809917355373
Latin America And The Caribbean (Sdg),WB_LAC,1998,19959.44,Asia,LAO,88.3992,6.05,7346534.0,Asia,3299.0809917355373
Latin America And The Caribbean (Sdg),WB_LAC,1999,19959.44,Asia,LAO,88.71671,6.05,7346534.0,Asia,3299.0809917355373
Latin America And The Caribbean (Sdg),WB_LAC,2000,19959.44,Asia,LAO,89.01682,6.05,7346534.0,Asia,3299.0809917355373
Latin America And The Caribbean (Sdg),WB_LAC,2001,19959.44,Asia,LAO,89.17591,6.05,7346534.0,Asia,3299.0809917355373
Latin America And The Caribbean (Sdg),WB_LAC,2002,19959.44,Asia,LAO,89.44321,6.05,7346534.0,Asia,3299.0809917355373
Latin America And The Caribbean (Sdg),WB_LAC,2003,19959.44,Asia,LAO,90.09602,6.05,7346534.0,Asia,3299.0809917355373
Latin America And The Caribbean (Sdg),WB_LAC,2004,19959.44,Asia,LAO,90.37239,6.05,7346534.0,Asia,3299.0809917355373
Latin America And The Caribbean (Sdg),WB_LAC,2005,19959.44,Asia,LAO,90.33953,6.05,7346534.0,Asia,3299.0809917355373
Latin America And The Caribbean (Sdg),WB_LAC,2006,19959.44,Asia,LAO,90.54242,6.05,7346534.0,Asia,3299.0809917355373
Latin America And The Caribbean (Sdg),WB_LAC,2007,19959.44,Asia,LAO,91.39071,6.05,7346534.0,Asia,3299.0809917355373
Latin America And The Caribbean (Sdg),WB_LAC,2008,19959.44,Asia,LAO,91.68941,6.05,7346534.0,Asia,3299.0809917355373
Latin America And The Caribbean (Sdg),WB_LAC,2009,19959.44,Asia,LAO,91.86474,6.05,7346534.0,Asia,3299.0809917355373
Latin America And The Caribbean (Sdg),WB_LAC,2010,19959.44,Asia,LAO,91.78525,6.05,7346534.0,Asia,3299.0809917355373
Latin America And The Caribbean (Sdg),WB_LAC,2011,19959.44,Asia,LAO,92.49063,6.05,7346534.0,Asia,3299.0809917355373
Latin America And The Caribbean (Sdg),WB_LAC,2012,19959.44,Asia,LAO,92.79953,6.05,7346534.0,Asia,3299.0809917355373
Latin America And The Caribbean (Sdg),WB_LAC,2013,19959.44,Asia,LAO,92.78411,6.05,7346534.0,Asia,3299.0809917355373
Latin America And The Caribbean (Sdg),WB_LAC,2014,19959.44,Asia,LAO,93.28208,6.05,7346534.0,Asia,3299.0809917355373
Latin America And The Caribbean (Sdg),WB_LAC,2015,19959.44,Asia,LAO,93.42689,6.05,7346534.0,Asia,3299.0809917355373
Latin America And The Caribbean (Sdg),WB_LAC,2016,19959.44,Asia,LAO,93.86834,6.05,7346534.0,Asia,3299.0809917355373
Latin America And The Caribbean (Sdg),WB_LAC,2017,19959.44,Asia,LAO,93.89949,6.05,7346534.0,Asia,3299.0809917355373
Latin America And The Caribbean (Sdg),WB_LAC,2018,19959.44,Asia,LAO,94.08592,6.05,7346534.0,Asia,3299.0809917355373
Latin America And The Caribbean (Sdg),WB_LAC,2019,19959.44,Asia,LAO,94.25568,6.05,7346534.0,Asia,3299.0809917355373
Latin America And The Caribbean (Sdg),WB_LAC,2020,19959.44,Asia,LAO,94.31331,6.05,7346534.0,Asia,3299.0809917355373
Latin America And The Caribbean (Sdg),WB_LAC,2021,19959.44,Asia,LAO,94.49382,6.05,7346534.0,Asia,3299.0809917355373
Latin America And The Caribbean (Sdg),WB_LAC,2022,19959.44,Asia,LAO,94.64692,6.05,7346534.0,Asia,3299.0809917355373
Latin America And The Caribbean (Sdg),WB_LAC,2023,19959.44,Asia,LAO,94.79,6.05,7346534.0,Asia,3299.0809917355373
Latvia,LVA,1990,17508.787,Europe,LVA,99.0,6.05,2664839.0,Europe,2894.0143801652894
Latvia,LVA,1991,15376.091,Europe,LVA,99.0,6.05,2664839.0,Europe,2541.5026446280995
Latvia,LVA,1992,10582.207,Europe,LVA,99.0,6.05,2664839.0,Europe,1749.1251239669423
Latvia,LVA,1993,10255.142,Europe,LVA,99.0,6.05,2664839.0,Europe,1695.0647933884297
Latvia,LVA,1994,10656.608,Europe,LVA,99.0,6.05,2664839.0,Europe,1761.4228099173554
Latvia,LVA,1995,10707.515,Europe,LVA,99.0,6.05,2664839.0,Europe,1769.8371900826446
Latvia,LVA,1996,11077.862,Europe,LVA,99.0,6.05,2664839.0,Europe,1831.0515702479338
Latvia,LVA,1997,12215.016,Europe,LVA,99.0,6.05,2664839.0,Europe,2019.010909090909
Latvia,LVA,1998,13138.401,Europe,LVA,99.0,6.05,2664839.0,Europe,2171.63652892562
Latvia,LVA,1999,13619.099,Europe,LVA,99.0,6.05,2664839.0,Europe,2251.090743801653
Latvia,LVA,2000,14554.213,Europe,LVA,100.0,6.05,2368320.0,Europe,2405.655041322314
Latvia,LVA,2001,15695.906,Europe,LVA,100.0,6.05,2368320.0,Europe,2594.364628099174
Latvia,LVA,2002,17096.559,Europe,LVA,100.0,6.05,2368320.0,Europe,2825.877520661157
Latvia,LVA,2003,18717.668,Europe,LVA,100.0,6.05,2368320.0,Europe,3093.8294214876037
Latvia,LVA,2004,20574.12,Europe,LVA,100.0,6.05,2368320.0,Europe,3400.680991735537
Latvia,LVA,2005,23213.354,Europe,LVA,100.0,6.05,2368320.0,Europe,3836.918016528926
Latvia,LVA,2006,26431.814,Europe,LVA,100.0,6.05,2368320.0,Europe,4368.894876033058
Latvia,LVA,2007,29423.736,Europe,LVA,100.0,6.05,2368320.0,Europe,4863.427438016529
Latvia,LVA,2008,28726.973,Europe,LVA,100.0,6.05,2368320.0,Europe,4748.26
Latvia,LVA,2009,24520.68,Europe,LVA,100.0,6.05,2368320.0,Europe,4053.0049586776863
Latvia,LVA,2010,24119.73,Europe,LVA,100.0,6.05,2368320.0,Europe,3986.732231404959
Latvia,LVA,2011,25308.732,Europe,LVA,100.0,6.05,2059940.0,Europe,4183.261487603306
Latvia,LVA,2012,27496.545,Europe,LVA,100.0,6.05,2059940.0,Europe,4544.88347107438
Latvia,LVA,2013,28375.184,Europe,LVA,100.0,6.05,2059940.0,Europe,4690.11305785124
Latvia,LVA,2014,29243.742,Europe,LVA,100.0,6.05,2059940.0,Europe,4833.676363636364
Latvia,LVA,2015,30599.613,Europe,LVA,100.0,11.79,1977874.0,Europe,2595.3870229007634
Latvia,LVA,2016,31668.516,Europe,LVA,100.0,11.79,1977874.0,Europe,2686.048854961832
Latvia,LVA,2017,33036.39,Europe,LVA,100.0,11.79,1977874.0,Europe,2802.0687022900765
Latvia,LVA,2018,34729.707,Europe,LVA,100.0,11.79,1977874.0,Europe,2945.691857506362
Latvia,LVA,2019,35208.195,Europe,LVA,100.0,11.79,1977874.0,Europe,2986.2760814249364
Latvia,LVA,2020,34225.9,Europe,LVA,100.0,11.96,1901119.0,Europe,2861.6973244147157
Latvia,LVA,2021,36912.01,Europe,LVA,100.0,11.96,1901119.0,Europe,3086.2884615384614
Latvia,LVA,2022,37718.71,Europe,LVA,100.0,11.96,1901119.0,Europe,3153.738294314381
Latvia,LVA,2023,37277.723,Europe,LVA,100.0,11.96,1901119.0,Europe,3116.866471571906
Lebanon,LBN,1990,5345.512,Asia,LBN,47.5,11.96,1349351.0,Asia,446.9491638795986
Lebanon,LBN,1991,7828.172,Asia,LBN,47.5,11.96,1349351.0,Asia,654.5294314381271
Lebanon,LBN,1992,8924.152,Asia,LBN,47.5,11.96,1349351.0,Asia,746.1665551839465
Lebanon,LBN,1993,9695.315,Asia,LBN,47.5,11.96,1349351.0,Asia,810.6450668896321
Lebanon,LBN,1994,10294.8125,Asia,LBN,47.5,11.96,1349351.0,Asia,860.7702759197324
Lebanon,LBN,1995,10762.442,Asia,LBN,47.5,11.96,1349351.0,Asia,899.8697324414715
Lebanon,LBN,1996,11757.282,Asia,LBN,47.5,11.96,1349351.0,Asia,983.0503344481604
Lebanon,LBN,1997,11668.4,Asia,LBN,47.5,11.96,1349351.0,Asia,975.6187290969899
Lebanon,LBN,1998,11885.308,Asia,LBN,47.5,11.96,1349351.0,Asia,993.7548494983278
Lebanon,LBN,1999,11617.25,Asia,LBN,47.5,11.96,1349351.0,Asia,971.3419732441471
Lebanon,LBN,2000,11571.732,Asia,LBN,47.5,11.96,1349351.0,Asia,967.5361204013377
Lebanon,LBN,2001,11817.931,Asia,LBN,47.5,11.96,1349351.0,Asia,988.1213210702341
Lebanon,LBN,2002,12053.834,Asia,LBN,47.5,11.96,1349351.0,Asia,1007.845652173913
Lebanon,LBN,2003,12272.344,Asia,LBN,47.5,11.96,1349351.0,Asia,1026.115719063545
Lebanon,LBN,2004,12882.076,Asia,LBN,47.5,11.96,1349351.0,Asia,1077.0966555183945
Lebanon,LBN,2005,13024.665,Asia,LBN,47.5,11.96,1349351.0,Asia,1089.01881270903
Lebanon,LBN,2006,13003.681,Asia,LBN,47.5,11.96,1349351.0,Asia,1087.264297658863
Lebanon,LBN,2007,13941.562,Asia,LBN,90.0,11.96,4844119.0,Asia,1165.6824414715718
Lebanon,LBN,2008,14955.142,Asia,LBN,90.0,11.96,4844119.0,Asia,1250.4299331103678
Lebanon,LBN,2009,16264.351,Asia,LBN,91.0,11.96,4992295.0,Asia,1359.8955685618728
Lebanon,LBN,2010,17390.758,Asia,LBN,91.0,11.96,4992295.0,Asia,1454.0767558528428
Lebanon,LBN,2011,17353.195,Asia,LBN,91.0,11.96,4992295.0,Asia,1450.9360367892975
Lebanon,LBN,2012,17323.3,Asia,LBN,91.0,11.96,4992295.0,Asia,1448.4364548494982
Lebanon,LBN,2013,16396.496,Asia,LBN,91.0,11.96,4992295.0,Asia,1370.944481605351
Lebanon,LBN,2014,15205.873,Asia,LBN,91.0,11.96,4992295.0,Asia,1271.3940635451504
Lebanon,LBN,2015,14980.0205,Asia,LBN,91.0,11.96,4992295.0,Asia,1252.510075250836
Lebanon,LBN,2016,15572.361,Asia,LBN,91.0,11.96,4992295.0,Asia,1302.036872909699
Lebanon,LBN,2017,16128.584,Asia,LBN,91.0,11.96,4992295.0,Asia,1348.5438127090301
Lebanon,LBN,2018,16290.052,Asia,LBN,93.0,11.96,5984120.0,Asia,1362.044481605351
Lebanon,LBN,2019,15659.566,Asia,LBN,93.0,11.96,5984120.0,Asia,1309.3282608695652
Lebanon,LBN,2020,12507.437,Asia,LBN,93.0,11.96,5984120.0,Asia,1045.7723244147157
Lebanon,LBN,2021,11599.775,Asia,LBN,93.0,11.96,5984120.0,Asia,969.8808528428093
Lebanon,LBN,2022,11474.751,Asia,LBN,93.0,11.96,5984120.0,Asia,959.4273411371237
Lebanon,LBN,2023,11330.269,Asia,LBN,93.0,11.96,5984120.0,Asia,947.346906354515
Lesotho,LSO,1990,1422.1505,Africa,LSO,52.5,5.25,1809698.0,Africa,270.88580952380954
Lesotho,LSO,1991,1494.2404,Africa,LSO,52.5,5.25,1809698.0,Africa,284.617219047619
Lesotho,LSO,1992,1571.827,Africa,LSO,52.5,5.25,1809698.0,Africa,299.39561904761905
Lesotho,LSO,1993,1602.5963,Africa,LSO,52.5,5.25,1809698.0,Africa,305.2564380952381
Lesotho,LSO,1994,1675.5978,Africa,LSO,52.5,5.25,1809698.0,Africa,319.16148571428573
Lesotho,LSO,1995,1709.6943,Africa,LSO,52.5,5.8,1951441.0,Africa,294.77487931034483
Lesotho,LSO,1996,1786.1823,Africa,LSO,52.5,5.8,1951441.0,Africa,307.96246551724136
Lesotho,LSO,1997,1837.6965,Africa,LSO,52.5,5.8,1951441.0,Africa,316.84422413793106
Lesotho,LSO,1998,1856.6908,Africa,LSO,52.5,5.8,1951441.0,Africa,320.1191034482759
Lesotho,LSO,1999,1860.7006,Africa,LSO,52.5,5.8,1951441.0,Africa,320.8104482758621
Lesotho,LSO,2000,1932.158,Africa,LSO,86.0,6.37,2003919.0,Africa,303.3215070643642
Lesotho,LSO,2001,2004.0334,Africa,LSO,86.0,6.37,2003919.0,Africa,314.6049293563579
Lesotho,LSO,2002,2024.7872,Africa,LSO,86.0,6.37,2003919.0,Africa,317.86298273155415
Lesotho,LSO,2003,2127.373,Africa,LSO,86.0,6.37,2003919.0,Africa,333.9675039246468
Lesotho,LSO,2004,2178.6648,Africa,LSO,86.0,6.37,2003919.0,Africa,342.01959183673466
Lesotho,LSO,2005,2275.016,Africa,LSO,86.0,7.21,1953080.0,Africa,315.5361997226075
Lesotho,LSO,2006,2381.0203,Africa,LSO,66.0,7.21,1945066.0,Africa,330.2385991678225
Lesotho,LSO,2007,2470.3147,Africa,LSO,66.0,7.21,1945066.0,Africa,342.6233980582524
Lesotho,LSO,2008,2589.1663,Africa,LSO,66.0,7.21,1945066.0,Africa,359.1076699029126
Lesotho,LSO,2009,2538.1934,Africa,LSO,66.0,7.21,1945066.0,Africa,352.037919556172
Lesotho,LSO,2010,2651.378,Africa,LSO,66.0,6.08,1996256.0,Africa,436.08190789473684
Lesotho,LSO,2011,2749.3196,Africa,LSO,66.0,6.08,1996256.0,Africa,452.19072368421047
Lesotho,LSO,2012,2894.227,Africa,LSO,66.0,6.08,1996256.0,Africa,476.02417763157894
Lesotho,LSO,2013,2914.3752,Africa,LSO,66.0,6.08,1996256.0,Africa,479.3380263157895
Lesotho,LSO,2014,2930.6172,Africa,LSO,66.0,6.08,1996256.0,Africa,482.00940789473685
Lesotho,LSO,2015,2986.9587,Africa,LSO,66.0,6.44,2104614.0,Africa,463.8134627329192
Lesotho,LSO,2016,3057.261,Africa,LSO,97.0,6.44,2130424.0,Africa,474.72996894409937
Lesotho,LSO,2017,2924.681,Africa,LSO,97.0,6.44,2130424.0,Africa,454.14301242236024
Lesotho,LSO,2018,2846.4182,Africa,LSO,86.24087,6.44,2183611.0,Africa,441.99040372670805
Lesotho,LSO,2019,2773.2864,Africa,LSO,86.24087,6.44,2183611.0,Africa,430.63453416149065
Lesotho,LSO,2020,2517.1104,Africa,LSO,86.24087,6.88,2235727.0,Africa,365.8590697674419
Lesotho,LSO,2021,2544.7825,Africa,LSO,86.24087,6.88,2235727.0,Africa,369.88117732558135
Lesotho,LSO,2022,2577.5454,Africa,LSO,86.24087,6.88,2235727.0,Africa,374.64322674418605
Lesotho,LSO,2023,2595.8296,Africa,LSO,86.24087,6.88,2235727.0,Africa,377.3008139534884
Liberia,LBR,1990,1866.4055,Africa,LBR,32.0,3.08,2223667.0,Africa,605.9758116883118
Liberia,LBR,1991,1819.4978,Africa,LBR,32.0,3.08,2223667.0,Africa,590.746038961039
Liberia,LBR,1992,1115.0377,Africa,LBR,32.0,3.08,2223667.0,Africa,362.0252272727273
Liberia,LBR,1993,718.6832,Africa,LBR,32.0,3.08,2223667.0,Africa,233.33870129870132
Liberia,LBR,1994,563.6404,Africa,LBR,32.0,3.08,2223667.0,Africa,183.00012987012985
Liberia,LBR,1995,534.8097,Africa,LBR,32.0,3.17,2169167.0,Africa,168.70968454258676
Liberia,LBR,1996,582.678,Africa,LBR,32.0,3.17,2169167.0,Africa,183.81009463722398
Liberia,LBR,1997,1111.9376,Africa,LBR,32.0,3.17,2169167.0,Africa,350.7689589905363
Liberia,LBR,1998,1308.4056,Africa,LBR,32.0,3.17,2169167.0,Africa,412.74624605678235
Liberia,LBR,1999,1507.3147,Africa,LBR,32.0,3.17,2169167.0,Africa,475.493596214511
Liberia,LBR,2000,1868.1798,Africa,LBR,32.0,3.6,2928117.0,Africa,518.9388333333333
Liberia,LBR,2001,1867.1191,Africa,LBR,32.0,3.6,2928117.0,Africa,518.6441944444445
Liberia,LBR,2002,1887.646,Africa,LBR,32.0,3.6,2928117.0,Africa,524.3461111111111
Liberia,LBR,2003,1308.1509,Africa,LBR,32.0,3.6,2928117.0,Africa,363.37525
Liberia,LBR,2004,1326.5356,Africa,LBR,32.0,3.6,2928117.0,Africa,368.48211111111107
Liberia,LBR,2005,1335.6173,Africa,LBR,32.0,3.96,3301016.0,Africa,337.27709595959595
Liberia,LBR,2006,1364.6035,Africa,LBR,32.0,3.96,3301016.0,Africa,344.59684343434344
Liberia,LBR,2007,1422.1002,Africa,LBR,32.0,3.96,3301016.0,Africa,359.11621212121213
Liberia,LBR,2008,1463.124,Africa,LBR,32.0,3.96,3301016.0,Africa,369.4757575757576
Liberia,LBR,2009,1492.9982,Africa,LBR,32.0,3.96,3301016.0,Africa,377.0197474747475
Liberia,LBR,2010,1538.8508,Africa,LBR,32.0,4.35,4058897.0,Africa,353.75880459770116
Liberia,LBR,2011,1601.0337,Africa,LBR,32.0,4.35,4058897.0,Africa,368.05372413793106
Liberia,LBR,2012,1668.9729,Africa,LBR,32.0,4.35,4058897.0,Africa,383.6719310344828
Liberia,LBR,2013,1774.5206,Africa,LBR,32.0,4.35,4058897.0,Africa,407.93577011494256
Liberia,LBR,2014,1750.1438,Africa,LBR,32.0,4.35,4058897.0,Africa,402.33190804597706
Liberia,LBR,2015,1714.0905,Africa,LBR,32.0,5.06,4659436.0,Africa,338.75306324110676
Liberia,LBR,2016,1653.3105,Africa,LBR,32.0,5.06,4659436.0,Africa,326.7412055335969
Liberia,LBR,2017,1661.3029,Africa,LBR,32.0,5.06,4659436.0,Africa,328.32073122529647
Liberia,LBR,2018,1647.9745,Africa,LBR,32.0,5.06,4659436.0,Africa,325.6866600790514
Liberia,LBR,2019,1575.7666,Africa,LBR,32.0,5.06,4659436.0,Africa,311.41632411067195
Liberia,LBR,2020,1497.377,Africa,LBR,32.0,5.8,5149470.0,Africa,258.1684482758621
Liberia,LBR,2021,1539.2089,Africa,LBR,32.0,5.8,5149470.0,Africa,265.3808448275862
Liberia,LBR,2022,1578.9984,Africa,LBR,32.0,5.8,5149470.0,Africa,272.24110344827585
Liberia,LBR,2023,1616.9237,Africa,LBR,32.0,5.8,5149470.0,Africa,278.77994827586207
Libya,LBY,1990,18126.588,Africa,LBY,60.0,5.42,4445243.0,Africa,3344.388929889299
Libya,LBY,1991,20506.877,Africa,LBY,60.0,5.42,4445243.0,Africa,3783.556642066421
Libya,LBY,1992,19538.139,Africa,LBY,60.0,5.42,4445243.0,Africa,3604.8226937269374
Libya,LBY,1993,18434.64,Africa,LBY,60.0,5.42,4445243.0,Africa,3401.2250922509224
Libya,LBY,1994,18444.514,Africa,LBY,60.0,5.42,4445243.0,Africa,3403.0468634686345
Libya,LBY,1995,17723.268,Africa,LBY,60.0,6.13,4906851.0,Africa,2891.2345840130506
Libya,LBY,1996,17809.152,Africa,LBY,60.0,6.13,4906851.0,Africa,2905.2450244698202
Libya,LBY,1997,18451.7,Africa,LBY,60.0,6.13,4906851.0,Africa,3010.0652528548126
Libya,LBY,1998,17532.926,Africa,LBY,60.0,6.13,4906851.0,Africa,2860.1836867862967
Libya,LBY,1999,17402.568,Africa,LBY,60.0,6.13,4906851.0,Africa,2838.9181076672103
Libya,LBY,2000,17747.02,Africa,LBY,60.0,7.04,5305020.0,Africa,2520.883522727273
Libya,LBY,2001,17115.988,Africa,LBY,60.0,7.04,5305020.0,Africa,2431.2482954545458
Libya,LBY,2002,16629.436,Africa,LBY,60.0,7.04,5305020.0,Africa,2362.1357954545456
Libya,LBY,2003,18422.734,Africa,LBY,60.0,7.04,5305020.0,Africa,2616.865625
Libya,LBY,2004,18851.203,Africa,LBY,60.0,7.04,5305020.0,Africa,2677.7276988636368
Libya,LBY,2005,20649.463,Africa,LBY,60.0,7.79,5858793.0,Africa,2650.765468549422
Libya,LBY,2006,21545.299,Africa,LBY,60.0,7.79,5858793.0,Africa,2765.7636713735556
Libya,LBY,2007,22422.012,Africa,LBY,60.0,7.79,5858793.0,Africa,2878.307060333761
Libya,LBY,2008,21915.197,Africa,LBY,60.0,7.79,5858793.0,Africa,2813.2473684210527
Libya,LBY,2009,20518.965,Africa,LBY,60.0,7.79,5858793.0,Africa,2634.013478818999
Libya,LBY,2010,21115.525,Africa,LBY,60.0,8.43,6497837.0,Africa,2504.8072360616848
Libya,LBY,2011,10741.921,Africa,LBY,60.0,8.43,6497837.0,Africa,1274.2492289442469
Libya,LBY,2012,20601.002,Africa,LBY,60.0,8.43,6497837.0,Africa,2443.7724792408067
Libya,LBY,2013,16557.5,Africa,LBY,60.0,8.43,6497837.0,Africa,1964.1162514827995
Libya,LBY,2014,12499.083,Africa,LBY,60.0,8.43,6497837.0,Africa,1482.690747330961
Libya,LBY,2015,12195.349,Africa,LBY,60.0,9.05,6531825.0,Africa,1347.5523756906077
Libya,LBY,2016,11831.826,Africa,LBY,60.0,9.05,6531825.0,Africa,1307.3840883977898
Libya,LBY,2017,15428.116,Africa,LBY,60.0,9.05,6531825.0,Africa,1704.7641988950274
Libya,LBY,2018,16385.164,Africa,LBY,60.0,9.05,6531825.0,Africa,1810.515359116022
Libya,LBY,2019,14337.196,Africa,LBY,60.0,9.05,6531825.0,Africa,1584.2205524861877
Libya,LBY,2020,9978.664,Africa,LBY,60.0,9.57,7045403.0,Africa,1042.7026123301985
Libya,LBY,2021,12641.51,Africa,LBY,60.0,9.57,7045403.0,Africa,1320.9519331243469
Libya,LBY,2022,11450.06,Africa,LBY,60.0,9.57,7045403.0,Africa,1196.453500522466
Libya,LBY,2023,12476.598,Africa,LBY,60.0,9.57,7045403.0,Africa,1303.719749216301
Lithuania,LTU,1990,20586.229,Europe,LTU,98.0,9.57,3696107.0,Europe,2151.121107628004
Lithuania,LTU,1991,19384.818,Europe,LTU,98.0,9.57,3696107.0,Europe,2025.581818181818
Lithuania,LTU,1992,15280.389,Europe,LTU,98.0,9.57,3696107.0,Europe,1596.6968652037617
Lithuania,LTU,1993,12861.695,Europe,LTU,98.0,9.57,3696107.0,Europe,1343.9597701149426
Lithuania,LTU,1994,11686.438,Europe,LTU,98.0,9.57,3696107.0,Europe,1221.1533960292581
Lithuania,LTU,1995,12164.204,Europe,LTU,98.0,9.57,3696107.0,Europe,1271.076698014629
Lithuania,LTU,1996,12873.201,Europe,LTU,98.0,9.57,3696107.0,Europe,1345.1620689655172
Lithuania,LTU,1997,14045.005,Europe,LTU,98.0,9.57,3696107.0,Europe,1467.6076280041796
Lithuania,LTU,1998,15202.912,Europe,LTU,98.0,9.57,3696107.0,Europe,1588.6010449320795
Lithuania,LTU,1999,15143.193,Europe,LTU,98.0,9.57,3696107.0,Europe,1582.3608150470218
Lithuania,LTU,2000,15771.427,Europe,LTU,98.0,9.57,3696107.0,Europe,1648.007001044932
Lithuania,LTU,2001,16933.023,Europe,LTU,100.0,9.57,3473008.0,Europe,1769.385893416928
Lithuania,LTU,2002,18216.545,Europe,LTU,100.0,9.57,3473008.0,Europe,1903.5052246603968
Lithuania,LTU,2003,20302.984,Europe,LTU,100.0,9.57,3473008.0,Europe,2121.5239289446185
Lithuania,LTU,2004,21867.287,Europe,LTU,100.0,9.57,3473008.0,Europe,2284.9829676071054
Lithuania,LTU,2005,23944.701,Europe,LTU,100.0,9.57,3473008.0,Europe,2502.058620689655
Lithuania,LTU,2006,26129.34,Europe,LTU,100.0,9.57,3473008.0,Europe,2730.3385579937303
Lithuania,LTU,2007,29370.773,Europe,LTU,100.0,9.57,3473008.0,Europe,3069.0462904911183
Lithuania,LTU,2008,30445.781,Europe,LTU,100.0,9.57,3473008.0,Europe,3181.3773249738765
Lithuania,LTU,2009,26217.545,Europe,LTU,100.0,9.57,3473008.0,Europe,2739.5553814002087
Lithuania,LTU,2010,26887.492,Europe,LTU,100.0,9.57,3473008.0,Europe,2809.560292580982
Lithuania,LTU,2011,29240.748,Europe,LTU,100.0,9.57,3028642.0,Europe,3055.4595611285267
Lithuania,LTU,2012,30920.33,Europe,LTU,100.0,9.57,3028642.0,Europe,3230.9644723093
Lithuania,LTU,2013,32474.64,Europe,LTU,100.0,9.57,3028642.0,Europe,3393.3793103448274
Lithuania,LTU,2014,33975.086,Europe,LTU,100.0,9.57,3028642.0,Europe,3550.1657262277954
Lithuania,LTU,2015,35251.297,Europe,LTU,100.0,12.44,2905771.0,Europe,2833.7055466237944
Lithuania,LTU,2016,36618.15,Europe,LTU,100.0,12.44,2905771.0,Europe,2943.581189710611
Lithuania,LTU,2017,38774.49,Europe,LTU,100.0,12.44,2905771.0,Europe,3116.9204180064307
Lithuania,LTU,2018,41019.79,Europe,LTU,100.0,12.44,2905771.0,Europe,3297.41077170418
Lithuania,LTU,2019,43062.324,Europe,LTU,100.0,12.44,2905771.0,Europe,3461.601607717042
Lithuania,LTU,2020,43091.797,Europe,LTU,100.0,12.5,2795766.0,Europe,3447.3437599999997
Lithuania,LTU,2021,45873.527,Europe,LTU,100.0,12.5,2795766.0,Europe,3669.88216
Lithuania,LTU,2022,46651.215,Europe,LTU,100.0,12.5,2795766.0,Europe,3732.0971999999997
Lithuania,LTU,2023,46159.707,Europe,LTU,100.0,12.5,2795766.0,Europe,3692.7765600000002
Low-Income Countries,OWID_LIC,1990,2091.577,Europe,OWID_LIC,47.39165,12.5,292663595.0,Europe,167.32616000000002
Low-Income Countries,OWID_LIC,1991,2086.3845,Europe,OWID_LIC,47.6823,12.5,300360059.0,Europe,166.91076
Low-Income Countries,OWID_LIC,1992,2042.2125,Europe,OWID_LIC,47.82185,12.5,309369865.0,Europe,163.377
Low-Income Countries,OWID_LIC,1993,1978.6189,Europe,OWID_LIC,48.03085,12.5,319277771.0,Europe,158.289512
Low-Income Countries,OWID_LIC,1994,1942.905,Europe,OWID_LIC,48.31109,12.5,328801392.0,Europe,155.4324
Low-Income Countries,OWID_LIC,1995,1981.9554,Europe,OWID_LIC,48.676,12.5,338406194.0,Europe,158.556432
Low-Income Countries,OWID_LIC,1996,2036.1765,Europe,OWID_LIC,49.04267,12.5,348513467.0,Europe,162.89412000000002
Low-Income Countries,OWID_LIC,1997,2109.07,Europe,OWID_LIC,49.73331,12.5,358535391.0,Europe,168.72560000000001
Low-Income Countries,OWID_LIC,1998,2148.3252,Europe,OWID_LIC,50.43019,12.5,368772687.0,Europe,171.86601600000003
Low-Income Countries,OWID_LIC,1999,2115.6118,Europe,OWID_LIC,50.97881,12.5,379366090.0,Europe,169.24894400000002
Low-Income Countries,OWID_LIC,2000,2100.0354,Europe,OWID_LIC,51.39866,12.5,389723485.0,Europe,168.002832
Low-Income Countries,OWID_LIC,2001,2115.2341,Europe,OWID_LIC,52.04716,12.5,400384099.0,Europe,169.218728
Low-Income Countries,OWID_LIC,2002,2172.3687,Europe,OWID_LIC,52.7164,12.5,412284807.0,Europe,173.78949599999999
Low-Income Countries,OWID_LIC,2003,2247.3982,Europe,OWID_LIC,53.11349,12.5,424679097.0,Europe,179.791856
Low-Income Countries,OWID_LIC,2004,2317.1028,Europe,OWID_LIC,53.58198,12.5,436967699.0,Europe,185.368224
Low-Income Countries,OWID_LIC,2005,2392.5898,Europe,OWID_LIC,53.99721,12.5,449724246.0,Europe,191.40718400000003
Low-Income Countries,OWID_LIC,2006,2455.3108,Europe,OWID_LIC,52.1799,12.5,463303557.0,Europe,196.424864
Low-Income Countries,OWID_LIC,2007,2534.7456,Europe,OWID_LIC,53.41816,12.5,477111736.0,Europe,202.779648
Low-Income Countries,OWID_LIC,2008,2592.9873,Europe,OWID_LIC,54.31401,12.5,490973774.0,Europe,207.43898399999998
Low-Income Countries,OWID_LIC,2009,2614.398,Europe,OWID_LIC,54.82347,12.5,505164159.0,Europe,209.15184000000002
Low-Income Countries,OWID_LIC,2010,2703.7039,Europe,OWID_LIC,55.31973,12.5,519647365.0,Europe,216.296312
Low-Income Countries,OWID_LIC,2011,2705.9165,Europe,OWID_LIC,57.35872,12.5,534392915.0,Europe,216.47331999999997
Low-Income Countries,OWID_LIC,2012,2496.4563,Europe,OWID_LIC,57.80881,12.5,549004721.0,Europe,199.716504
Low-Income Countries,OWID_LIC,2013,2414.5007,Europe,OWID_LIC,58.65501,12.5,563040135.0,Europe,193.160056
Low-Income Countries,OWID_LIC,2014,2419.5178,Europe,OWID_LIC,59.07083,12.5,577051647.0,Europe,193.56142400000002
Low-Income Countries,OWID_LIC,2015,2431.4712,Europe,OWID_LIC,59.74246,12.5,591583770.0,Europe,194.517696
Low-Income Countries,OWID_LIC,2016,2422.1921,Europe,OWID_LIC,60.4267,12.5,607210136.0,Europe,193.77536800000001
Low-Income Countries,OWID_LIC,2017,2425.2117,Europe,OWID_LIC,61.48362,12.5,623824285.0,Europe,194.016936
Low-Income Countries,OWID_LIC,2018,2432.9915,Europe,OWID_LIC,61.45404,12.5,641385698.0,Europe,194.63932
Low-Income Countries,OWID_LIC,2019,2434.319,Europe,OWID_LIC,61.52847,12.5,659875267.0,Europe,194.74552
Low-Income Countries,OWID_LIC,2020,2347.0789,Europe,OWID_LIC,61.69004,12.5,678679145.0,Europe,187.766312
Low-Income Countries,OWID_LIC,2021,2301.291,Europe,OWID_LIC,62.18141,12.5,697273071.0,Europe,184.10328
Low-Income Countries,OWID_LIC,2022,2312.3845,Europe,OWID_LIC,62.63246,12.5,715844683.0,Europe,184.99076000000002
Low-Income Countries,OWID_LIC,2023,2245.1287,Europe,OWID_LIC,63.03853,12.5,735385966.0,Europe,179.610296
Lower-Middle-Income Countries,OWID_LMC,1990,3015.438,Europe,OWID_LMC,52.8069,12.5,1711864220.0,Europe,241.23504
Lower-Middle-Income Countries,OWID_LMC,1991,3003.4285,Europe,OWID_LMC,53.51564,12.5,1752608523.0,Europe,240.27428
Lower-Middle-Income Countries,OWID_LMC,1992,3050.2703,Europe,OWID_LMC,54.40485,12.5,1793067376.0,Europe,244.021624
Lower-Middle-Income Countries,OWID_LMC,1993,3055.9973,Europe,OWID_LMC,55.26998,12.5,1833937911.0,Europe,244.479784
Lower-Middle-Income Countries,OWID_LMC,1994,3115.1677,Europe,OWID_LMC,56.08274,12.5,1874934474.0,Europe,249.213416
Lower-Middle-Income Countries,OWID_LMC,1995,3212.7397,Europe,OWID_LMC,56.85776,12.5,1916258972.0,Europe,257.019176
Lower-Middle-Income Countries,OWID_LMC,1996,3347.0972,Europe,OWID_LMC,57.63437,12.5,1957849353.0,Europe,267.767776
Lower-Middle-Income Countries,OWID_LMC,1997,3411.546,Europe,OWID_LMC,58.41293,12.5,1999733954.0,Europe,272.92368
Lower-Middle-Income Countries,OWID_LMC,1998,3500.263,Europe,OWID_LMC,61.84885,12.5,2042077792.0,Europe,280.02103999999997
Lower-Middle-Income Countries,OWID_LMC,1999,3626.8872,Europe,OWID_LMC,62.59148,12.5,2084331968.0,Europe,290.150976
Lower-Middle-Income Countries,OWID_LMC,2000,3707.9395,Europe,OWID_LMC,62.80231,12.5,2126916405.0,Europe,296.63516
Lower-Middle-Income Countries,OWID_LMC,2001,3796.1543,Europe,OWID_LMC,63.52992,12.5,2169845903.0,Europe,303.692344
Lower-Middle-Income Countries,OWID_LMC,2002,3892.3313,Europe,OWID_LMC,64.24833,12.5,2211922405.0,Europe,311.386504
Lower-Middle-Income Countries,OWID_LMC,2003,4053.374,Europe,OWID_LMC,65.29472,12.5,2253565571.0,Europe,324.26991999999996
Lower-Middle-Income Countries,OWID_LMC,2004,4263.3096,Europe,OWID_LMC,65.99687,12.5,2295613093.0,Europe,341.06476799999996
Lower-Middle-Income Countries,OWID_LMC,2005,4473.2188,Europe,OWID_LMC,65.78602,12.5,2337232229.0,Europe,357.85750399999995
Lower-Middle-Income Countries,OWID_LMC,2006,4707.42,Europe,OWID_LMC,65.76852,12.5,2379086325.0,Europe,376.5936
Lower-Middle-Income Countries,OWID_LMC,2007,4946.4395,Europe,OWID_LMC,66.29194,12.5,2421832593.0,Europe,395.71516
Lower-Middle-Income Countries,OWID_LMC,2008,5080.3003,Europe,OWID_LMC,66.94372,12.5,2464297892.0,Europe,406.424024
Lower-Middle-Income Countries,OWID_LMC,2009,5301.5405,Europe,OWID_LMC,67.63524,12.5,2507036280.0,Europe,424.12324
Lower-Middle-Income Countries,OWID_LMC,2010,5575.538,Europe,OWID_LMC,69.50833,12.5,2550520230.0,Europe,446.04303999999996
Lower-Middle-Income Countries,OWID_LMC,2011,5746.0674,Europe,OWID_LMC,69.80986,12.5,2594096178.0,Europe,459.685392
Lower-Middle-Income Countries,OWID_LMC,2012,5944.4634,Europe,OWID_LMC,70.25576,12.5,2637381315.0,Europe,475.55707199999995
Lower-Middle-Income Countries,OWID_LMC,2013,6183.676,Europe,OWID_LMC,71.1596,12.5,2680848784.0,Europe,494.69408000000004
Lower-Middle-Income Countries,OWID_LMC,2014,6464.03,Europe,OWID_LMC,71.89687,12.5,2724066420.0,Europe,517.1224
Lower-Middle-Income Countries,OWID_LMC,2015,6755.226,Europe,OWID_LMC,72.98467,12.5,2765984952.0,Europe,540.4180799999999
Lower-Middle-Income Countries,OWID_LMC,2016,7049.0415,Europe,OWID_LMC,73.734,12.5,2807490854.0,Europe,563.92332
Lower-Middle-Income Countries,OWID_LMC,2017,7334.511,Europe,OWID_LMC,74.26711,12.5,2848767185.0,Europe,586.76088
Lower-Middle-Income Countries,OWID_LMC,2018,7635.979,Europe,OWID_LMC,75.07314,12.5,2889324239.0,Europe,610.87832
Lower-Middle-Income Countries,OWID_LMC,2019,7843.6367,Europe,OWID_LMC,75.24551,12.5,2929401303.0,Europe,627.490936
Lower-Middle-Income Countries,OWID_LMC,2020,7439.8076,Europe,OWID_LMC,75.8803,12.5,2969245757.0,Europe,595.184608
Lower-Middle-Income Countries,OWID_LMC,2021,7837.433,Europe,OWID_LMC,76.48823,12.5,3007019418.0,Europe,626.99464
Lower-Middle-Income Countries,OWID_LMC,2022,8238.695,Europe,OWID_LMC,77.08264,12.5,3044254723.0,Europe,659.0956
Lower-Middle-Income Countries,OWID_LMC,2023,8649.748,Europe,OWID_LMC,77.63182,12.5,3083154885.0,Europe,691.97984
Luxembourg,LUX,1990,81450.57,Europe,LUX,96.5,9.24,381707.0,Europe,8814.996753246754
Luxembourg,LUX,1991,87313.72,Europe,LUX,96.5,9.24,381707.0,Europe,9449.536796536797
Luxembourg,LUX,1992,87729.4,Europe,LUX,96.5,9.24,381707.0,Europe,9494.52380952381
Luxembourg,LUX,1993,90195.664,Europe,LUX,96.5,9.24,381707.0,Europe,9761.435497835499
Luxembourg,LUX,1994,92375.36,Europe,LUX,96.5,9.24,381707.0,Europe,9997.333333333334
Luxembourg,LUX,1995,92391.34,Europe,LUX,96.5,9.57,408237.0,Europe,9654.267502612329
Luxembourg,LUX,1996,92416.516,Europe,LUX,96.5,9.57,408237.0,Europe,9656.898223615464
Luxembourg,LUX,1997,96211.734,Europe,LUX,96.5,9.57,408237.0,Europe,10053.472727272727
Luxembourg,LUX,1998,101364.67,Europe,LUX,96.5,9.57,408237.0,Europe,10591.919540229885
Luxembourg,LUX,1999,108180.41,Europe,LUX,96.5,9.57,408237.0,Europe,11304.118077324974
Luxembourg,LUX,2000,114141.586,Europe,LUX,96.5,9.92,436142.0,Europe,11506.208266129031
Luxembourg,LUX,2001,116258.43,Europe,LUX,96.5,9.92,436142.0,Europe,11719.599798387097
Luxembourg,LUX,2002,118757.53,Europe,LUX,96.5,9.92,436142.0,Europe,11971.525201612903
Luxembourg,LUX,2003,120396.26,Europe,LUX,96.5,9.92,436142.0,Europe,12136.719758064515
Luxembourg,LUX,2004,123720.26,Europe,LUX,96.5,9.92,436142.0,Europe,12471.800403225807
Luxembourg,LUX,2005,124866.86,Europe,LUX,96.5,10.59,465369.0,Europe,11791.016052880075
Luxembourg,LUX,2006,130284.97,Europe,LUX,96.5,10.59,465369.0,Europe,12302.641170915958
Luxembourg,LUX,2007,138677.97,Europe,LUX,96.5,10.59,465369.0,Europe,13095.181303116147
Luxembourg,LUX,2008,135812.22,Europe,LUX,96.5,10.59,465369.0,Europe,12824.57223796034
Luxembourg,LUX,2009,129002.24,Europe,LUX,96.5,10.59,465369.0,Europe,12181.514636449481
Luxembourg,LUX,2010,131432.06,Europe,LUX,96.5,11.33,507418.0,Europe,11600.358340688437
Luxembourg,LUX,2011,129885.37,Europe,LUX,96.5,11.33,507418.0,Europe,11463.845542806708
Luxembourg,LUX,2012,128895.41,Europe,LUX,96.5,11.33,507418.0,Europe,11376.470432480142
Luxembourg,LUX,2013,129945.45,Europe,LUX,96.5,11.33,507418.0,Europe,11469.14827890556
Luxembourg,LUX,2014,130247.664,Europe,LUX,96.5,11.33,507418.0,Europe,11495.822065313328
Luxembourg,LUX,2015,130097.26,Europe,LUX,96.5,11.41,569540.0,Europe,11402.03856266433
Luxembourg,LUX,2016,133661.66,Europe,LUX,96.5,11.41,569540.0,Europe,11714.43120070114
Luxembourg,LUX,2017,132169.83,Europe,LUX,96.5,11.41,569540.0,Europe,11583.683610867658
Luxembourg,LUX,2018,131733.89,Europe,LUX,96.5,11.41,569540.0,Europe,11545.476774758985
Luxembourg,LUX,2019,132724.75,Europe,LUX,96.5,11.41,569540.0,Europe,11632.318141980719
Luxembourg,LUX,2020,129865.63,Europe,LUX,96.5,11.53,630597.0,Europe,11263.28100607112
Luxembourg,LUX,2021,136772.44,Europe,LUX,96.5,11.53,630597.0,Europe,11862.310494362533
Luxembourg,LUX,2022,132570.83,Europe,LUX,96.5,11.53,630597.0,Europe,11497.903729401562
Luxembourg,LUX,2023,130048.92,Europe,LUX,96.5,11.53,630597.0,Europe,11279.177797051172
Macao,MAC,1990,55300.746,Asia,MAC,90.0,11.53,252516.0,Asia,4796.248568950564
Macao,MAC,1991,54602.055,Asia,MAC,90.0,11.53,252516.0,Asia,4735.650910667823
Macao,MAC,1992,58652.79,Asia,MAC,90.0,11.53,252516.0,Asia,5086.972246313964
Macao,MAC,1993,59589.977,Asia,MAC,90.0,11.53,252516.0,Asia,5168.254726799653
Macao,MAC,1994,60120.66,Asia,MAC,90.0,11.53,252516.0,Asia,5214.281006071119
Macao,MAC,1995,60205.707,Asia,MAC,90.0,11.53,252516.0,Asia,5221.657155247181
Macao,MAC,1996,59115.234,Asia,MAC,90.0,11.53,252516.0,Asia,5127.0801387684305
Macao,MAC,1997,58639.523,Asia,MAC,90.0,11.53,252516.0,Asia,5085.821595836947
Macao,MAC,1998,55296.5,Asia,MAC,90.0,11.53,252516.0,Asia,4795.880312228968
Macao,MAC,1999,53348.01,Asia,MAC,90.0,11.53,252516.0,Asia,4626.887250650478
Macao,MAC,2000,55994.76,Asia,MAC,90.0,11.53,252516.0,Asia,4856.440589765829
Macao,MAC,2001,57173.86,Asia,MAC,91.0,11.53,445121.0,Asia,4958.704249783174
Macao,MAC,2002,61625.957,Asia,MAC,91.0,11.53,445121.0,Asia,5344.835819601041
Macao,MAC,2003,67994.78,Asia,MAC,91.0,11.53,445121.0,Asia,5897.205550737208
Macao,MAC,2004,84004.45,Asia,MAC,91.0,11.53,445121.0,Asia,7285.728534258456
Macao,MAC,2005,87185.52,Asia,MAC,91.0,11.53,445121.0,Asia,7561.623590633132
Macao,MAC,2006,93828.32,Asia,MAC,93.0,11.53,508752.0,Asia,8137.755420641805
Macao,MAC,2007,102879.64,Asia,MAC,93.0,11.53,508752.0,Asia,8922.778837814398
Macao,MAC,2008,102474.67,Asia,MAC,93.0,11.53,508752.0,Asia,8887.655680832611
Macao,MAC,2009,104911.14,Asia,MAC,93.0,11.53,508752.0,Asia,9098.971379011275
Macao,MAC,2010,130758.28,Asia,MAC,93.0,11.53,508752.0,Asia,11340.70078057242
Macao,MAC,2011,155385.33,Asia,MAC,96.0,11.53,575644.0,Asia,13476.61144839549
Macao,MAC,2012,164239.27,Asia,MAC,96.0,11.53,575644.0,Asia,14244.51604509974
Macao,MAC,2013,174569.52,Asia,MAC,96.0,11.53,575644.0,Asia,15140.461405030355
Macao,MAC,2014,162813.44,Asia,MAC,96.0,11.53,575644.0,Asia,14120.85342584562
Macao,MAC,2015,123194.07,Asia,MAC,96.0,10.56,622185.0,Asia,11666.105113636364
Macao,MAC,2016,120530.055,Asia,MAC,97.0,10.56,634317.0,Asia,11413.83096590909
Macao,MAC,2017,133322.62,Asia,MAC,97.0,10.56,634317.0,Asia,12625.248106060604
Macao,MAC,2018,139541.16,Asia,MAC,97.0,10.56,634317.0,Asia,13214.125
Macao,MAC,2019,133453.89,Asia,MAC,97.0,10.56,634317.0,Asia,12637.678977272728
Macao,MAC,2020,59662.484,Asia,MAC,97.0,10.97,683069.0,Asia,5438.694986326344
Macao,MAC,2021,73374.445,Asia,MAC,97.0,10.97,683069.0,Asia,6688.645852324522
Macao,MAC,2022,59921.44,Asia,MAC,97.0,10.97,683069.0,Asia,5462.300820419326
Macao,MAC,2023,104815.2,Asia,MAC,97.0,10.97,683069.0,Asia,9554.712853236098
Madagascar,MDG,1990,1968.2723,Africa,MDG,32.5,10.97,3956077.0,Africa,179.4231814038286
Madagascar,MDG,1991,1789.8417,Africa,MDG,32.5,10.97,3956077.0,Africa,163.15785779398357
Madagascar,MDG,1992,1757.2946,Africa,MDG,32.5,10.97,3956077.0,Africa,160.1909389243391
Madagascar,MDG,1993,1740.2952,Africa,MDG,32.5,10.97,3956077.0,Africa,158.64131267092068
Madagascar,MDG,1994,1686.3419,Africa,MDG,32.5,10.97,3956077.0,Africa,153.72305378304466
Madagascar,MDG,1995,1661.2706,Africa,MDG,32.5,10.97,3956077.0,Africa,151.43761166818595
Madagascar,MDG,1996,1643.3258,Africa,MDG,32.5,10.97,3956077.0,Africa,149.80180492251594
Madagascar,MDG,1997,1649.4481,Africa,MDG,32.5,10.97,3956077.0,Africa,150.3598997265269
Madagascar,MDG,1998,1658.8885,Africa,MDG,32.5,10.97,3956077.0,Africa,151.2204649042844
Madagascar,MDG,1999,1681.3594,Africa,MDG,32.5,10.97,3956077.0,Africa,153.26886052871467
Madagascar,MDG,2000,1701.4432,Africa,MDG,71.0,10.97,16516336.0,Africa,155.09965360072925
Madagascar,MDG,2001,1748.5035,Africa,MDG,71.0,10.97,16516336.0,Africa,159.38956244302642
Madagascar,MDG,2002,1486.4343,Africa,MDG,71.0,10.97,16516336.0,Africa,135.499936189608
Madagascar,MDG,2003,1584.7493,Africa,MDG,71.0,10.97,16516336.0,Africa,144.46210574293528
Madagascar,MDG,2004,1620.1195,Africa,MDG,71.0,10.97,16516336.0,Africa,147.68637192342752
Madagascar,MDG,2005,1648.1763,Africa,MDG,59.0,10.97,19159711.0,Africa,150.24396536007293
Madagascar,MDG,2006,1686.8634,Africa,MDG,59.0,10.97,19159711.0,Africa,153.77059252506837
Madagascar,MDG,2007,1731.6176,Africa,MDG,59.0,10.97,19159711.0,Africa,157.85028258887874
Madagascar,MDG,2008,1794.4023,Africa,MDG,59.0,10.97,19159711.0,Africa,163.57359161349132
Madagascar,MDG,2009,1673.1555,Africa,MDG,59.0,10.97,19159711.0,Africa,152.52101185050137
Madagascar,MDG,2010,1635.2451,Africa,MDG,59.0,10.97,19159711.0,Africa,149.0651868732908
Madagascar,MDG,2011,1614.5514,Africa,MDG,59.0,10.97,19159711.0,Africa,147.1787967183227
Madagascar,MDG,2012,1617.7908,Africa,MDG,72.0,10.97,23462444.0,Africa,147.47409298085688
Madagascar,MDG,2013,1610.6023,Africa,MDG,72.0,10.97,23462444.0,Africa,146.81880583409298
Madagascar,MDG,2014,1620.3579,Africa,MDG,72.0,10.97,23462444.0,Africa,147.70810391978122
Madagascar,MDG,2015,1627.5806,Africa,MDG,72.0,10.97,23462444.0,Africa,148.36650865998175
Madagascar,MDG,2016,1648.9122,Africa,MDG,72.0,10.97,23462444.0,Africa,150.3110483135825
Madagascar,MDG,2017,1669.7277,Africa,MDG,72.0,10.97,23462444.0,Africa,152.20854147675476
Madagascar,MDG,2018,1678.7863,Africa,MDG,77.0,10.97,27494930.0,Africa,153.03430264357337
Madagascar,MDG,2019,1707.8315,Africa,MDG,77.0,10.97,27494930.0,Africa,155.6819963536919
Madagascar,MDG,2020,1545.7272,Africa,MDG,77.0,10.97,27494930.0,Africa,140.90494074749316
Madagascar,MDG,2021,1577.4325,Africa,MDG,74.68614,10.97,29691087.0,Africa,143.7951230628988
Madagascar,MDG,2022,1602.7136,Africa,MDG,74.68614,10.97,29691087.0,Africa,146.09969006381039
Madagascar,MDG,2023,1629.4609,Africa,MDG,74.68614,10.97,29691087.0,Africa,148.5379124886053
Malawi,MWI,1990,1047.4644,Africa,MWI,49.0,3.14,9545860.0,Africa,333.58738853503183
Malawi,MWI,1991,1104.3905,Africa,MWI,49.0,3.14,9545860.0,Africa,351.7167197452229
Malawi,MWI,1992,994.0365,Africa,MWI,49.0,3.14,9545860.0,Africa,316.5721337579618
Malawi,MWI,1993,1074.5848,Africa,MWI,49.0,3.14,9545860.0,Africa,342.22445859872613
Malawi,MWI,1994,975.8497,Africa,MWI,49.0,3.14,9545860.0,Africa,310.78015923566875
Malawi,MWI,1995,1140.7561,Africa,MWI,49.0,3.3,10150122.0,Africa,345.6836666666667
Malawi,MWI,1996,1200.3206,Africa,MWI,49.0,3.3,10150122.0,Africa,363.7335151515152
Malawi,MWI,1997,1221.094,Africa,MWI,49.0,3.3,10150122.0,Africa,370.0284848484849
Malawi,MWI,1998,1241.5243,Africa,MWI,64.0,3.3,10792877.0,Africa,376.21948484848485
Malawi,MWI,1999,1249.7753,Africa,MWI,64.0,3.3,10792877.0,Africa,378.7197878787879
Malawi,MWI,2000,1239.3917,Africa,MWI,64.0,3.73,11315947.0,Africa,332.2765951742627
Malawi,MWI,2001,1149.5804,Africa,MWI,64.0,3.73,11315947.0,Africa,308.19849865951744
Malawi,MWI,2002,1140.8428,Africa,MWI,64.0,3.73,11315947.0,Africa,305.85597855227877
Malawi,MWI,2003,1176.1239,Africa,MWI,64.0,3.73,11315947.0,Africa,315.31471849865954
Malawi,MWI,2004,1208.2197,Africa,MWI,64.0,3.73,11315947.0,Africa,323.919490616622
Malawi,MWI,2005,1214.7427,Africa,MWI,64.0,4.67,12840034.0,Africa,260.11620985010705
Malawi,MWI,2006,1237.2739,Africa,MWI,64.0,4.67,12840034.0,Africa,264.94087794432545
Malawi,MWI,2007,1318.3319,Africa,MWI,64.0,4.67,12840034.0,Africa,282.29805139186294
Malawi,MWI,2008,1378.4288,Africa,MWI,64.0,4.67,12840034.0,Africa,295.16676659528906
Malawi,MWI,2009,1449.7261,Africa,MWI,64.0,4.67,12840034.0,Africa,310.43385438972166
Malawi,MWI,2010,1504.3751,Africa,MWI,64.0,5.01,14826466.0,Africa,300.2744710578842
Malawi,MWI,2011,1533.2289,Africa,MWI,64.0,5.01,14826466.0,Africa,306.0337125748503
Malawi,MWI,2012,1518.1481,Africa,MWI,64.0,5.01,14826466.0,Africa,303.02357285429144
Malawi,MWI,2013,1555.5061,Africa,MWI,64.0,5.01,14826466.0,Africa,310.48025948103793
Malawi,MWI,2014,1597.5648,Africa,MWI,64.0,5.01,14826466.0,Africa,318.8752095808384
Malawi,MWI,2015,1597.6914,Africa,MWI,64.0,4.86,17085587.0,Africa,328.74308641975307
Malawi,MWI,2016,1593.5955,Africa,MWI,64.0,4.86,17085587.0,Africa,327.90030864197524
Malawi,MWI,2017,1613.0593,Africa,MWI,64.0,4.86,17085587.0,Africa,331.90520576131684
Malawi,MWI,2018,1638.9166,Africa,MWI,64.0,4.86,17085587.0,Africa,337.22563786008226
Malawi,MWI,2019,1687.2894,Africa,MWI,64.0,4.86,17085587.0,Africa,347.1788888888888
Malawi,MWI,2020,1656.4398,Africa,MWI,70.15227,5.41,19533885.0,Africa,306.1811090573013
Malawi,MWI,2021,1687.5936,Africa,MWI,70.15227,5.41,19533885.0,Africa,311.9396672828096
Malawi,MWI,2022,1659.9594,Africa,MWI,70.15227,5.41,19533885.0,Africa,306.8316820702403
Malawi,MWI,2023,1649.2987,Africa,MWI,70.15227,5.41,19533885.0,Africa,304.86112754158967
Malaysia,MYS,1990,12013.697,Asia,MYS,70.0,8.01,17833179.0,Asia,1499.8373283395756
Malaysia,MYS,1991,12795.05,Asia,MYS,83.0,8.01,18342474.0,Asia,1597.3845193508114
Malaysia,MYS,1992,13567.894,Asia,MYS,83.0,8.01,18342474.0,Asia,1693.8694132334583
Malaysia,MYS,1993,14533.79,Asia,MYS,83.0,8.01,18342474.0,Asia,1814.4556803995008
Malaysia,MYS,1994,15474.015,Asia,MYS,83.0,8.01,18342474.0,Asia,1931.8370786516853
Malaysia,MYS,1995,16568.516,Asia,MYS,83.0,8.66,20330602.0,Asia,1913.223556581986
Malaysia,MYS,1996,17771.71,Asia,MYS,83.0,8.66,20330602.0,Asia,2052.160508083141
Malaysia,MYS,1997,18604.514,Asia,MYS,83.0,8.66,20330602.0,Asia,2148.3272517321016
Malaysia,MYS,1998,16817.172,Asia,MYS,83.0,8.66,20330602.0,Asia,1941.9367205542724
Malaysia,MYS,1999,17428.625,Asia,MYS,83.0,8.66,20330602.0,Asia,2012.5433025404157
Malaysia,MYS,2000,18532.91,Asia,MYS,89.0,9.49,22967817.0,Asia,1952.8883034773446
Malaysia,MYS,2001,18186.441,Asia,MYS,89.0,9.49,22967817.0,Asia,1916.3794520547945
Malaysia,MYS,2002,18708.87,Asia,MYS,89.0,9.49,22967817.0,Asia,1971.4299262381453
Malaysia,MYS,2003,19329.006,Asia,MYS,89.0,9.49,22967817.0,Asia,2036.7761854583773
Malaysia,MYS,2004,20168.506,Asia,MYS,89.0,9.49,22967817.0,Asia,2125.237723919916
Malaysia,MYS,2005,20767.586,Asia,MYS,89.0,10.16,25836075.0,Asia,2044.0537401574802
Malaysia,MYS,2006,21444.486,Asia,MYS,89.0,10.16,25836075.0,Asia,2110.6777559055117
Malaysia,MYS,2007,22305.12,Asia,MYS,89.0,10.16,25836075.0,Asia,2195.3858267716532
Malaysia,MYS,2008,22898.002,Asia,MYS,89.0,10.16,25836075.0,Asia,2253.7403543307087
Malaysia,MYS,2009,22106.643,Asia,MYS,89.0,10.16,25836075.0,Asia,2175.850688976378
Malaysia,MYS,2010,23307.97,Asia,MYS,93.0,10.89,28655772.0,Asia,2140.309458218549
Malaysia,MYS,2011,24115.818,Asia,MYS,93.0,10.89,28655772.0,Asia,2214.4920110192834
Malaysia,MYS,2012,25006.36,Asia,MYS,93.0,10.89,28655772.0,Asia,2296.2681359044996
Malaysia,MYS,2013,25736.354,Asia,MYS,93.0,10.89,28655772.0,Asia,2363.3015610651973
Malaysia,MYS,2014,26818.432,Asia,MYS,93.0,10.89,28655772.0,Asia,2462.66593204775
Malaysia,MYS,2015,27699.627,Asia,MYS,93.0,11.49,31232796.0,Asia,2410.7595300261096
Malaysia,MYS,2016,28425.371,Asia,MYS,95.0,11.49,31789692.0,Asia,2473.922628372498
Malaysia,MYS,2017,29551.545,Asia,MYS,95.0,11.49,32355642.0,Asia,2571.9360313315924
Malaysia,MYS,2018,30459.965,Asia,MYS,95.0,11.49,32910963.0,Asia,2650.997824194952
Malaysia,MYS,2019,31300.508,Asia,MYS,95.0,11.49,33440590.0,Asia,2724.152132288947
Malaysia,MYS,2020,29200.453,Asia,MYS,95.0,11.96,33889554.0,Asia,2441.509448160535
Malaysia,MYS,2021,29822.85,Asia,MYS,95.0,11.96,33889554.0,Asia,2493.5493311036785
Malaysia,MYS,2022,32129.223,Asia,MYS,96.0,11.96,34695494.0,Asia,2686.3898829431437
Malaysia,MYS,2023,32857.668,Asia,MYS,96.0,11.96,34695494.0,Asia,2747.2966555183943
Maldives,MDV,1990,8945.805,Asia,MDV,96.0,11.96,224772.0,Asia,747.9770066889632
Maldives,MDV,1991,8799.255,Asia,MDV,96.0,11.96,224772.0,Asia,735.7236622073577
Maldives,MDV,1992,9120.992,Asia,MDV,96.0,11.96,224772.0,Asia,762.6247491638795
Maldives,MDV,1993,9378.522,Asia,MDV,96.0,11.96,224772.0,Asia,784.1573578595318
Maldives,MDV,1994,9866.075,Asia,MDV,96.0,11.96,224772.0,Asia,824.9226588628762
Maldives,MDV,1995,10894.173,Asia,MDV,96.0,11.96,256660.0,Asia,910.8840301003345
Maldives,MDV,1996,11495.099,Asia,MDV,96.0,11.96,256660.0,Asia,961.1286789297658
Maldives,MDV,1997,12210.969,Asia,MDV,96.0,11.96,256660.0,Asia,1020.9840301003343
Maldives,MDV,1998,12884.723,Asia,MDV,96.0,11.96,256660.0,Asia,1077.3179765886287
Maldives,MDV,1999,13449.203,Asia,MDV,96.0,11.96,256660.0,Asia,1124.5153010033443
Maldives,MDV,2000,13738.281,Asia,MDV,96.0,11.96,282025.0,Asia,1148.6857023411371
Maldives,MDV,2001,12977.999,Asia,MDV,96.0,11.96,282025.0,Asia,1085.1169732441472
Maldives,MDV,2002,13689.807,Asia,MDV,96.0,11.96,282025.0,Asia,1144.6326923076922
Maldives,MDV,2003,15316.119,Asia,MDV,96.0,11.96,282025.0,Asia,1280.611956521739
Maldives,MDV,2004,15958.656,Asia,MDV,96.0,11.96,282025.0,Asia,1334.3357859531773
Maldives,MDV,2005,13942.875,Asia,MDV,96.0,11.96,282025.0,Asia,1165.7922240802675
Maldives,MDV,2006,16829.977,Asia,MDV,98.0,11.96,313866.0,Asia,1407.1887123745817
Maldives,MDV,2007,17439.951,Asia,MDV,98.0,11.96,313866.0,Asia,1458.1898829431439
Maldives,MDV,2008,18344.486,Asia,MDV,98.0,11.96,313866.0,Asia,1533.8198996655517
Maldives,MDV,2009,16230.009,Asia,MDV,98.0,11.96,313866.0,Asia,1357.0241638795985
Maldives,MDV,2010,16730.014,Asia,MDV,98.0,11.96,313866.0,Asia,1398.8306020066889
Maldives,MDV,2011,17581.768,Asia,MDV,98.0,11.96,313866.0,Asia,1470.047491638796
Maldives,MDV,2012,17390.148,Asia,MDV,98.0,11.96,313866.0,Asia,1454.0257525083612
Maldives,MDV,2013,17986.89,Asia,MDV,98.0,11.96,313866.0,Asia,1503.9205685618726
Maldives,MDV,2014,18765.36,Asia,MDV,99.0,11.96,413623.0,Asia,1569.010033444816
Maldives,MDV,2015,18829.447,Asia,MDV,99.0,7.57,428165.0,Asia,2487.3774108322323
Maldives,MDV,2016,19345.18,Asia,MDV,98.0,7.57,443316.0,Asia,2555.5059445178335
Maldives,MDV,2017,20036.717,Asia,MDV,94.50551,7.57,458297.0,Asia,2646.858256274769
Maldives,MDV,2018,21072.58,Asia,MDV,94.50551,7.57,458297.0,Asia,2783.6961690885073
Maldives,MDV,2019,21855.502,Asia,MDV,98.21186,7.57,487737.0,Asia,2887.1204755614267
Maldives,MDV,2020,14242.975,Asia,MDV,98.21186,8.06,502127.0,Asia,1767.1184863523572
Maldives,MDV,2021,19052.623,Asia,MDV,98.21186,8.06,502127.0,Asia,2363.8490074441684
Maldives,MDV,2022,21357.81,Asia,MDV,98.21186,8.06,502127.0,Asia,2649.852357320099
Maldives,MDV,2023,22333.047,Asia,MDV,98.21186,8.06,502127.0,Asia,2770.849503722084
Mali,MLI,1990,1890.5021,Africa,MLI,9.0,0.95,9178826.0,Africa,1990.0022105263158
Mali,MLI,1991,2087.919,Africa,MLI,9.0,0.95,9178826.0,Africa,2197.8094736842104
Mali,MLI,1992,1942.7285,Africa,MLI,9.0,0.95,9178826.0,Africa,2044.9773684210527
Mali,MLI,1993,1985.3806,Africa,MLI,9.0,0.95,9178826.0,Africa,2089.8743157894737
Mali,MLI,1994,2051.755,Africa,MLI,9.0,0.95,9178826.0,Africa,2159.742105263158
Mali,MLI,1995,2022.4038,Africa,MLI,9.0,1.07,10185368.0,Africa,1890.0970093457943
Mali,MLI,1996,2105.2754,Africa,MLI,9.0,1.07,10185368.0,Africa,1967.5471028037382
Mali,MLI,1997,2142.7876,Africa,MLI,9.0,1.07,10185368.0,Africa,2002.6052336448597
Mali,MLI,1998,2228.2004,Africa,MLI,19.0,1.07,10919577.0,Africa,2082.430280373832
Mali,MLI,1999,2269.0874,Africa,MLI,19.0,1.07,10919577.0,Africa,2120.642429906542
Mali,MLI,2000,2187.719,Africa,MLI,19.0,1.3,11559291.0,Africa,1682.8607692307692
Mali,MLI,2001,2458.4617,Africa,MLI,19.0,1.3,11559291.0,Africa,1891.1243846153843
Mali,MLI,2002,2455.6194,Africa,MLI,19.0,1.3,11559291.0,Africa,1888.9379999999999
Mali,MLI,2003,2611.837,Africa,MLI,24.0,1.3,12684951.0,Africa,2009.1053846153845
Mali,MLI,2004,2565.9775,Africa,MLI,24.0,1.3,12684951.0,Africa,1973.8288461538461
Mali,MLI,2005,2546.3328,Africa,MLI,24.0,1.81,13538648.0,Africa,1406.8137016574585
Mali,MLI,2006,2555.0747,Africa,MLI,26.0,1.81,13990143.0,Africa,1411.6434806629834
Mali,MLI,2007,2515.947,Africa,MLI,26.0,1.81,13990143.0,Africa,1390.0259668508288
Mali,MLI,2008,2523.1997,Africa,MLI,26.0,1.81,13990143.0,Africa,1394.0329834254144
Mali,MLI,2009,2575.5454,Africa,MLI,26.0,1.81,13990143.0,Africa,1422.9532596685083
Mali,MLI,2010,2632.2646,Africa,MLI,31.0,2.14,15945201.0,Africa,1230.0301869158877
Mali,MLI,2011,2623.3462,Africa,MLI,31.0,2.14,16469054.0,Africa,1225.8627102803737
Mali,MLI,2012,2520.5293,Africa,MLI,31.0,2.14,16469054.0,Africa,1177.817429906542
Mali,MLI,2013,2528.53,Africa,MLI,31.0,2.14,16469054.0,Africa,1181.556074766355
Mali,MLI,2014,2609.1672,Africa,MLI,31.0,2.14,16469054.0,Africa,1219.2370093457941
Mali,MLI,2015,2686.5605,Africa,MLI,33.0,2.78,18593022.0,Africa,966.3886690647483
Mali,MLI,2016,2759.1106,Africa,MLI,33.0,2.78,18593022.0,Africa,992.4858273381295
Mali,MLI,2017,2816.1943,Africa,MLI,33.0,2.78,18593022.0,Africa,1013.0195323741008
Mali,MLI,2018,2862.4072,Africa,MLI,35.0,2.78,20442031.0,Africa,1029.6428776978419
Mali,MLI,2019,2916.1716,Africa,MLI,35.0,2.78,20442031.0,Africa,1048.9825899280577
Mali,MLI,2020,2796.4104,Africa,MLI,35.0,3.55,21713837.0,Africa,787.7212394366198
Mali,MLI,2021,2796.228,Africa,MLI,35.0,3.55,21713837.0,Africa,787.6698591549297
Mali,MLI,2022,2813.811,Africa,MLI,35.0,3.55,21713837.0,Africa,792.6228169014086
Mali,MLI,2023,2860.4282,Africa,MLI,35.0,3.55,21713837.0,Africa,805.7544225352112
Malta,MLT,1990,18207.428,Europe,MLT,87.0,9.19,367913.0,Europe,1981.2217627856367
Malta,MLT,1991,18832.13,Europe,MLT,87.0,9.19,367913.0,Europe,2049.198041349293
Malta,MLT,1992,19513.186,Europe,MLT,87.0,9.19,367913.0,Europe,2123.306420021763
Malta,MLT,1993,20184.914,Europe,MLT,87.0,9.19,367913.0,Europe,2196.399782372144
Malta,MLT,1994,21127.064,Europe,MLT,87.0,9.19,367913.0,Europe,2298.9188248095757
Malta,MLT,1995,22310.963,Europe,MLT,88.0,10.06,384559.0,Europe,2217.7895626242544
Malta,MLT,1996,23002.21,Europe,MLT,88.0,10.06,384559.0,Europe,2286.5019880715704
Malta,MLT,1997,24028.895,Europe,MLT,88.0,10.06,384559.0,Europe,2388.5581510934394
Malta,MLT,1998,25096.875,Europe,MLT,88.0,10.06,384559.0,Europe,2494.719184890656
Malta,MLT,1999,26126.09,Europe,MLT,88.0,10.06,384559.0,Europe,2597.026838966203
Malta,MLT,2000,31066.924,Europe,MLT,88.0,10.43,399905.0,Europe,2978.612080536913
Malta,MLT,2001,30600.973,Europe,MLT,88.0,10.43,399905.0,Europe,2933.937967401726
Malta,MLT,2002,31206.271,Europe,MLT,88.0,10.43,399905.0,Europe,2991.9722914669223
Malta,MLT,2003,32146.68,Europe,MLT,88.0,10.43,399905.0,Europe,3082.1361457334615
Malta,MLT,2004,32061.572,Europe,MLT,88.0,10.43,399905.0,Europe,3073.976222435283
Malta,MLT,2005,32775.75,Europe,MLT,92.0,10.6,413324.0,Europe,3092.051886792453
Malta,MLT,2006,33419.473,Europe,MLT,92.0,10.6,413324.0,Europe,3152.780471698113
Malta,MLT,2007,34980.402,Europe,MLT,92.0,10.6,413324.0,Europe,3300.037924528302
Malta,MLT,2008,36286.375,Europe,MLT,92.0,10.6,413324.0,Europe,3423.242924528302
Malta,MLT,2009,35511.355,Europe,MLT,92.0,10.6,413324.0,Europe,3350.1278301886796
Malta,MLT,2010,37527.34,Europe,MLT,92.0,11.06,422654.0,Europe,3393.068716094032
Malta,MLT,2011,37739.445,Europe,MLT,93.0,11.06,424635.0,Europe,3412.246383363472
Malta,MLT,2012,38935.7,Europe,MLT,93.0,11.06,424635.0,Europe,3520.406871609403
Malta,MLT,2013,40919.793,Europe,MLT,93.0,11.06,424635.0,Europe,3699.8004520795657
Malta,MLT,2014,43161.543,Europe,MLT,93.0,11.06,424635.0,Europe,3902.4903254972874
Malta,MLT,2015,46170.17,Europe,MLT,93.0,11.53,444978.0,Europe,4004.3512575888985
Malta,MLT,2016,46965.6,Europe,MLT,93.0,11.53,444978.0,Europe,4073.3391153512575
Malta,MLT,2017,51626.348,Europe,MLT,93.0,11.53,444978.0,Europe,4477.567042497832
Malta,MLT,2018,53417.016,Europe,MLT,93.0,11.53,444978.0,Europe,4632.872159583695
Malta,MLT,2019,53391.438,Europe,MLT,93.0,11.53,444978.0,Europe,4630.653772766696
Malta,MLT,2020,50387.82,Europe,MLT,93.0,12.09,518212.0,Europe,4167.727047146402
Malta,MLT,2021,56852.32,Europe,MLT,93.0,12.09,518212.0,Europe,4702.425144747725
Malta,MLT,2022,56841.957,Europe,MLT,93.0,12.09,518212.0,Europe,4701.567990074442
Malta,MLT,2023,60418.395,Europe,MLT,93.0,12.09,518212.0,Europe,4997.385856079404
Marshall Islands,MHL,1990,3905.586,Oceania,MLT,93.0,12.09,518212.0,Europe,323.0426799007444
Marshall Islands,MHL,1991,3828.4636,Oceania,MLT,93.0,12.09,518212.0,Europe,316.6636559139785
Marshall Islands,MHL,1992,4029.3413,Oceania,MLT,93.0,12.09,518212.0,Europe,333.27885028949544
Marshall Islands,MHL,1993,4207.4097,Oceania,MLT,93.0,12.09,518212.0,Europe,348.0074193548387
Marshall Islands,MHL,1994,4396.9146,Oceania,MLT,93.0,12.09,518212.0,Europe,363.681935483871
Marshall Islands,MHL,1995,4703.433,Oceania,MLT,93.0,12.09,518212.0,Europe,389.0349875930521
Marshall Islands,MHL,1996,4174.814,Oceania,MLT,93.0,12.09,518212.0,Europe,345.31133167907365
Marshall Islands,MHL,1997,3867.3428,Oceania,MLT,93.0,12.09,518212.0,Europe,319.87947063689
Marshall Islands,MHL,1998,3805.887,Oceania,MLT,93.0,12.09,518212.0,Europe,314.7962779156328
Marshall Islands,MHL,1999,3718.811,Oceania,MLT,93.0,12.09,518212.0,Europe,307.59396195202646
Marshall Islands,MHL,2000,3772.2158,Oceania,MLT,93.0,12.09,518212.0,Europe,312.01123242349047
Marshall Islands,MHL,2001,4000.7305,Oceania,MLT,93.0,12.09,518212.0,Europe,330.9123655913979
Marshall Islands,MHL,2002,4121.84,Oceania,MLT,93.0,12.09,518212.0,Europe,340.92969396195207
Marshall Islands,MHL,2003,4040.655,Oceania,MLT,93.0,12.09,518212.0,Europe,334.2146401985112
Marshall Islands,MHL,2004,4012.3445,Oceania,MLT,93.0,12.09,518212.0,Europe,331.872994210091
Marshall Islands,MHL,2005,4075.1587,Oceania,MLT,93.0,12.09,518212.0,Europe,337.06854425144746
Marshall Islands,MHL,2006,4075.5764,Oceania,MLT,93.0,12.09,518212.0,Europe,337.10309346567414
Marshall Islands,MHL,2007,4222.413,Oceania,MLT,93.0,12.09,518212.0,Europe,349.24838709677414
Marshall Islands,MHL,2008,3903.3057,Oceania,MLT,93.0,12.09,518212.0,Europe,322.8540694789082
Marshall Islands,MHL,2009,4047.2268,Oceania,MLT,93.0,12.09,518212.0,Europe,334.75821339950375
Marshall Islands,MHL,2010,4269.3584,Oceania,MLT,93.0,12.09,518212.0,Europe,353.1313813068652
Marshall Islands,MHL,2011,4259.116,Oceania,MHL,98.0,12.09,51927.0,Oceania,352.2842018196857
Marshall Islands,MHL,2012,4244.0444,Oceania,MHL,98.0,12.09,51927.0,Oceania,351.03758478081056
Marshall Islands,MHL,2013,4469.8535,Oceania,MHL,98.0,12.09,51927.0,Oceania,369.71492969396195
Marshall Islands,MHL,2014,4491.9917,Oceania,MHL,98.0,12.09,51927.0,Oceania,371.5460463192721
Marshall Islands,MHL,2015,4670.1094,Oceania,MHL,98.0,12.09,51927.0,Oceania,386.2786931348222
Marshall Islands,MHL,2016,4896.522,Oceania,MHL,98.0,12.09,51927.0,Oceania,405.0059553349876
Marshall Islands,MHL,2017,5199.344,Oceania,MHL,98.0,12.09,51927.0,Oceania,430.05326716294456
Marshall Islands,MHL,2018,5635.3076,Oceania,MHL,98.0,12.09,51927.0,Oceania,466.1131182795699
Marshall Islands,MHL,2019,6405.0757,Oceania,MHL,98.0,12.09,51927.0,Oceania,529.7829363110009
Marshall Islands,MHL,2020,6417.1846,Oceania,MHL,98.0,12.09,51927.0,Oceania,530.784499586435
Marshall Islands,MHL,2021,6767.958,Oceania,MHL,98.0,12.09,51927.0,Oceania,559.7980148883374
Marshall Islands,MHL,2022,6936.865,Oceania,MHL,98.0,12.09,51927.0,Oceania,573.7688172043011
Marshall Islands,MHL,2023,6801.6147,Oceania,MHL,98.0,12.09,51927.0,Oceania,562.5818610421836
Mauritania,MRT,1990,5519.6104,Africa,MTQ,93.0,12.09,335051.0,North America,456.54345740281224
Mauritania,MRT,1991,5456.5557,Africa,MTQ,93.0,12.09,335051.0,North America,451.32801488833746
Mauritania,MRT,1992,5350.118,Africa,MTQ,93.0,12.09,335051.0,North America,442.52423490488013
Mauritania,MRT,1993,5439.8223,Africa,MTQ,93.0,12.09,335051.0,North America,449.94394540942926
Mauritania,MRT,1994,5097.2085,Africa,MTQ,93.0,12.09,335051.0,North America,421.60533498759304
Mauritania,MRT,1995,5446.2695,Africa,MTQ,93.0,12.09,335051.0,North America,450.4772125723739
Mauritania,MRT,1996,5650.3413,Africa,MTQ,93.0,12.09,335051.0,North America,467.3566004962779
Mauritania,MRT,1997,5302.3667,Africa,MTQ,93.0,12.09,335051.0,North America,438.57458229942097
Mauritania,MRT,1998,5310.158,Africa,MTQ,93.0,12.09,335051.0,North America,439.21902398676593
Mauritania,MRT,1999,5359.989,Africa,MTQ,93.0,12.09,335051.0,North America,443.34069478908185
Mauritania,MRT,2000,5008.608,Africa,MRT,51.0,12.09,2613450.0,Africa,414.2769230769231
Mauritania,MRT,2001,4847.4106,Africa,MRT,51.0,12.09,2613450.0,Africa,400.9438047973532
Mauritania,MRT,2002,4806.8984,Africa,MRT,51.0,12.09,2613450.0,Africa,397.59291976840365
Mauritania,MRT,2003,5023.6523,Africa,MRT,51.0,12.09,2613450.0,Africa,415.521282051282
Mauritania,MRT,2004,5139.2256,Africa,MRT,51.0,12.09,2613450.0,Africa,425.08069478908186
Mauritania,MRT,2005,5445.8296,Africa,MRT,51.0,12.09,2613450.0,Africa,450.4408271298594
Mauritania,MRT,2006,6284.702,Africa,MRT,51.0,12.09,2613450.0,Africa,519.8264681555005
Mauritania,MRT,2007,6002.7783,Africa,MRT,51.0,12.09,2613450.0,Africa,496.5077171215881
Mauritania,MRT,2008,5813.356,Africa,MRT,51.0,12.09,2613450.0,Africa,480.84003308519436
Mauritania,MRT,2009,5639.7876,Africa,MRT,51.0,12.09,2613450.0,Africa,466.4836724565757
Mauritania,MRT,2010,5605.7637,Africa,MRT,51.0,12.09,2613450.0,Africa,463.66945409429286
Mauritania,MRT,2011,5653.2173,Africa,MRT,51.0,12.09,2613450.0,Africa,467.5944830438379
Mauritania,MRT,2012,5716.252,Africa,MRT,51.0,12.09,2613450.0,Africa,472.8082712985939
Mauritania,MRT,2013,5769.7285,Africa,MRT,62.0,12.09,3734324.0,Africa,477.2314722911497
Mauritania,MRT,2014,5837.852,Africa,MRT,62.0,12.09,3734324.0,Africa,482.866170388751
Mauritania,MRT,2015,5969.5425,Africa,MRT,65.11202,5.1,3965959.0,Africa,1170.4985294117646
Mauritania,MRT,2016,5866.2812,Africa,MRT,65.11202,5.1,3965959.0,Africa,1150.2512156862747
Mauritania,MRT,2017,6050.6216,Africa,MRT,65.11202,5.1,3965959.0,Africa,1186.396392156863
Mauritania,MRT,2018,6153.6377,Africa,MRT,65.11202,5.1,3965959.0,Africa,1206.5956274509806
Mauritania,MRT,2019,6162.2104,Africa,MRT,65.11202,5.1,3965959.0,Africa,1208.276549019608
Mauritania,MRT,2020,5963.2354,Africa,MRT,59.52966,5.55,4600136.0,Africa,1074.4568288288287
Mauritania,MRT,2021,5836.566,Africa,MRT,59.52966,5.55,4600136.0,Africa,1051.6335135135134
Mauritania,MRT,2022,6053.2617,Africa,MRT,59.52966,5.55,4600136.0,Africa,1090.6777837837838
Mauritania,MRT,2023,6276.475,Africa,MRT,59.52966,5.55,4600136.0,Africa,1130.8963963963965
Mauritius,MUS,1990,9058.666,Africa,MUS,80.0,6.85,1089033.0,Africa,1322.43299270073
Mauritius,MUS,1991,9358.886,Africa,MUS,80.0,6.85,1089033.0,Africa,1366.2607299270073
Mauritius,MUS,1992,9838.103,Africa,MUS,80.0,6.85,1089033.0,Africa,1436.219416058394
Mauritius,MUS,1993,10216.242,Africa,MUS,80.0,6.85,1089033.0,Africa,1491.422189781022
Mauritius,MUS,1994,10490.889,Africa,MUS,80.0,6.85,1089033.0,Africa,1531.5166423357664
Mauritius,MUS,1995,10847.03,Africa,MUS,80.0,7.07,1159824.0,Africa,1534.2333804809052
Mauritius,MUS,1996,11336.6045,Africa,MUS,80.0,7.07,1159824.0,Africa,1603.480127298444
Mauritius,MUS,1997,11832.288,Africa,MUS,80.0,7.07,1159824.0,Africa,1673.5909476661952
Mauritius,MUS,1998,12419.468,Africa,MUS,80.0,7.07,1159824.0,Africa,1756.6432814710042
Mauritius,MUS,1999,12582.752,Africa,MUS,80.0,7.07,1159824.0,Africa,1779.738613861386
Mauritius,MUS,2000,13481.754,Africa,MUS,84.0,7.07,1216632.0,Africa,1906.8958981612448
Mauritius,MUS,2001,13823.417,Africa,MUS,84.0,7.07,1216632.0,Africa,1955.221640735502
Mauritius,MUS,2002,13949.475,Africa,MUS,84.0,7.07,1216632.0,Africa,1973.0516265912306
Mauritius,MUS,2003,14669.5,Africa,MUS,84.0,7.07,1216632.0,Africa,2074.893917963225
Mauritius,MUS,2004,15209.017,Africa,MUS,84.0,7.07,1216632.0,Africa,2151.204667609618
Mauritius,MUS,2005,15387.98,Africa,MUS,84.0,8.16,1257215.0,Africa,1885.781862745098
Mauritius,MUS,2006,16061.603,Africa,MUS,84.0,8.16,1257215.0,Africa,1968.333700980392
Mauritius,MUS,2007,16904.275,Africa,MUS,84.0,8.16,1257215.0,Africa,2071.602328431373
Mauritius,MUS,2008,17750.594,Africa,MUS,84.0,8.16,1257215.0,Africa,2175.317892156863
Mauritius,MUS,2009,18290.406,Africa,MUS,84.0,8.16,1257215.0,Africa,2241.4713235294116
Mauritius,MUS,2010,19045.654,Africa,MUS,84.0,9.44,1282710.0,Africa,2017.5480932203388
Mauritius,MUS,2011,19790.53,Africa,MUS,89.0,9.44,1286270.0,Africa,2096.4544491525426
Mauritius,MUS,2012,20425.707,Africa,MUS,92.0,9.44,1289174.0,Africa,2163.740148305085
Mauritius,MUS,2013,21061.03,Africa,MUS,91.0,9.44,1290988.0,Africa,2231.041313559322
Mauritius,MUS,2014,21827.48,Africa,MUS,92.0,9.44,1292006.0,Africa,2312.233050847458
Mauritius,MUS,2015,22603.088,Africa,MUS,93.0,9.9,1292283.0,Africa,2283.1402020202017
Mauritius,MUS,2016,23460.002,Africa,MUS,93.0,9.9,1291807.0,Africa,2369.697171717172
Mauritius,MUS,2017,24361.875,Africa,MUS,93.0,9.9,1291807.0,Africa,2460.7954545454545
Mauritius,MUS,2018,25324.178,Africa,MUS,93.0,9.9,1291807.0,Africa,2557.9977777777776
Mauritius,MUS,2019,26047.975,Africa,MUS,93.0,9.9,1291807.0,Africa,2631.1085858585857
Mauritius,MUS,2020,22258.387,Africa,MUS,93.0,10.4,1283231.0,Africa,2140.2295192307693
Mauritius,MUS,2021,23010.201,Africa,MUS,93.0,10.4,1283231.0,Africa,2212.5193269230767
Mauritius,MUS,2022,25085.988,Africa,MUS,93.0,10.4,1283231.0,Africa,2412.1142307692307
Mauritius,MUS,2023,26635.012,Africa,MUS,93.0,10.4,1283231.0,Africa,2561.058846153846
Mexico,MEX,1990,17169.592,North America,MEX,88.0,6.68,82820170.0,North America,2570.2982035928144
Mexico,MEX,1991,17511.73,North America,MEX,88.0,6.68,82820170.0,North America,2621.5164670658683
Mexico,MEX,1992,17796.406,North America,MEX,88.0,6.68,82820170.0,North America,2664.132634730539
Mexico,MEX,1993,17970.588,North America,MEX,88.0,6.68,82820170.0,North America,2690.207784431138
Mexico,MEX,1994,18422.82,North America,MEX,88.0,6.68,82820170.0,North America,2757.907185628743
Mexico,MEX,1995,17028.121,North America,MEX,88.0,7.37,90862449.0,North America,2310.4641791044774
Mexico,MEX,1996,17775.873,North America,MEX,88.0,7.37,90862449.0,North America,2411.9230664857528
Mexico,MEX,1997,18737.643,North America,MEX,88.0,7.37,90862449.0,North America,2542.4210312075984
Mexico,MEX,1998,19573.066,North America,MEX,88.0,7.37,90862449.0,North America,2655.7755766621435
Mexico,MEX,1999,19793.285,North America,MEX,88.0,7.37,90862449.0,North America,2685.6560379918587
Mexico,MEX,2000,20470.494,North America,MEX,91.0,7.96,98625553.0,North America,2571.6701005025125
Mexico,MEX,2001,20078.219,North America,MEX,91.0,7.96,98625553.0,North America,2522.3893216080405
Mexico,MEX,2002,19744.793,North America,MEX,90.0,7.96,101548627.0,North America,2480.5016331658294
Mexico,MEX,2003,19701.463,North America,MEX,90.0,7.96,101548627.0,North America,2475.0581658291458
Mexico,MEX,2004,20127.225,North America,MEX,91.0,7.96,104394131.0,North America,2528.545854271357
Mexico,MEX,2005,20277.256,North America,MEX,92.0,8.9,105811504.0,North America,2278.343370786517
Mexico,MEX,2006,20965.826,North America,MEX,92.0,8.9,107253666.0,North America,2355.710786516854
Mexico,MEX,2007,21102.27,North America,MEX,93.0,8.9,108774356.0,North America,2371.0415730337077
Mexico,MEX,2008,20992.56,North America,MEX,93.0,8.9,110374286.0,North America,2358.714606741573
Mexico,MEX,2009,19385.543,North America,MEX,93.0,8.9,111999720.0,North America,2178.1508988764044
Mexico,MEX,2010,20058.385,North America,MEX,93.0,9.18,113623898.0,North America,2185.009259259259
Mexico,MEX,2011,20457.6,North America,MEX,94.0,9.18,115243503.0,North America,2228.4967320261435
Mexico,MEX,2012,20898.936,North America,MEX,94.0,9.18,116818208.0,North America,2276.5725490196082
Mexico,MEX,2013,20805.348,North America,MEX,94.0,9.18,118343572.0,North America,2266.377777777778
Mexico,MEX,2014,21069.766,North America,MEX,95.0,9.18,119784265.0,North America,2295.1814814814816
Mexico,MEX,2015,21408.928,North America,MEX,94.0,9.65,121072310.0,North America,2218.541761658031
Mexico,MEX,2016,21578.264,North America,MEX,95.0,9.65,122251344.0,North America,2236.089533678756
Mexico,MEX,2017,21777.523,North America,MEX,95.0,9.65,123400052.0,North America,2256.738134715026
Mexico,MEX,2018,21997.773,North America,MEX,95.0,9.65,124573713.0,North America,2279.561968911917
Mexico,MEX,2019,21704.186,North America,MEX,95.0,9.65,124573713.0,North America,2249.138445595855
Mexico,MEX,2020,19728.482,North America,MEX,95.0,10.18,126799053.0,North America,1937.964833005894
Mexico,MEX,2021,20782.588,North America,MEX,95.0,10.18,126799053.0,North America,2041.5115913555992
Mexico,MEX,2022,21391.857,North America,MEX,95.0,10.18,126799053.0,North America,2101.3611984282907
Mexico,MEX,2023,21917.248,North America,MEX,95.0,10.18,126799053.0,North America,2152.9713163064835
Micronesia (Country),FSM,1990,3112.4648,Oceania,MEX,95.0,10.18,126799053.0,North America,305.74310412573675
Micronesia (Country),FSM,1991,3282.9182,Oceania,MEX,95.0,10.18,126799053.0,North America,322.48705304518666
Micronesia (Country),FSM,1992,3347.6455,Oceania,MEX,95.0,10.18,126799053.0,North America,328.8453339882122
Micronesia (Country),FSM,1993,3543.7498,Oceania,MEX,95.0,10.18,126799053.0,North America,348.1090176817289
Micronesia (Country),FSM,1994,3459.8857,Oceania,MEX,95.0,10.18,126799053.0,North America,339.8708939096267
Micronesia (Country),FSM,1995,3663.7825,Oceania,MEX,95.0,10.18,126799053.0,North America,359.90004911591353
Micronesia (Country),FSM,1996,3526.0925,Oceania,MEX,95.0,10.18,126799053.0,North America,346.37450884086445
Micronesia (Country),FSM,1997,3296.3357,Oceania,MEX,95.0,10.18,126799053.0,North America,323.80507858546173
Micronesia (Country),FSM,1998,3380.5332,Oceania,MEX,95.0,10.18,126799053.0,North America,332.075952848723
Micronesia (Country),FSM,1999,3409.417,Oceania,MEX,95.0,10.18,126799053.0,North America,334.9132612966601
Micronesia (Country),FSM,2000,3555.4995,Oceania,MEX,95.0,10.18,126799053.0,North America,349.26321218074656
Micronesia (Country),FSM,2001,3609.8726,Oceania,MEX,95.0,10.18,126799053.0,North America,354.6043811394892
Micronesia (Country),FSM,2002,3623.1963,Oceania,MEX,95.0,10.18,126799053.0,North America,355.91319253438115
Micronesia (Country),FSM,2003,3692.4172,Oceania,MEX,95.0,10.18,126799053.0,North America,362.7128880157171
Micronesia (Country),FSM,2004,3586.1125,Oceania,MEX,95.0,10.18,126799053.0,North America,352.27038310412576
Micronesia (Country),FSM,2005,3685.9944,Oceania,MEX,95.0,10.18,126799053.0,North America,362.08196463654224
Micronesia (Country),FSM,2006,3701.3508,Oceania,MEX,95.0,10.18,126799053.0,North America,363.59045186640475
Micronesia (Country),FSM,2007,3665.6575,Oceania,MEX,95.0,10.18,126799053.0,North America,360.08423379174855
Micronesia (Country),FSM,2008,3601.9004,Oceania,MEX,95.0,10.18,126799053.0,North America,353.82125736738703
Micronesia (Country),FSM,2009,3674.4883,Oceania,MEX,95.0,10.18,126799053.0,North America,360.951699410609
Micronesia (Country),FSM,2010,3764.953,Oceania,MEX,95.0,10.18,126799053.0,North America,369.83821218074655
Micronesia (Country),FSM,2011,3901.6758,Oceania,MEX,95.0,10.18,126799053.0,North America,383.268742632613
Micronesia (Country),FSM,2012,3828.747,Oceania,MEX,95.0,10.18,126799053.0,North America,376.10481335952846
Micronesia (Country),FSM,2013,3680.1064,Oceania,MEX,95.0,10.18,126799053.0,North America,361.5035756385069
Micronesia (Country),FSM,2014,3575.8508,Oceania,MEX,95.0,10.18,126799053.0,North America,351.26235756385074
Micronesia (Country),FSM,2015,3723.399,Oceania,MEX,95.0,10.18,126799053.0,North America,365.75628683693515
Micronesia (Country),FSM,2016,3746.1301,Oceania,MEX,95.0,10.18,126799053.0,North America,367.9892043222004
Micronesia (Country),FSM,2017,3813.4421,Oceania,MEX,95.0,10.18,126799053.0,North America,374.6013850687623
Micronesia (Country),FSM,2018,3798.592,Oceania,MEX,95.0,10.18,126799053.0,North America,373.1426326129666
Micronesia (Country),FSM,2019,3940.2644,Oceania,MEX,95.0,10.18,126799053.0,North America,387.0593713163065
Micronesia (Country),FSM,2020,3852.2002,Oceania,MEX,95.0,10.18,126799053.0,North America,378.4086640471513
Micronesia (Country),FSM,2021,3946.416,Oceania,MEX,95.0,10.18,126799053.0,North America,387.6636542239686
Micronesia (Country),FSM,2022,3814.9907,Oceania,MEX,95.0,10.18,126799053.0,North America,374.7535068762279
Micronesia (Country),FSM,2023,3814.7202,Oceania,MEX,95.0,10.18,126799053.0,North America,374.7269351669941
Middle East And North Africa (Wb),FSM,1990,3824.1523,Oceania,MEX,58.23571,10.18,126799053.0,North America,375.6534675834971
Middle East And North Africa (Wb),FSM,1991,3824.1523,Oceania,MEX,59.42651,10.18,126799053.0,North America,375.6534675834971
Middle East And North Africa (Wb),FSM,1992,3824.1523,Oceania,MEX,60.52205,10.18,126799053.0,North America,375.6534675834971
Middle East And North Africa (Wb),FSM,1993,3824.1523,Oceania,MEX,61.38714,10.18,126799053.0,North America,375.6534675834971
Middle East And North Africa (Wb),FSM,1994,3824.1523,Oceania,MEX,62.34871,10.18,126799053.0,North America,375.6534675834971
Middle East And North Africa (Wb),FSM,1995,3824.1523,Oceania,MEX,63.82514,10.18,126799053.0,North America,375.6534675834971
Middle East And North Africa (Wb),FSM,1996,3824.1523,Oceania,MEX,64.96068,10.18,126799053.0,North America,375.6534675834971
Middle East And North Africa (Wb),FSM,1997,3824.1523,Oceania,MEX,66.06362,10.18,126799053.0,North America,375.6534675834971
Middle East And North Africa (Wb),FSM,1998,3824.1523,Oceania,MEX,67.26733,10.18,126799053.0,North America,375.6534675834971
Middle East And North Africa (Wb),FSM,1999,3824.1523,Oceania,MEX,68.36744,10.18,126799053.0,North America,375.6534675834971
Middle East And North Africa (Wb),FSM,2000,3824.1523,Oceania,MEX,69.40159,10.18,126799053.0,North America,375.6534675834971
Middle East And North Africa (Wb),FSM,2001,3824.1523,Oceania,MEX,70.53242,10.18,126799053.0,North America,375.6534675834971
Middle East And North Africa (Wb),FSM,2002,3824.1523,Oceania,MEX,71.56456,10.18,126799053.0,North America,375.6534675834971
Middle East And North Africa (Wb),FSM,2003,3824.1523,Oceania,MEX,74.12706,10.18,126799053.0,North America,375.6534675834971
Middle East And North Africa (Wb),FSM,2004,3824.1523,Oceania,MEX,74.96323,10.18,126799053.0,North America,375.6534675834971
Middle East And North Africa (Wb),FSM,2005,3824.1523,Oceania,MEX,75.57109,10.18,126799053.0,North America,375.6534675834971
Middle East And North Africa (Wb),FSM,2006,3824.1523,Oceania,MEX,74.59212,10.18,126799053.0,North America,375.6534675834971
Middle East And North Africa (Wb),FSM,2007,3824.1523,Oceania,MEX,75.36998,10.18,126799053.0,North America,375.6534675834971
Middle East And North Africa (Wb),FSM,2008,3824.1523,Oceania,MEX,77.08521,10.18,126799053.0,North America,375.6534675834971
Middle East And North Africa (Wb),FSM,2009,3824.1523,Oceania,MEX,76.01827,10.18,126799053.0,North America,375.6534675834971
Middle East And North Africa (Wb),FSM,2010,3824.1523,Oceania,MEX,76.60938,10.18,126799053.0,North America,375.6534675834971
Middle East And North Africa (Wb),FSM,2011,3824.1523,Oceania,MEX,77.32386,10.18,126799053.0,North America,375.6534675834971
Middle East And North Africa (Wb),FSM,2012,3824.1523,Oceania,MEX,77.99774,10.18,126799053.0,North America,375.6534675834971
Middle East And North Africa (Wb),FSM,2013,3824.1523,Oceania,MEX,78.60817,10.18,126799053.0,North America,375.6534675834971
Middle East And North Africa (Wb),FSM,2014,3824.1523,Oceania,MEX,78.98551,10.18,126799053.0,North America,375.6534675834971
Middle East And North Africa (Wb),FSM,2015,3824.1523,Oceania,MEX,79.63974,10.18,126799053.0,North America,375.6534675834971
Middle East And North Africa (Wb),FSM,2016,3824.1523,Oceania,MEX,78.47635,10.18,126799053.0,North America,375.6534675834971
Middle East And North Africa (Wb),FSM,2017,3824.1523,Oceania,MEX,78.92874,10.18,126799053.0,North America,375.6534675834971
Middle East And North Africa (Wb),FSM,2018,3824.1523,Oceania,MEX,79.25672,10.18,126799053.0,North America,375.6534675834971
Middle East And North Africa (Wb),FSM,2019,3824.1523,Oceania,MEX,79.55386,10.18,126799053.0,North America,375.6534675834971
Middle East And North Africa (Wb),FSM,2020,3824.1523,Oceania,MEX,79.89577,10.18,126799053.0,North America,375.6534675834971
Middle East And North Africa (Wb),FSM,2021,3824.1523,Oceania,MEX,80.30119,10.18,126799053.0,North America,375.6534675834971
Middle East And North Africa (Wb),FSM,2022,3824.1523,Oceania,MEX,80.6111,10.18,126799053.0,North America,375.6534675834971
Middle East And North Africa (Wb),FSM,2023,3824.1523,Oceania,MEX,80.94914,10.18,126799053.0,North America,375.6534675834971
"Middle East, North Africa, Afghanistan And Pakistan (Wb)",WB_MENAP,1990,9205.145,Oceania,MEX,80.94914,10.18,126799053.0,North America,904.2382121807466
"Middle East, North Africa, Afghanistan And Pakistan (Wb)",WB_MENAP,1991,9095.262,Oceania,MEX,80.94914,10.18,126799053.0,North America,893.4442043222004
"Middle East, North Africa, Afghanistan And Pakistan (Wb)",WB_MENAP,1992,9368.716,Oceania,MEX,80.94914,10.18,126799053.0,North America,920.306090373281
"Middle East, North Africa, Afghanistan And Pakistan (Wb)",WB_MENAP,1993,9318.904,Oceania,MEX,80.94914,10.18,126799053.0,North America,915.4129666011788
"Middle East, North Africa, Afghanistan And Pakistan (Wb)",WB_MENAP,1994,9316.932,Oceania,MEX,80.94914,10.18,126799053.0,North America,915.219253438114
"Middle East, North Africa, Afghanistan And Pakistan (Wb)",WB_MENAP,1995,9366.083,Oceania,MEX,80.94914,10.18,126799053.0,North America,920.0474459724952
"Middle East, North Africa, Afghanistan And Pakistan (Wb)",WB_MENAP,1996,9618.568,Oceania,MEX,80.94914,10.18,126799053.0,North America,944.8495088408644
"Middle East, North Africa, Afghanistan And Pakistan (Wb)",WB_MENAP,1997,9752.916,Oceania,MEX,80.94914,10.18,126799053.0,North America,958.0467583497052
"Middle East, North Africa, Afghanistan And Pakistan (Wb)",WB_MENAP,1998,9957.327,Oceania,MEX,80.94914,10.18,126799053.0,North America,978.126424361493
"Middle East, North Africa, Afghanistan And Pakistan (Wb)",WB_MENAP,1999,10015.553,Oceania,MEX,80.94914,10.18,126799053.0,North America,983.8460707269155
"Middle East, North Africa, Afghanistan And Pakistan (Wb)",WB_MENAP,2000,10377.118,Oceania,MEX,80.94914,10.18,126799053.0,North America,1019.3632612966602
"Middle East, North Africa, Afghanistan And Pakistan (Wb)",WB_MENAP,2001,10360.04,Oceania,MEX,80.94914,10.18,126799053.0,North America,1017.6856581532418
"Middle East, North Africa, Afghanistan And Pakistan (Wb)",WB_MENAP,2002,10367.434,Oceania,MEX,80.94914,10.18,126799053.0,North America,1018.4119842829076
"Middle East, North Africa, Afghanistan And Pakistan (Wb)",WB_MENAP,2003,10569.36,Oceania,MEX,80.94914,10.18,126799053.0,North America,1038.2475442043224
"Middle East, North Africa, Afghanistan And Pakistan (Wb)",WB_MENAP,2004,11141.106,Oceania,MEX,80.94914,10.18,126799053.0,North America,1094.4111984282908
"Middle East, North Africa, Afghanistan And Pakistan (Wb)",WB_MENAP,2005,11442.411,Oceania,MEX,80.94914,10.18,126799053.0,North America,1124.0089390962673
"Middle East, North Africa, Afghanistan And Pakistan (Wb)",WB_MENAP,2006,11811.969,Oceania,MEX,80.94914,10.18,126799053.0,North America,1160.311296660118
"Middle East, North Africa, Afghanistan And Pakistan (Wb)",WB_MENAP,2007,12144.084,Oceania,MEX,80.94914,10.18,126799053.0,North America,1192.9355599214146
"Middle East, North Africa, Afghanistan And Pakistan (Wb)",WB_MENAP,2008,12379.392,Oceania,MEX,80.94914,10.18,126799053.0,North America,1216.0502946954814
"Middle East, North Africa, Afghanistan And Pakistan (Wb)",WB_MENAP,2009,12295.783,Oceania,MEX,80.94914,10.18,126799053.0,North America,1207.8372298624754
"Middle East, North Africa, Afghanistan And Pakistan (Wb)",WB_MENAP,2010,12616.922,Oceania,MEX,80.94914,10.18,126799053.0,North America,1239.383300589391
"Middle East, North Africa, Afghanistan And Pakistan (Wb)",WB_MENAP,2011,12850.983,Oceania,MEX,80.94914,10.18,126799053.0,North America,1262.3755402750492
"Middle East, North Africa, Afghanistan And Pakistan (Wb)",WB_MENAP,2012,12973.573,Oceania,MEX,80.94914,10.18,126799053.0,North America,1274.4177799607073
"Middle East, North Africa, Afghanistan And Pakistan (Wb)",WB_MENAP,2013,12954.756,Oceania,MEX,80.94914,10.18,126799053.0,North America,1272.569351669941
"Middle East, North Africa, Afghanistan And Pakistan (Wb)",WB_MENAP,2014,13111.288,Oceania,MEX,80.94914,10.18,126799053.0,North America,1287.9457760314342
"Middle East, North Africa, Afghanistan And Pakistan (Wb)",WB_MENAP,2015,13259.931,Oceania,MEX,80.94914,10.18,126799053.0,North America,1302.5472495088409
"Middle East, North Africa, Afghanistan And Pakistan (Wb)",WB_MENAP,2016,13645.836,Oceania,MEX,80.94914,10.18,126799053.0,North America,1340.4554027504912
"Middle East, North Africa, Afghanistan And Pakistan (Wb)",WB_MENAP,2017,13723.836,Oceania,MEX,80.94914,10.18,126799053.0,North America,1348.117485265226
"Middle East, North Africa, Afghanistan And Pakistan (Wb)",WB_MENAP,2018,13842.64,Oceania,MEX,80.94914,10.18,126799053.0,North America,1359.787819253438
"Middle East, North Africa, Afghanistan And Pakistan (Wb)",WB_MENAP,2019,13860.935,Oceania,MEX,80.94914,10.18,126799053.0,North America,1361.5849705304518
"Middle East, North Africa, Afghanistan And Pakistan (Wb)",WB_MENAP,2020,13244.126,Oceania,MEX,80.94914,10.18,126799053.0,North America,1300.994695481336
"Middle East, North Africa, Afghanistan And Pakistan (Wb)",WB_MENAP,2021,13650.496,Oceania,MEX,80.94914,10.18,126799053.0,North America,1340.913163064833
"Middle East, North Africa, Afghanistan And Pakistan (Wb)",WB_MENAP,2022,14243.885,Oceania,MEX,80.94914,10.18,126799053.0,North America,1399.2028487229863
"Middle East, North Africa, Afghanistan And Pakistan (Wb)",WB_MENAP,2023,14296.296,Oceania,MEX,80.94914,10.18,126799053.0,North America,1404.3512770137525
Middle-Income Countries,WB_MENAP,1990,14355.141,Oceania,MEX,70.69976,10.18,126799053.0,North America,1410.1317288801572
Middle-Income Countries,WB_MENAP,1991,14355.141,Oceania,MEX,71.22915,10.18,126799053.0,North America,1410.1317288801572
Middle-Income Countries,WB_MENAP,1992,14355.141,Oceania,MEX,71.83592,10.18,126799053.0,North America,1410.1317288801572
Middle-Income Countries,WB_MENAP,1993,14355.141,Oceania,MEX,72.41556,10.18,126799053.0,North America,1410.1317288801572
Middle-Income Countries,WB_MENAP,1994,14355.141,Oceania,MEX,72.96025,10.18,126799053.0,North America,1410.1317288801572
Middle-Income Countries,WB_MENAP,1995,14355.141,Oceania,MEX,73.51708,10.18,126799053.0,North America,1410.1317288801572
Middle-Income Countries,WB_MENAP,1996,14355.141,Oceania,MEX,74.0451,10.18,126799053.0,North America,1410.1317288801572
Middle-Income Countries,WB_MENAP,1997,14355.141,Oceania,MEX,76.71142,10.18,126799053.0,North America,1410.1317288801572
Middle-Income Countries,WB_MENAP,1998,14355.141,Oceania,MEX,78.29854,10.18,126799053.0,North America,1410.1317288801572
Middle-Income Countries,WB_MENAP,1999,14355.141,Oceania,MEX,78.73321,10.18,126799053.0,North America,1410.1317288801572
Middle-Income Countries,WB_MENAP,2000,14355.141,Oceania,MEX,78.97723,10.18,126799053.0,North America,1410.1317288801572
Middle-Income Countries,WB_MENAP,2001,14355.141,Oceania,MEX,79.38092,10.18,126799053.0,North America,1410.1317288801572
Middle-Income Countries,WB_MENAP,2002,14355.141,Oceania,MEX,79.81483,10.18,126799053.0,North America,1410.1317288801572
Middle-Income Countries,WB_MENAP,2003,14355.141,Oceania,MEX,80.44843,10.18,126799053.0,North America,1410.1317288801572
Middle-Income Countries,WB_MENAP,2004,14355.141,Oceania,MEX,80.87951,10.18,126799053.0,North America,1410.1317288801572
Middle-Income Countries,WB_MENAP,2005,14355.141,Oceania,MEX,80.87994,10.18,126799053.0,North America,1410.1317288801572
Middle-Income Countries,WB_MENAP,2006,14355.141,Oceania,MEX,80.98057,10.18,126799053.0,North America,1410.1317288801572
Middle-Income Countries,WB_MENAP,2007,14355.141,Oceania,MEX,81.68252,10.18,126799053.0,North America,1410.1317288801572
Middle-Income Countries,WB_MENAP,2008,14355.141,Oceania,MEX,82.1301,10.18,126799053.0,North America,1410.1317288801572
Middle-Income Countries,WB_MENAP,2009,14355.141,Oceania,MEX,82.41629,10.18,126799053.0,North America,1410.1317288801572
Middle-Income Countries,WB_MENAP,2010,14355.141,Oceania,MEX,83.27524,10.18,126799053.0,North America,1410.1317288801572
Middle-Income Countries,WB_MENAP,2011,14355.141,Oceania,MEX,83.41603,10.18,126799053.0,North America,1410.1317288801572
Middle-Income Countries,WB_MENAP,2012,14355.141,Oceania,MEX,83.67213,10.18,126799053.0,North America,1410.1317288801572
Middle-Income Countries,WB_MENAP,2013,14355.141,Oceania,MEX,84.04509,10.18,126799053.0,North America,1410.1317288801572
Middle-Income Countries,WB_MENAP,2014,14355.141,Oceania,MEX,84.49078,10.18,126799053.0,North America,1410.1317288801572
Middle-Income Countries,WB_MENAP,2015,14355.141,Oceania,MEX,84.97399,10.18,126799053.0,North America,1410.1317288801572
Middle-Income Countries,WB_MENAP,2016,14355.141,Oceania,MEX,85.37055,10.18,126799053.0,North America,1410.1317288801572
Middle-Income Countries,WB_MENAP,2017,14355.141,Oceania,MEX,85.5536,10.18,126799053.0,North America,1410.1317288801572
Middle-Income Countries,WB_MENAP,2018,14355.141,Oceania,MEX,85.94582,10.18,126799053.0,North America,1410.1317288801572
Middle-Income Countries,WB_MENAP,2019,14355.141,Oceania,MEX,86.11558,10.18,126799053.0,North America,1410.1317288801572
Middle-Income Countries,WB_MENAP,2020,14355.141,Oceania,MEX,86.40705,10.18,126799053.0,North America,1410.1317288801572
Middle-Income Countries,WB_MENAP,2021,14355.141,Oceania,MEX,86.65189,10.18,126799053.0,North America,1410.1317288801572
Middle-Income Countries,WB_MENAP,2022,14355.141,Oceania,MEX,86.95844,10.18,126799053.0,North America,1410.1317288801572
Middle-Income Countries,WB_MENAP,2023,14355.141,Oceania,MEX,87.22839,10.18,126799053.0,North America,1410.1317288801572
Moldova,MDA,1990,15902.895,Europe,MDA,96.0,10.18,4439386.0,Europe,1562.1704322200394
Moldova,MDA,1991,13342.06,Europe,MDA,96.0,10.18,4439386.0,Europe,1310.614931237721
Moldova,MDA,1992,9461.428,Europe,MDA,96.0,10.18,4439386.0,Europe,929.4133595284873
Moldova,MDA,1993,9363.593,Europe,MDA,96.0,10.18,4439386.0,Europe,919.8028487229864
Moldova,MDA,1994,6490.353,Europe,MDA,96.0,10.18,4439386.0,Europe,637.5592337917485
Moldova,MDA,1995,6428.84,Europe,MDA,96.0,10.18,4439386.0,Europe,631.516699410609
Moldova,MDA,1996,6063.1406,Europe,MDA,96.0,10.18,4439386.0,Europe,595.5933791748527
Moldova,MDA,1997,6185.8394,Europe,MDA,96.0,10.18,4439386.0,Europe,607.6463064833006
Moldova,MDA,1998,5783.486,Europe,MDA,96.0,10.18,4439386.0,Europe,568.1223968565815
Moldova,MDA,1999,5597.4653,Europe,MDA,96.0,10.18,4439386.0,Europe,549.8492436149312
Moldova,MDA,2000,5727.079,Europe,MDA,97.0,10.18,4234969.0,Europe,562.5814341846758
Moldova,MDA,2001,6090.0347,Europe,MDA,97.0,10.18,4234969.0,Europe,598.2352357563851
Moldova,MDA,2002,6580.2783,Europe,MDA,97.0,10.18,4234969.0,Europe,646.3927603143419
Moldova,MDA,2003,7034.358,Europe,MDA,97.0,10.18,4234969.0,Europe,690.9978388998036
Moldova,MDA,2004,7573.6177,Europe,MDA,97.0,10.18,4234969.0,Europe,743.9703045186641
Moldova,MDA,2005,8161.4736,Europe,MDA,97.0,10.18,4234969.0,Europe,801.7164636542241
Moldova,MDA,2006,8577.028,Europe,MDA,97.0,10.18,4234969.0,Europe,842.5371316306483
Moldova,MDA,2007,8854.834,Europe,MDA,97.0,10.18,4234969.0,Europe,869.8265225933203
Moldova,MDA,2008,9563.698,Europe,MDA,97.0,10.18,4234969.0,Europe,939.4595284872299
Moldova,MDA,2009,9001.234,Europe,MDA,97.0,10.18,4234969.0,Europe,884.2076620825148
Moldova,MDA,2010,9649.951,Europe,MDA,97.0,10.18,4234969.0,Europe,947.9323182711198
Moldova,MDA,2011,10217.309,Europe,MDA,97.0,10.18,4234969.0,Europe,1003.664931237721
Moldova,MDA,2012,10158.386,Europe,MDA,97.0,10.18,4234969.0,Europe,997.8768172888016
Moldova,MDA,2013,11080.063,Europe,MDA,97.0,10.18,4234969.0,Europe,1088.414833005894
Moldova,MDA,2014,11641.121,Europe,MDA,99.0,10.18,3342715.0,Europe,1143.5285854616895
Moldova,MDA,2015,11691.08,Europe,MDA,99.0,10.8,3287168.0,Europe,1082.5074074074073
Moldova,MDA,2016,12377.366,Europe,MDA,99.0,10.8,3287168.0,Europe,1146.0524074074074
Moldova,MDA,2017,13118.822,Europe,MDA,99.0,10.8,3287168.0,Europe,1214.7057407407406
Moldova,MDA,2018,13895.504,Europe,MDA,99.0,10.8,3287168.0,Europe,1286.6207407407408
Moldova,MDA,2019,14621.24,Europe,MDA,99.0,10.8,3287168.0,Europe,1353.8185185185184
Moldova,MDA,2020,13559.26,Europe,MDA,99.0,10.84,3069135.0,Europe,1250.8542435424354
Moldova,MDA,2021,15682.07,Europe,MDA,99.0,10.84,3069135.0,Europe,1446.6854243542434
Moldova,MDA,2022,15358.016,Europe,MDA,99.0,10.84,3069135.0,Europe,1416.7911439114391
Moldova,MDA,2023,15990.4795,Europe,MDA,99.0,10.84,3069135.0,Europe,1475.1364852398524
Mongolia,MNG,1990,6637.8193,Asia,MNG,57.5,10.84,781691.0,Asia,612.3449538745388
Mongolia,MNG,1991,5874.2554,Asia,MNG,57.5,10.84,781691.0,Asia,541.905479704797
Mongolia,MNG,1992,5324.488,Asia,MNG,57.5,10.84,781691.0,Asia,491.18892988929895
Mongolia,MNG,1993,5162.1,Asia,MNG,57.5,10.84,781691.0,Asia,476.2084870848709
Mongolia,MNG,1994,5213.846,Asia,MNG,57.5,10.84,781691.0,Asia,480.98210332103315
Mongolia,MNG,1995,5457.685,Asia,MNG,57.5,10.84,781691.0,Asia,503.4764760147602
Mongolia,MNG,1996,5494.3213,Asia,MNG,57.5,10.84,781691.0,Asia,506.8562084870848
Mongolia,MNG,1997,5628.1064,Asia,MNG,57.5,10.84,781691.0,Asia,519.1980073800738
Mongolia,MNG,1998,5735.8438,Asia,MNG,57.5,10.84,781691.0,Asia,529.1368819188192
Mongolia,MNG,1999,5829.1665,Asia,MNG,57.5,10.84,781691.0,Asia,537.7459870848709
Mongolia,MNG,2000,5818.243,Asia,MNG,98.0,10.84,2455182.0,Asia,536.7382841328414
Mongolia,MNG,2001,5917.071,Asia,MNG,98.0,10.84,2455182.0,Asia,545.855258302583
Mongolia,MNG,2002,6117.9824,Asia,MNG,98.0,10.84,2455182.0,Asia,564.3895202952029
Mongolia,MNG,2003,6463.7896,Asia,MNG,98.0,10.84,2455182.0,Asia,596.2905535055351
Mongolia,MNG,2004,7070.667,Asia,MNG,98.0,10.84,2455182.0,Asia,652.2755535055351
Mongolia,MNG,2005,7499.848,Asia,MNG,98.0,10.84,2455182.0,Asia,691.8678966789668
Mongolia,MNG,2006,8043.9966,Asia,MNG,98.0,10.84,2455182.0,Asia,742.0661070110701
Mongolia,MNG,2007,8750.134,Asia,MNG,98.0,10.84,2455182.0,Asia,807.2079335793358
Mongolia,MNG,2008,9379.8545,Asia,MNG,98.0,10.84,2455182.0,Asia,865.3002306273063
Mongolia,MNG,2009,9095.977,Asia,MNG,98.0,10.84,2455182.0,Asia,839.1122693726938
Mongolia,MNG,2010,9507.119,Asia,MNG,98.0,10.84,2701739.0,Asia,877.0404981549816
Mongolia,MNG,2011,10960.096,Asia,MNG,98.0,10.84,2701739.0,Asia,1011.0789667896679
Mongolia,MNG,2012,12078.919,Asia,MNG,98.0,10.84,2701739.0,Asia,1114.2914206642067
Mongolia,MNG,2013,13210.095,Asia,MNG,98.0,10.84,2701739.0,Asia,1218.6434501845017
Mongolia,MNG,2014,13943.428,Asia,MNG,98.0,10.84,2701739.0,Asia,1286.2940959409593
Mongolia,MNG,2015,13974.597,Asia,MNG,98.0,9.77,2976528.0,Asia,1430.3579324462642
Mongolia,MNG,2016,13898.1455,Asia,MNG,98.0,9.77,2976528.0,Asia,1422.5328045035826
Mongolia,MNG,2017,14401.537,Asia,MNG,98.0,9.77,2976528.0,Asia,1474.057011258956
Mongolia,MNG,2018,15230.241,Asia,MNG,96.89635,9.77,3167714.0,Asia,1558.8783009211875
Mongolia,MNG,2019,15790.696,Asia,MNG,96.89635,9.77,3167714.0,Asia,1616.2431934493347
Mongolia,MNG,2020,14801.342,Asia,MNG,99.0,10.0,3290786.0,Asia,1480.1342
Mongolia,MNG,2021,14792.251,Asia,MNG,99.0,10.0,3290786.0,Asia,1479.2251
Mongolia,MNG,2022,15310.435,Asia,MNG,98.72622,10.0,3386015.0,Asia,1531.0435
Mongolia,MNG,2023,16222.864,Asia,MNG,98.72622,10.0,3386015.0,Asia,1622.2864
Montenegro,MNG,1991,16842.65,Asia,MNE,93.0,10.0,623564.0,Europe,1684.265
Montenegro,MNE,1997,14638.797,Europe,MNE,93.0,10.0,623564.0,Europe,1463.8797
Montenegro,MNE,1998,15403.052,Europe,MNE,93.0,10.0,623564.0,Europe,1540.3052
Montenegro,MNE,1999,13993.415,Europe,MNE,93.0,10.0,623564.0,Europe,1399.3415
Montenegro,MNE,2000,14452.276,Europe,MNE,93.0,10.0,623564.0,Europe,1445.2276
Montenegro,MNE,2001,14552.556,Europe,MNE,93.0,10.0,623564.0,Europe,1455.2556
Montenegro,MNE,2002,14770.316,Europe,MNE,93.0,10.0,623564.0,Europe,1477.0316
Montenegro,MNE,2003,15076.714,Europe,MNE,98.0,10.0,633563.0,Europe,1507.6714
Montenegro,MNE,2004,15716.141,Europe,MNE,98.0,10.0,633563.0,Europe,1571.6141
Montenegro,MNE,2005,16348.968,Europe,MNE,98.0,10.0,633563.0,Europe,1634.8968
Montenegro,MNE,2006,17727.44,Europe,MNE,98.0,10.0,633563.0,Europe,1772.744
Montenegro,MNE,2007,18966.531,Europe,MNE,98.0,10.0,633563.0,Europe,1896.6531
Montenegro,MNE,2008,20239.006,Europe,MNE,98.0,10.0,633563.0,Europe,2023.9006000000002
Montenegro,MNE,2009,18985.018,Europe,MNE,98.0,10.0,633563.0,Europe,1898.5018
Montenegro,MNE,2010,19476.244,Europe,MNE,98.0,10.0,633563.0,Europe,1947.6244
Montenegro,MNE,2011,20110.57,Europe,MNE,98.0,10.0,632689.0,Europe,2011.057
Montenegro,MNE,2012,19576.494,Europe,MNE,98.0,10.0,632689.0,Europe,1957.6493999999998
Montenegro,MNE,2013,20201.375,Europe,MNE,98.0,10.0,632689.0,Europe,2020.1375
Montenegro,MNE,2014,20641.85,Europe,MNE,98.0,10.0,632689.0,Europe,2064.185
Montenegro,MNE,2015,21131.928,Europe,MNE,98.0,10.0,632689.0,Europe,2113.1928
Montenegro,MNE,2016,21834.182,Europe,MNE,98.0,10.0,632689.0,Europe,2183.4182
Montenegro,MNE,2017,22513.875,Europe,MNE,98.0,10.0,632689.0,Europe,2251.3875
Montenegro,MNE,2018,23562.273,Europe,MNE,98.5344,10.0,615798.0,Europe,2356.2273
Montenegro,MNE,2019,24585.219,Europe,MNE,98.5344,10.0,615798.0,Europe,2458.5219
Montenegro,MNE,2020,20904.688,Europe,MNE,98.5344,10.0,615798.0,Europe,2090.4687999999996
Montenegro,MNE,2021,23690.078,Europe,MNE,98.5344,10.0,615798.0,Europe,2369.0078000000003
Montenegro,MNE,2022,25583.422,Europe,MNE,98.5344,10.0,615798.0,Europe,2558.3422
Montenegro,MNE,2023,27243.518,Europe,MNE,98.5344,10.0,615798.0,Europe,2724.3518
Morocco,MAR,1990,4418.66,Africa,MAR,30.0,3.05,24375558.0,Africa,1448.7409836065574
Morocco,MAR,1991,4656.126,Africa,MAR,30.0,3.05,24375558.0,Africa,1526.5986885245902
Morocco,MAR,1992,4483.2495,Africa,MAR,30.0,3.05,24375558.0,Africa,1469.9178688524592
Morocco,MAR,1993,4379.764,Africa,MAR,30.0,3.05,24375558.0,Africa,1435.9881967213116
Morocco,MAR,1994,4771.093,Africa,MAR,42.0,3.05,26000824.0,Africa,1564.292786885246
Morocco,MAR,1995,4444.2285,Africa,MAR,42.0,3.64,26399431.0,Africa,1220.9418956043955
Morocco,MAR,1996,4916.48,Africa,MAR,42.0,3.64,26399431.0,Africa,1350.6813186813185
Morocco,MAR,1997,4766.1104,Africa,MAR,42.0,3.64,26399431.0,Africa,1309.3709890109888
Morocco,MAR,1998,5033.9233,Africa,MAR,42.0,3.64,26399431.0,Africa,1382.9459615384617
Morocco,MAR,1999,5043.665,Africa,MAR,42.0,3.64,26399431.0,Africa,1385.6222527472528
Morocco,MAR,2000,5100.1157,Africa,MAR,42.0,4.09,28423439.0,Africa,1246.9720537897313
Morocco,MAR,2001,5417.5786,Africa,MAR,42.0,4.09,28423439.0,Africa,1324.5913447432763
Morocco,MAR,2002,5544.072,Africa,MAR,42.0,4.09,28423439.0,Africa,1355.5188264058681
Morocco,MAR,2003,5810.053,Africa,MAR,42.0,4.09,28423439.0,Africa,1420.5508557457213
Morocco,MAR,2004,5996.39,Africa,MAR,52.0,4.09,29953021.0,Africa,1466.110024449878
Morocco,MAR,2005,6103.4224,Africa,MAR,52.0,4.63,30358145.0,Africa,1318.2337796976244
Morocco,MAR,2006,6488.674,Africa,MAR,52.0,4.63,30358145.0,Africa,1401.4414686825055
Morocco,MAR,2007,6620.5903,Africa,MAR,52.0,4.63,30358145.0,Africa,1429.933110151188
Morocco,MAR,2008,6901.9507,Africa,MAR,55.0,4.63,31606769.0,Africa,1490.7020950323974
Morocco,MAR,2009,7063.727,Africa,MAR,56.0,4.63,32030779.0,Africa,1525.642980561555
Morocco,MAR,2010,7210.6367,Africa,MAR,56.0,5.27,32467009.0,Africa,1368.2422580645161
Morocco,MAR,2011,7503.793,Africa,MAR,67.0,5.27,32912585.0,Africa,1423.8696394686908
Morocco,MAR,2012,7628.644,Africa,MAR,69.0,5.27,33355246.0,Africa,1447.560531309298
Morocco,MAR,2013,7839.032,Africa,MAR,69.0,5.27,33355246.0,Africa,1487.4823529411767
Morocco,MAR,2014,7951.7983,Africa,MAR,76.0,5.27,34204784.0,Africa,1508.8801328273246
Morocco,MAR,2015,8198.809,Africa,MAR,76.0,6.15,34607590.0,Africa,1333.1396747967478
Morocco,MAR,2016,8141.9404,Africa,MAR,76.0,6.15,34607590.0,Africa,1323.8927479674796
Morocco,MAR,2017,8450.009,Africa,MAR,76.0,6.15,34607590.0,Africa,1373.9852032520325
Morocco,MAR,2018,8611.75,Africa,MAR,76.0,6.15,34607590.0,Africa,1400.2845528455284
Morocco,MAR,2019,8768.176,Africa,MAR,76.0,6.15,34607590.0,Africa,1425.7196747967478
Morocco,MAR,2020,8054.563,Africa,MAR,76.0,6.83,36584208.0,Africa,1179.2918008784773
Morocco,MAR,2021,8623.266,Africa,MAR,76.0,6.83,36584208.0,Africa,1262.5572474377745
Morocco,MAR,2022,8690.448,Africa,MAR,76.0,6.83,36584208.0,Africa,1272.3935578330893
Morocco,MAR,2023,8915.352,Africa,MAR,76.0,6.83,36584208.0,Africa,1305.3224011713032
Mozambique,MOZ,1990,547.6228,Africa,MOZ,27.0,1.06,13094535.0,Africa,516.6252830188679
Mozambique,MOZ,1991,563.5121,Africa,MOZ,27.0,1.06,13094535.0,Africa,531.6151886792453
Mozambique,MOZ,1992,510.8228,Africa,MOZ,27.0,1.06,13094535.0,Africa,481.9083018867924
Mozambique,MOZ,1993,549.04877,Africa,MOZ,27.0,1.06,13094535.0,Africa,517.970537735849
Mozambique,MOZ,1994,546.2097,Africa,MOZ,27.0,1.06,13094535.0,Africa,515.2921698113207
Mozambique,MOZ,1995,525.4187,Africa,MOZ,27.0,0.98,15960530.0,Africa,536.1415306122449
Mozambique,MOZ,1996,562.8575,Africa,MOZ,27.0,0.98,15960530.0,Africa,574.344387755102
Mozambique,MOZ,1997,612.3715,Africa,MOZ,39.0,0.98,16949988.0,Africa,624.8688775510204
Mozambique,MOZ,1998,660.6502,Africa,MOZ,39.0,0.98,16949988.0,Africa,674.1328571428572
Mozambique,MOZ,1999,722.30554,Africa,MOZ,39.0,0.98,16949988.0,Africa,737.0464693877551
Mozambique,MOZ,2000,711.9764,Africa,MOZ,39.0,1.13,18129652.0,Africa,630.0676106194691
Mozambique,MOZ,2001,785.79016,Africa,MOZ,39.0,1.13,18129652.0,Africa,695.3895221238939
Mozambique,MOZ,2002,842.64526,Africa,MOZ,39.0,1.13,18129652.0,Africa,745.7037699115045
Mozambique,MOZ,2003,883.23914,Africa,MOZ,48.0,1.13,19392477.0,Africa,781.627557522124
Mozambique,MOZ,2004,934.134,Africa,MOZ,48.0,1.13,19392477.0,Africa,826.6672566371682
Mozambique,MOZ,2005,970.38995,Africa,MOZ,48.0,1.34,20304577.0,Africa,724.1716044776119
Mozambique,MOZ,2006,1041.8047,Africa,MOZ,48.0,1.34,20304577.0,Africa,777.4661940298506
Mozambique,MOZ,2007,1095.1257,Africa,MOZ,48.0,1.34,20304577.0,Africa,817.2579850746268
Mozambique,MOZ,2008,1141.9425,Africa,MOZ,48.0,1.34,20304577.0,Africa,852.1958955223881
Mozambique,MOZ,2009,1178.7091,Africa,MOZ,51.0,1.34,22391751.0,Africa,879.6336567164179
Mozambique,MOZ,2010,1224.2302,Africa,MOZ,51.0,2.03,22999234.0,Africa,603.0690640394089
Mozambique,MOZ,2011,1275.5295,Africa,MOZ,51.0,2.03,22999234.0,Africa,628.3396551724139
Mozambique,MOZ,2012,1338.516,Africa,MOZ,51.0,2.03,22999234.0,Africa,659.3674876847292
Mozambique,MOZ,2013,1385.8325,Africa,MOZ,51.0,2.03,22999234.0,Africa,682.6761083743843
Mozambique,MOZ,2014,1449.9293,Africa,MOZ,51.0,2.03,22999234.0,Africa,714.2508866995074
Mozambique,MOZ,2015,1512.5997,Africa,MOZ,56.0,3.31,26547576.0,Africa,456.97876132930514
Mozambique,MOZ,2016,1537.9086,Africa,MOZ,56.0,3.31,26547576.0,Africa,464.62495468277945
Mozambique,MOZ,2017,1532.0073,Africa,MOZ,61.0,3.31,28166397.0,Africa,462.842084592145
Mozambique,MOZ,2018,1538.8351,Africa,MOZ,61.0,3.31,28166397.0,Africa,464.90486404833837
Mozambique,MOZ,2019,1528.8899,Africa,MOZ,61.0,3.31,28166397.0,Africa,461.90027190332324
Mozambique,MOZ,2020,1466.1248,Africa,MOZ,60.0,4.22,30783685.0,Africa,347.42293838862565
Mozambique,MOZ,2021,1457.2354,Africa,MOZ,60.0,4.22,30783685.0,Africa,345.31644549763035
Mozambique,MOZ,2022,1476.6656,Africa,MOZ,60.0,4.22,30783685.0,Africa,349.9207582938389
Mozambique,MOZ,2023,1512.2764,Africa,MOZ,60.0,4.22,30783685.0,Africa,358.35933649289103
Myanmar,MMR,1990,775.32825,Asia,MMR,79.0,2.99,39817253.0,Asia,259.30710702341133
Myanmar,MMR,1991,759.2828,Asia,MMR,79.0,2.99,39817253.0,Asia,253.94073578595314
Myanmar,MMR,1992,821.32776,Asia,MMR,79.0,2.99,39817253.0,Asia,274.69155852842806
Myanmar,MMR,1993,859.3455,Asia,MMR,79.0,2.99,39817253.0,Asia,287.4065217391304
Myanmar,MMR,1994,911.46844,Asia,MMR,79.0,2.99,39817253.0,Asia,304.8389431438127
Myanmar,MMR,1995,962.2094,Asia,MMR,79.0,3.4,42605343.0,Asia,283.0027647058823
Myanmar,MMR,1996,1011.1599,Asia,MMR,79.0,3.4,42605343.0,Asia,297.3999705882353
Myanmar,MMR,1997,1054.7675,Asia,MMR,79.0,3.4,42605343.0,Asia,310.2257352941176
Myanmar,MMR,1998,1102.791,Asia,MMR,79.0,3.4,42605343.0,Asia,324.350294117647
Myanmar,MMR,1999,1209.0165,Asia,MMR,79.0,3.4,42605343.0,Asia,355.5930882352941
Myanmar,MMR,2000,1359.9304,Asia,MMR,90.0,3.89,45290850.0,Asia,349.5965038560411
Myanmar,MMR,2001,1498.3116,Asia,MMR,90.0,3.89,45290850.0,Asia,385.1700771208226
Myanmar,MMR,2002,1661.7358,Asia,MMR,90.0,3.89,45290850.0,Asia,427.18143958868893
Myanmar,MMR,2003,1874.1713,Asia,MMR,90.0,3.89,45290850.0,Asia,481.79210796915163
Myanmar,MMR,2004,2110.2373,Asia,MMR,90.0,3.89,45290850.0,Asia,542.4774550128534
Myanmar,MMR,2005,2377.9026,Asia,MMR,90.0,4.45,47438362.0,Asia,534.3601348314606
Myanmar,MMR,2006,2669.327,Asia,MMR,90.0,4.45,47438362.0,Asia,599.8487640449439
Myanmar,MMR,2007,2968.3032,Asia,MMR,90.0,4.45,47438362.0,Asia,667.034426966292
Myanmar,MMR,2008,3254.739,Asia,MMR,90.0,4.45,47438362.0,Asia,731.4020224719101
Myanmar,MMR,2009,3578.1743,Asia,MMR,90.0,4.45,47438362.0,Asia,804.0841123595505
Myanmar,MMR,2010,3893.7903,Asia,MMR,90.0,5.11,49024376.0,Asia,761.9941878669275
Myanmar,MMR,2011,4078.6123,Asia,MMR,90.0,5.11,49024376.0,Asia,798.1628767123286
Myanmar,MMR,2012,4340.9995,Asia,MMR,90.0,5.11,49024376.0,Asia,849.5106653620352
Myanmar,MMR,2013,4666.9536,Asia,MMR,90.0,5.11,49024376.0,Asia,913.2981604696672
Myanmar,MMR,2014,5006.507,Asia,MMR,90.0,5.11,50681635.0,Asia,979.746966731898
Myanmar,MMR,2015,5313.886,Asia,MMR,90.0,5.9,51089060.0,Asia,900.6586440677967
Myanmar,MMR,2016,5580.9897,Asia,MMR,90.0,5.9,51089060.0,Asia,945.9304576271186
Myanmar,MMR,2017,5877.8745,Asia,MMR,90.0,5.9,51089060.0,Asia,996.2499152542372
Myanmar,MMR,2018,6201.263,Asia,MMR,90.0,5.9,51089060.0,Asia,1051.0615254237287
Myanmar,MMR,2019,6562.989,Asia,MMR,89.0,5.9,52640718.0,Asia,1112.3710169491524
Myanmar,MMR,2020,5926.8345,Asia,MMR,89.0,6.48,53016525.0,Asia,914.6349537037037
Myanmar,MMR,2021,5178.4473,Asia,MMR,89.0,6.48,53016525.0,Asia,799.1431018518517
Myanmar,MMR,2022,5350.4766,Asia,MMR,89.0,6.48,53016525.0,Asia,825.6908333333332
Myanmar,MMR,2023,5364.138,Asia,MMR,89.0,6.48,53016525.0,Asia,827.799074074074
Namibia,NAM,1990,7281.779,Africa,MMR,89.0,6.48,53016525.0,Asia,1123.7313271604937
Namibia,NAM,1991,7618.333,Africa,NAM,76.0,6.48,1415689.0,Africa,1175.6686728395061
Namibia,NAM,1992,7911.0103,Africa,NAM,76.0,6.48,1415689.0,Africa,1220.8349228395061
Namibia,NAM,1993,7541.561,Africa,NAM,76.0,6.48,1415689.0,Africa,1163.8211419753086
Namibia,NAM,1994,7437.3354,Africa,NAM,76.0,6.48,1415689.0,Africa,1147.7369444444444
Namibia,NAM,1995,7506.105,Africa,NAM,76.0,6.48,1415689.0,Africa,1158.349537037037
Namibia,NAM,1996,7538.925,Africa,NAM,76.0,6.48,1415689.0,Africa,1163.4143518518517
Namibia,NAM,1997,7656.325,Africa,NAM,76.0,6.48,1415689.0,Africa,1181.531635802469
Namibia,NAM,1998,7709.89,Africa,NAM,76.0,6.48,1415689.0,Africa,1189.7978395061727
Namibia,NAM,1999,7773.9434,Africa,NAM,76.0,6.48,1415689.0,Africa,1199.68262345679
Namibia,NAM,2000,7858.3877,Africa,NAM,76.0,6.48,1415689.0,Africa,1212.714151234568
Namibia,NAM,2001,7786.5415,Africa,NAM,85.0,6.48,1857059.0,Africa,1201.626774691358
Namibia,NAM,2002,8017.2812,Africa,NAM,85.0,6.48,1857059.0,Africa,1237.2347530864197
Namibia,NAM,2003,8237.366,Africa,NAM,85.0,6.48,1857059.0,Africa,1271.1984567901234
Namibia,NAM,2004,9130.824,Africa,NAM,85.0,6.48,1857059.0,Africa,1409.0777777777778
Namibia,NAM,2005,9245.137,Africa,NAM,85.0,6.48,1857059.0,Africa,1426.718672839506
Namibia,NAM,2006,9773.298,Africa,NAM,85.0,6.48,1857059.0,Africa,1508.225
Namibia,NAM,2007,10162.24,Africa,NAM,85.0,6.48,1857059.0,Africa,1568.2469135802469
Namibia,NAM,2008,10286.513,Africa,NAM,85.0,6.48,1857059.0,Africa,1587.4248456790124
Namibia,NAM,2009,10166.29,Africa,NAM,85.0,6.48,1857059.0,Africa,1568.8719135802469
Namibia,NAM,2010,10614.62,Africa,NAM,85.0,6.48,1857059.0,Africa,1638.0586419753085
Namibia,NAM,2011,10965.273,Africa,NAM,88.0,6.48,2146331.0,Africa,1692.171759259259
Namibia,NAM,2012,11266.609,Africa,NAM,88.0,6.48,2146331.0,Africa,1738.6742283950616
Namibia,NAM,2013,11593.575,Africa,NAM,88.0,6.48,2146331.0,Africa,1789.1319444444443
Namibia,NAM,2014,11982.696,Africa,NAM,88.0,6.48,2146331.0,Africa,1849.1814814814813
Namibia,NAM,2015,12166.565,Africa,NAM,88.0,6.64,2374305.0,Africa,1832.3140060240964
Namibia,NAM,2016,11846.788,Africa,NAM,88.0,6.64,2374305.0,Africa,1784.1548192771086
Namibia,NAM,2017,11408.726,Africa,NAM,88.0,6.64,2374305.0,Africa,1718.1816265060243
Namibia,NAM,2018,11214.386,Africa,NAM,88.0,6.64,2374305.0,Africa,1688.9135542168676
Namibia,NAM,2019,10813.305,Africa,NAM,88.0,6.64,2374305.0,Africa,1628.5097891566265
Namibia,NAM,2020,9652.248,Africa,NAM,88.0,6.88,2728760.0,Africa,1402.9430232558138
Namibia,NAM,2021,9709.1,Africa,NAM,88.0,6.88,2728760.0,Africa,1411.2063953488373
Namibia,NAM,2022,9953.098,Africa,NAM,88.0,6.88,2728760.0,Africa,1446.6712209302325
Namibia,NAM,2023,10137.673,Africa,NAM,88.0,6.88,2728760.0,Africa,1473.4989825581397
Nauru,NRU,1990,30123.365,Oceania,NRU,72.5,6.88,3424.0,Oceania,4378.396075581396
Nauru,NRU,1991,23836.965,Oceania,NRU,72.5,6.88,3424.0,Oceania,3464.6751453488373
Nauru,NRU,1992,19620.383,Oceania,NRU,72.5,6.88,3424.0,Oceania,2851.799854651163
Nauru,NRU,1993,16326.138,Oceania,NRU,72.5,6.88,3424.0,Oceania,2372.985174418605
Nauru,NRU,1994,15640.759,Oceania,NRU,72.5,6.88,3424.0,Oceania,2273.36613372093
Nauru,NRU,1995,14361.795,Oceania,NRU,72.5,6.88,3424.0,Oceania,2087.470203488372
Nauru,NRU,1996,12636.182,Oceania,NRU,72.5,6.88,3424.0,Oceania,1836.6543604651165
Nauru,NRU,1997,11488.991,Oceania,NRU,72.5,6.88,3424.0,Oceania,1669.9114825581396
Nauru,NRU,1998,10133.678,Oceania,NRU,72.5,6.88,3424.0,Oceania,1472.9183139534885
Nauru,NRU,1999,9478.301,Oceania,NRU,72.5,6.88,3424.0,Oceania,1377.6600290697675
Nauru,NRU,2000,8844.947,Oceania,NRU,72.5,6.88,3424.0,Oceania,1285.602761627907
Nauru,NRU,2001,8277.868,Oceania,NRU,72.5,6.88,3424.0,Oceania,1203.1784883720932
Nauru,NRU,2002,7487.931,Oceania,NRU,72.5,6.88,3424.0,Oceania,1088.3620639534884
Nauru,NRU,2003,7526.416,Oceania,NRU,72.5,6.88,3424.0,Oceania,1093.9558139534884
Nauru,NRU,2004,7200.948,Oceania,NRU,72.5,6.88,3424.0,Oceania,1046.6494186046511
Nauru,NRU,2005,7208.8306,Oceania,NRU,72.5,6.88,3424.0,Oceania,1047.7951453488372
Nauru,NRU,2006,7829.715,Oceania,NRU,72.5,6.88,3424.0,Oceania,1138.0399709302326
Nauru,NRU,2007,6109.601,Oceania,NRU,72.5,6.88,3424.0,Oceania,888.0234011627906
Nauru,NRU,2008,7339.5786,Oceania,NRU,72.5,6.88,3424.0,Oceania,1066.7992151162791
Nauru,NRU,2009,6926.98,Oceania,NRU,72.5,6.88,3424.0,Oceania,1006.8284883720929
Nauru,NRU,2010,6908.357,Oceania,NRU,72.5,6.88,3424.0,Oceania,1004.1216569767442
Nauru,NRU,2011,7881.1313,Oceania,NRU,72.5,6.88,3424.0,Oceania,1145.5132703488373
Nauru,NRU,2012,9639.566,Oceania,NRU,72.5,6.88,3424.0,Oceania,1401.0997093023257
Nauru,NRU,2013,9798.482,Oceania,NRU,72.5,6.88,3424.0,Oceania,1424.1979651162792
Nauru,NRU,2014,11112.968,Oceania,NRU,72.5,6.88,3424.0,Oceania,1615.2569767441862
Nauru,NRU,2015,11270.468,Oceania,NRU,72.5,6.88,3424.0,Oceania,1638.1494186046514
Nauru,NRU,2016,11529.886,Oceania,NRU,72.5,6.88,3424.0,Oceania,1675.855523255814
Nauru,NRU,2017,10631.914,Oceania,NRU,72.5,6.88,3424.0,Oceania,1545.3363372093024
Nauru,NRU,2018,10401.28,Oceania,NRU,72.5,6.88,3424.0,Oceania,1511.8139534883721
Nauru,NRU,2019,11183.096,Oceania,NRU,72.5,6.88,3424.0,Oceania,1625.45
Nauru,NRU,2020,11304.572,Oceania,NRU,72.5,6.88,3424.0,Oceania,1643.1063953488372
Nauru,NRU,2021,12112.235,Oceania,NRU,72.5,6.88,3424.0,Oceania,1760.4992732558142
Nauru,NRU,2022,12363.6455,Oceania,NRU,72.5,6.88,3424.0,Oceania,1797.0414970930233
Nauru,NRU,2023,12372.5205,Oceania,NRU,96.58654,6.88,11900.0,Oceania,1798.3314680232559
Nepal,NPL,1990,1808.2649,Asia,NPL,21.0,2.58,19524579.0,Asia,700.8778682170542
Nepal,NPL,1991,1874.2751,Asia,NPL,33.0,2.58,20036507.0,Asia,726.4632170542636
Nepal,NPL,1992,1896.9717,Asia,NPL,33.0,2.58,20036507.0,Asia,735.2603488372093
Nepal,NPL,1993,1916.9435,Asia,NPL,33.0,2.58,20036507.0,Asia,743.0013565891473
Nepal,NPL,1994,2023.1152,Asia,NPL,33.0,2.58,20036507.0,Asia,784.1531782945736
Nepal,NPL,1995,2043.6052,Asia,NPL,33.0,2.76,22245443.0,Asia,740.4366666666667
Nepal,NPL,1996,2105.5083,Asia,NPL,33.0,2.76,22245443.0,Asia,762.8653260869565
Nepal,NPL,1997,2166.3127,Asia,NPL,33.0,2.76,22245443.0,Asia,784.8959057971015
Nepal,NPL,1998,2188.222,Asia,NPL,33.0,2.76,22245443.0,Asia,792.8340579710147
Nepal,NPL,1999,2242.6501,Asia,NPL,33.0,2.76,22245443.0,Asia,812.554384057971
Nepal,NPL,2000,2340.8157,Asia,NPL,33.0,3.13,24546509.0,Asia,747.8644408945687
Nepal,NPL,2001,2413.8142,Asia,NPL,49.0,3.13,24946755.0,Asia,771.1866453674121
Nepal,NPL,2002,2380.2441,Asia,NPL,49.0,3.13,24946755.0,Asia,760.4613738019169
Nepal,NPL,2003,2439.4949,Asia,NPL,49.0,3.13,24946755.0,Asia,779.3913418530352
Nepal,NPL,2004,2521.541,Asia,NPL,49.0,3.13,24946755.0,Asia,805.6041533546327
Nepal,NPL,2005,2580.231,Asia,NPL,49.0,3.74,26309462.0,Asia,689.9013368983957
Nepal,NPL,2006,2641.348,Asia,NPL,49.0,3.74,26309462.0,Asia,706.242780748663
Nepal,NPL,2007,2708.7144,Asia,NPL,49.0,3.74,26309462.0,Asia,724.2551871657753
Nepal,NPL,2008,2852.6099,Asia,NPL,49.0,3.74,26309462.0,Asia,762.7299197860962
Nepal,NPL,2009,2961.839,Asia,NPL,49.0,3.74,26309462.0,Asia,791.9355614973261
Nepal,NPL,2010,3085.314,Asia,NPL,49.0,4.44,27341955.0,Asia,694.8905405405404
Nepal,NPL,2011,3176.6504,Asia,NPL,60.0,4.44,27464499.0,Asia,715.4618018018017
Nepal,NPL,2012,3316.5007,Asia,NPL,60.0,4.44,27464499.0,Asia,746.9596171171171
Nepal,NPL,2013,3426.5579,Asia,NPL,60.0,4.44,27464499.0,Asia,771.7472747747746
Nepal,NPL,2014,3621.7317,Asia,NPL,60.0,4.44,27464499.0,Asia,815.7053378378378
Nepal,NPL,2015,3745.2617,Asia,NPL,60.0,5.44,27823631.0,Asia,688.4672242647058
Nepal,NPL,2016,3743.7446,Asia,NPL,65.50101,5.44,27955471.0,Asia,688.1883455882353
Nepal,NPL,2017,4071.7043,Asia,NPL,65.50101,5.44,27955471.0,Asia,748.4750551470587
Nepal,NPL,2018,4371.3857,Asia,NPL,65.50101,5.44,27955471.0,Asia,803.5635477941175
Nepal,NPL,2019,4607.5244,Asia,NPL,68.7125,5.44,28414066.0,Asia,846.9713970588235
Nepal,NPL,2020,4412.542,Asia,NPL,68.7125,6.19,28966580.0,Asia,712.8500807754443
Nepal,NPL,2021,4546.2295,Asia,NPL,68.7125,6.19,28966580.0,Asia,734.4474151857835
Nepal,NPL,2022,4763.3877,Asia,NPL,68.7125,6.19,28966580.0,Asia,769.5295153473344
Nepal,NPL,2023,4861.2305,Asia,NPL,68.7125,6.19,28966580.0,Asia,785.3361066235864
Netherlands,NLD,1990,43128.312,Europe,NLD,98.5,10.59,15030886.0,Europe,4072.550708215297
Netherlands,NLD,1991,43833.484,Europe,NLD,98.5,10.59,15030886.0,Europe,4139.139187913125
Netherlands,NLD,1992,44245.527,Europe,NLD,98.5,10.59,15030886.0,Europe,4178.047875354108
Netherlands,NLD,1993,44490.758,Europe,NLD,98.5,10.59,15030886.0,Europe,4201.204721435317
Netherlands,NLD,1994,45532.805,Europe,NLD,98.5,10.59,15030886.0,Europe,4299.603871576959
Netherlands,NLD,1995,46720.29,Europe,NLD,98.5,10.88,15565034.0,Europe,4294.144301470588
Netherlands,NLD,1996,48095.965,Europe,NLD,98.5,10.88,15565034.0,Europe,4420.585018382352
Netherlands,NLD,1997,49881.875,Europe,NLD,98.5,10.88,15565034.0,Europe,4584.731158088235
Netherlands,NLD,1998,51879.38,Europe,NLD,98.5,10.88,15565034.0,Europe,4768.325367647059
Netherlands,NLD,1999,54134.363,Europe,NLD,98.5,10.88,15565034.0,Europe,4975.584834558823
Netherlands,NLD,2000,56016.87,Europe,NLD,98.5,11.14,16058757.0,Europe,5028.44434470377
Netherlands,NLD,2001,56887.434,Europe,NLD,98.5,11.14,16058757.0,Europe,5106.591921005386
Netherlands,NLD,2002,56664.414,Europe,NLD,98.5,11.14,16058757.0,Europe,5086.572172351885
Netherlands,NLD,2003,56452.867,Europe,NLD,98.5,11.14,16058757.0,Europe,5067.582315978456
Netherlands,NLD,2004,57391.363,Europe,NLD,98.5,11.14,16058757.0,Europe,5151.827917414721
Netherlands,NLD,2005,58422.01,Europe,NLD,98.5,11.15,16465707.0,Europe,5239.642152466367
Netherlands,NLD,2006,60391.543,Europe,NLD,98.5,11.15,16465707.0,Europe,5416.281883408072
Netherlands,NLD,2007,62601.62,Europe,NLD,98.5,11.15,16465707.0,Europe,5614.495067264574
Netherlands,NLD,2008,63678.402,Europe,NLD,98.5,11.15,16465707.0,Europe,5711.067443946188
Netherlands,NLD,2009,61029.73,Europe,NLD,98.5,11.15,16465707.0,Europe,5473.518385650224
Netherlands,NLD,2010,61518.555,Europe,NLD,98.5,11.71,16771232.0,Europe,5253.505977796754
Netherlands,NLD,2011,62318.14,Europe,NLD,98.5,11.71,16771232.0,Europe,5321.788215200682
Netherlands,NLD,2012,61480.812,Europe,NLD,98.5,11.71,16771232.0,Europe,5250.282835183603
Netherlands,NLD,2013,61281.29,Europe,NLD,98.5,11.71,16771232.0,Europe,5233.244235695986
Netherlands,NLD,2014,62045.855,Europe,NLD,98.5,11.71,16771232.0,Europe,5298.535866780529
Netherlands,NLD,2015,63081.395,Europe,NLD,98.5,11.74,17107429.0,Europe,5373.202299829642
Netherlands,NLD,2016,64267.74,Europe,NLD,98.5,11.74,17107429.0,Europe,5474.2538330494035
Netherlands,NLD,2017,65666.0,Europe,NLD,98.5,11.74,17107429.0,Europe,5593.35604770017
Netherlands,NLD,2018,66758.266,Europe,NLD,98.5,11.74,17107429.0,Europe,5686.394037478705
Netherlands,NLD,2019,67847.85,Europe,NLD,98.5,11.74,17107429.0,Europe,5779.203577512777
Netherlands,NLD,2020,64862.19,Europe,NLD,98.5,11.82,17636732.0,Europe,5487.494923857868
Netherlands,NLD,2021,68573.56,Europe,NLD,98.5,11.82,17636732.0,Europe,5801.485617597293
Netherlands,NLD,2022,71324.04,Europe,NLD,98.5,11.82,17636732.0,Europe,6034.182741116751
Netherlands,NLD,2023,70198.93,Europe,NLD,98.5,11.82,17636732.0,Europe,5938.995769881556
New Caledonia,NLD,1996,70498.88,Europe,NCL,96.0,11.82,205048.0,Oceania,5964.372250423012
New Zealand,NZL,1990,30695.467,Oceania,NZL,98.5,11.69,3396981.0,Oceania,2625.7884516680924
New Zealand,NZL,1991,28924.744,Oceania,NZL,98.5,11.69,3396981.0,Oceania,2474.315141146279
New Zealand,NZL,1992,28938.098,Oceania,NZL,98.5,11.69,3396981.0,Oceania,2475.4574850299405
New Zealand,NZL,1993,30438.627,Oceania,NZL,98.5,11.69,3396981.0,Oceania,2603.81753635586
New Zealand,NZL,1994,31574.357,Oceania,NZL,98.5,11.69,3396981.0,Oceania,2700.971514114628
New Zealand,NZL,1995,32584.654,Oceania,NZL,98.5,11.81,3674434.0,Oceania,2759.0731583403895
New Zealand,NZL,1996,33231.45,Oceania,NZL,98.5,11.81,3674434.0,Oceania,2813.8399661303974
New Zealand,NZL,1997,33480.145,Oceania,NZL,98.5,11.81,3674434.0,Oceania,2834.8979678238775
New Zealand,NZL,1998,33469.254,Oceania,NZL,98.5,11.81,3674434.0,Oceania,2833.9757832345467
New Zealand,NZL,1999,35084.293,Oceania,NZL,98.5,11.81,3674434.0,Oceania,2970.727603725656
New Zealand,NZL,2000,35879.793,Oceania,NZL,98.5,11.98,3857576.0,Oceania,2994.9743739565943
New Zealand,NZL,2001,36885.645,Oceania,NZL,98.5,11.98,3857576.0,Oceania,3078.93530884808
New Zealand,NZL,2002,37959.066,Oceania,NZL,98.5,11.98,3857576.0,Oceania,3168.536393989983
New Zealand,NZL,2003,38976.914,Oceania,NZL,98.5,11.98,3857576.0,Oceania,3253.498664440734
New Zealand,NZL,2004,39971.77,Oceania,NZL,98.5,11.98,3857576.0,Oceania,3336.5417362270446
New Zealand,NZL,2005,40848.297,Oceania,NZL,98.5,12.0,4135002.0,Oceania,3404.02475
New Zealand,NZL,2006,41475.12,Oceania,NZL,98.5,12.0,4135002.0,Oceania,3456.26
New Zealand,NZL,2007,42346.09,Oceania,NZL,98.5,12.0,4135002.0,Oceania,3528.840833333333
New Zealand,NZL,2008,41561.184,Oceania,NZL,98.5,12.0,4135002.0,Oceania,3463.4320000000002
New Zealand,NZL,2009,41132.336,Oceania,NZL,98.5,12.0,4135002.0,Oceania,3427.6946666666668
New Zealand,NZL,2010,41270.93,Oceania,NZL,98.5,11.12,4347766.0,Oceania,3711.414568345324
New Zealand,NZL,2011,41814.887,Oceania,NZL,98.5,11.12,4347766.0,Oceania,3760.331564748202
New Zealand,NZL,2012,42570.332,Oceania,NZL,98.5,11.12,4347766.0,Oceania,3828.2672661870506
New Zealand,NZL,2013,43338.438,Oceania,NZL,98.5,11.12,4347766.0,Oceania,3897.3415467625905
New Zealand,NZL,2014,44255.504,Oceania,NZL,98.5,11.12,4347766.0,Oceania,3979.8115107913673
New Zealand,NZL,2015,44963.832,Oceania,NZL,98.5,10.91,4614035.0,Oceania,4121.341154903758
New Zealand,NZL,2016,45626.684,Oceania,NZL,98.5,10.91,4614035.0,Oceania,4182.097525206233
New Zealand,NZL,2017,46193.29,Oceania,NZL,98.5,10.91,4614035.0,Oceania,4234.032080659945
New Zealand,NZL,2018,46947.938,Oceania,NZL,98.5,10.91,4614035.0,Oceania,4303.202383134739
New Zealand,NZL,2019,47362.32,Oceania,NZL,98.5,10.91,4614035.0,Oceania,4341.184234647113
New Zealand,NZL,2020,46266.395,Oceania,NZL,98.5,10.81,5069895.0,Oceania,4279.962534690101
New Zealand,NZL,2021,48248.72,Oceania,NZL,98.5,10.81,5069895.0,Oceania,4463.341350601295
New Zealand,NZL,2022,49964.176,Oceania,NZL,98.5,10.81,5069895.0,Oceania,4622.032932469935
New Zealand,NZL,2023,49508.27,Oceania,NZL,98.5,10.81,5069895.0,Oceania,4579.858464384828
Nicaragua,NIC,1990,4217.609,North America,NIC,37.5,4.64,4162566.0,North America,908.9674568965519
Nicaragua,NIC,1991,4113.6875,North America,NIC,37.5,4.64,4162566.0,North America,886.5705818965517
Nicaragua,NIC,1992,4037.2754,North America,NIC,37.5,4.64,4162566.0,North America,870.1024568965518
Nicaragua,NIC,1993,3934.0928,North America,NIC,37.5,4.64,4162566.0,North America,847.864827586207
Nicaragua,NIC,1994,3979.9854,North America,NIC,37.5,4.64,4162566.0,North America,857.7554741379311
Nicaragua,NIC,1995,4130.286,North America,NIC,37.5,5.19,4642933.0,North America,795.8161849710982
Nicaragua,NIC,1996,4311.493,North America,NIC,37.5,5.19,4642933.0,North America,830.7308285163776
Nicaragua,NIC,1997,4408.329,North America,NIC,37.5,5.19,4642933.0,North America,849.3890173410404
Nicaragua,NIC,1998,4502.598,North America,NIC,37.5,5.19,4642933.0,North America,867.5526011560693
Nicaragua,NIC,1999,4750.9487,North America,NIC,37.5,5.19,4642933.0,North America,915.404373795761
Nicaragua,NIC,2000,4878.2476,North America,NIC,37.5,5.7,5022636.0,North America,855.8329122807016
Nicaragua,NIC,2001,4958.3276,North America,NIC,77.0,5.7,5087827.0,North America,869.8820350877193
Nicaragua,NIC,2002,4935.4854,North America,NIC,77.0,5.7,5087827.0,North America,865.8746315789473
Nicaragua,NIC,2003,5000.612,North America,NIC,77.0,5.7,5087827.0,North America,877.300350877193
Nicaragua,NIC,2004,5204.382,North America,NIC,77.0,5.7,5087827.0,North America,913.0494736842104
Nicaragua,NIC,2005,5356.9585,North America,NIC,78.0,6.28,5342108.0,North America,853.0188694267515
Nicaragua,NIC,2006,5500.406,North America,NIC,78.0,6.28,5342108.0,North America,875.8608280254776
Nicaragua,NIC,2007,5697.211,North America,NIC,78.0,6.28,5342108.0,North America,907.199203821656
Nicaragua,NIC,2008,5809.0996,North America,NIC,78.0,6.28,5342108.0,North America,925.0158598726114
Nicaragua,NIC,2009,5538.3657,North America,NIC,78.0,6.28,5342108.0,North America,881.9053662420382
Nicaragua,NIC,2010,5701.128,North America,NIC,78.0,6.82,5737451.0,North America,835.9425219941348
Nicaragua,NIC,2011,5976.253,North America,NIC,78.0,6.82,5737451.0,North America,876.283431085044
Nicaragua,NIC,2012,6275.7876,North America,NIC,78.0,6.82,5737451.0,North America,920.2034604105571
Nicaragua,NIC,2013,6494.1494,North America,NIC,78.0,6.82,5737451.0,North America,952.2213196480939
Nicaragua,NIC,2014,6712.2173,North America,NIC,78.0,6.82,5737451.0,North America,984.1960850439883
Nicaragua,NIC,2015,6939.0327,North America,NIC,78.0,7.25,6149417.0,North America,957.1079586206896
Nicaragua,NIC,2016,7158.758,North America,NIC,78.0,7.25,6149417.0,North America,987.4148965517242
Nicaragua,NIC,2017,7391.197,North America,NIC,78.0,7.25,6149417.0,North America,1019.475448275862
Nicaragua,NIC,2018,7049.0273,North America,NIC,78.0,7.25,6149417.0,North America,972.2796275862069
Nicaragua,NIC,2019,6756.5938,North America,NIC,78.0,7.25,6149417.0,North America,931.9439724137931
Nicaragua,NIC,2020,6523.3696,North America,NIC,78.0,7.76,6565267.0,North America,840.6404123711341
Nicaragua,NIC,2021,7119.1694,North America,NIC,78.0,7.76,6565267.0,North America,917.418737113402
Nicaragua,NIC,2022,7277.8228,North America,NIC,78.0,7.76,6565267.0,North America,937.8637628865979
Nicaragua,NIC,2023,7496.5293,North America,NIC,78.0,7.76,6565267.0,North America,966.0475902061856
Niger,NER,1990,1411.8489,Africa,NER,78.0,1.08,8286066.0,Africa,1307.2675
Niger,NER,1991,1362.7455,Africa,NER,78.0,1.08,8286066.0,Africa,1261.8013888888888
Niger,NER,1992,1347.3323,Africa,NER,78.0,1.08,8286066.0,Africa,1247.5299074074073
Niger,NER,1993,1309.6112,Africa,NER,78.0,1.08,8286066.0,Africa,1212.602962962963
Niger,NER,1994,1291.6816,Africa,NER,78.0,1.08,8286066.0,Africa,1196.0014814814813
Niger,NER,1995,1280.3354,Africa,NER,78.0,1.28,9714537.0,Africa,1000.26203125
Niger,NER,1996,1239.4767,Africa,NER,78.0,1.28,9714537.0,Africa,968.341171875
Niger,NER,1997,1217.3125,Africa,NER,78.0,1.28,9714537.0,Africa,951.025390625
Niger,NER,1998,1294.1619,Africa,NER,78.0,1.28,9714537.0,Africa,1011.063984375
Niger,NER,1999,1247.6471,Africa,NER,78.0,1.28,9714537.0,Africa,974.7242968749999
Niger,NER,2000,1190.5668,Africa,NER,78.0,1.43,11509634.0,Africa,832.5641958041958
Niger,NER,2001,1233.0651,Africa,NER,14.0,1.43,11920648.0,Africa,862.2832867132868
Niger,NER,2002,1248.8231,Africa,NER,14.0,1.43,11920648.0,Africa,873.3028671328672
Niger,NER,2003,1231.2781,Africa,NER,14.0,1.43,11920648.0,Africa,861.0336363636364
Niger,NER,2004,1192.0824,Africa,NER,14.0,1.43,11920648.0,Africa,833.624055944056
Niger,NER,2005,1233.8755,Africa,NER,29.0,1.62,13756192.0,Africa,761.6515432098765
Niger,NER,2006,1260.1205,Africa,NER,29.0,1.62,13756192.0,Africa,777.8521604938271
Niger,NER,2007,1252.7483,Africa,NER,29.0,1.62,13756192.0,Africa,773.3014197530864
Niger,NER,2008,1300.5542,Africa,NER,29.0,1.62,13756192.0,Africa,802.8112345679012
Niger,NER,2009,1277.6923,Africa,NER,29.0,1.62,13756192.0,Africa,788.6989506172839
Niger,NER,2010,1336.5641,Africa,NER,29.0,1.95,16548833.0,Africa,685.4174871794872
Niger,NER,2011,1318.1013,Africa,NER,29.0,1.95,16548833.0,Africa,675.9493846153847
Niger,NER,2012,1403.1897,Africa,NER,31.0,1.95,17836770.0,Africa,719.5844615384615
Niger,NER,2013,1423.2617,Africa,NER,31.0,1.95,17836770.0,Africa,729.8777948717949
Niger,NER,2014,1462.8213,Africa,NER,31.0,1.95,17836770.0,Africa,750.1647692307693
Niger,NER,2015,1471.6614,Africa,NER,31.0,2.44,19939496.0,Africa,603.1399180327869
Niger,NER,2016,1500.0085,Africa,NER,31.0,2.44,19939496.0,Africa,614.7575819672131
Niger,NER,2017,1520.0016,Africa,NER,31.0,2.44,19939496.0,Africa,622.9514754098361
Niger,NER,2018,1574.3384,Africa,NER,33.04745,2.44,22188074.0,Africa,645.220655737705
Niger,NER,2019,1612.6373,Africa,NER,33.04745,2.44,22188074.0,Africa,660.9169262295082
Niger,NER,2020,1615.6927,Africa,NER,33.04745,3.04,23717615.0,Africa,531.4778618421053
Niger,NER,2021,1585.5992,Africa,NER,33.04745,3.04,23717615.0,Africa,521.5786842105264
Niger,NER,2022,1717.5189,Africa,NER,35.60971,3.04,25311978.0,Africa,564.973322368421
Niger,NER,2023,1689.5642,Africa,NER,35.60971,3.04,25311978.0,Africa,555.7776973684211
Nigeria,NGA,1990,5423.807,Africa,NGA,12.5,3.04,37283019.0,Africa,1784.1470394736841
Nigeria,NGA,1991,5301.3633,Africa,NGA,55.0,3.04,99720161.0,Africa,1743.8695065789473
Nigeria,NGA,1992,5403.1533,Africa,NGA,55.0,3.04,99720161.0,Africa,1777.3530592105262
Nigeria,NGA,1993,5154.758,Africa,NGA,55.0,3.04,99720161.0,Africa,1695.6440789473684
Nigeria,NGA,1994,4929.268,Africa,NGA,55.0,3.04,99720161.0,Africa,1621.4697368421052
Nigeria,NGA,1995,4797.5117,Africa,NGA,55.0,3.04,99720161.0,Africa,1578.1288486842104
Nigeria,NGA,1996,4869.8213,Africa,NGA,55.0,3.04,99720161.0,Africa,1601.9149013157894
Nigeria,NGA,1997,4884.0474,Africa,NGA,55.0,3.04,99720161.0,Africa,1606.5945394736843
Nigeria,NGA,1998,4880.88,Africa,NGA,55.0,3.04,99720161.0,Africa,1605.5526315789473
Nigeria,NGA,1999,4781.6733,Africa,NGA,55.0,3.04,99720161.0,Africa,1572.9188486842106
Nigeria,NGA,2000,4889.0034,Africa,NGA,55.0,3.04,99720161.0,Africa,1608.2248026315788
Nigeria,NGA,2001,5039.549,Africa,NGA,55.0,3.04,99720161.0,Africa,1657.7463815789474
Nigeria,NGA,2002,5654.897,Africa,NGA,55.0,3.04,99720161.0,Africa,1860.1634868421052
Nigeria,NGA,2003,5905.315,Africa,NGA,55.0,3.04,137202646.0,Africa,1942.5378289473683
Nigeria,NGA,2004,6275.299,Africa,NGA,55.0,3.04,137202646.0,Africa,2064.2430921052633
Nigeria,NGA,2005,6496.932,Africa,NGA,55.0,3.04,137202646.0,Africa,2137.1486842105264
Nigeria,NGA,2006,6702.9453,Africa,NGA,70.0,3.04,149077335.0,Africa,2204.916217105263
Nigeria,NGA,2007,6949.4263,Africa,NGA,70.0,3.04,149077335.0,Africa,2285.9954934210527
Nigeria,NGA,2008,7215.7695,Africa,NGA,70.0,3.04,149077335.0,Africa,2373.6083881578948
Nigeria,NGA,2009,7581.406,Africa,NGA,70.0,3.04,149077335.0,Africa,2493.883552631579
Nigeria,NGA,2010,7962.6396,Africa,NGA,70.0,3.04,149077335.0,Africa,2619.289342105263
Nigeria,NGA,2011,8153.5317,Africa,NGA,70.0,3.04,149077335.0,Africa,2682.0827960526312
Nigeria,NGA,2012,8265.905,Africa,NGA,70.0,3.04,149077335.0,Africa,2719.0476973684213
Nigeria,NGA,2013,8581.208,Africa,NGA,70.0,3.04,149077335.0,Africa,2822.7657894736844
Nigeria,NGA,2014,8884.774,Africa,NGA,70.0,3.04,149077335.0,Africa,2922.623026315789
Nigeria,NGA,2015,8892.058,Africa,NGA,70.0,3.04,149077335.0,Africa,2925.0190789473686
Nigeria,NGA,2016,8534.692,Africa,NGA,58.22134,3.04,195443698.0,Africa,2807.46447368421
Nigeria,NGA,2017,8396.784,Africa,NGA,58.22134,3.04,195443698.0,Africa,2762.1
Nigeria,NGA,2018,8362.623,Africa,NGA,58.22134,3.04,195443698.0,Africa,2750.862828947368
Nigeria,NGA,2019,8361.787,Africa,NGA,58.22134,3.04,195443698.0,Africa,2750.5878289473685
Nigeria,NGA,2020,7664.211,Africa,NGA,58.22134,3.04,195443698.0,Africa,2521.1220394736843
Nigeria,NGA,2021,7588.479,Africa,NGA,63.15554,3.04,218529286.0,Africa,2496.210197368421
Nigeria,NGA,2022,7752.262,Africa,NGA,63.15554,3.04,218529286.0,Africa,2550.086184210526
Nigeria,NGA,2023,7843.8345,Africa,NGA,63.15554,3.04,218529286.0,Africa,2580.208717105263
North America,NGA,1990,7994.216,Africa,OWID_NAM,87.5,10.354489,427527970.0,Oceania,772.0531645743214
North America,NGA,1995,7994.216,Africa,OWID_NAM,87.5,10.70915,457858573.0,Oceania,746.4846416382253
North America,NGA,2000,7994.216,Africa,OWID_NAM,87.5,11.041485,485805117.0,Oceania,724.016380043083
North America,NGA,2005,7994.216,Africa,OWID_NAM,87.5,11.279681,513798980.0,Oceania,708.7271351024909
North America,NGA,2010,7994.216,Africa,OWID_NAM,87.5,11.529182,543593308.0,Oceania,693.3896958171014
North America,NGA,2015,7994.216,Africa,OWID_NAM,87.5,11.672196,572637322.0,Oceania,684.8939137074121
North America,NGA,2020,7994.216,Africa,OWID_NAM,87.5,11.858304,598250669.0,Oceania,674.1449704780717
North America (Wb),WB_NA,1990,43996.17,Africa,OWID_NAM,87.5,11.858304,598250669.0,Oceania,3710.1570342605482
North America (Wb),WB_NA,1991,43289.633,Africa,OWID_NAM,87.5,11.858304,598250669.0,Oceania,3650.5754111211854
North America (Wb),WB_NA,1992,44104.367,Africa,OWID_NAM,87.5,11.858304,598250669.0,Oceania,3719.2811889457375
North America (Wb),WB_NA,1993,44730.617,Africa,OWID_NAM,87.5,11.858304,598250669.0,Oceania,3772.092282336496
North America (Wb),WB_NA,1994,45989.266,Africa,OWID_NAM,87.5,11.858304,598250669.0,Oceania,3878.2330087000637
North America (Wb),WB_NA,1995,46672.28,Africa,OWID_NAM,87.5,11.858304,598250669.0,Oceania,3935.830958626124
North America (Wb),WB_NA,1996,47793.414,Africa,OWID_NAM,87.5,11.858304,598250669.0,Oceania,4030.3751700074477
North America (Wb),WB_NA,1997,49324.945,Africa,OWID_NAM,87.5,11.858304,598250669.0,Oceania,4159.527787447513
North America (Wb),WB_NA,1998,50930.855,Africa,OWID_NAM,87.5,11.858304,598250669.0,Oceania,4294.952718365123
North America (Wb),WB_NA,1999,52792.8,Africa,OWID_NAM,87.5,11.858304,598250669.0,Oceania,4451.968848159062
North America (Wb),WB_NA,2000,54395.99,Africa,OWID_NAM,87.5,11.858304,598250669.0,Oceania,4587.16440394849
North America (Wb),WB_NA,2001,54414.23,Africa,OWID_NAM,87.5,11.858304,598250669.0,Oceania,4588.702566572758
North America (Wb),WB_NA,2002,54881.0,Africa,OWID_NAM,87.5,11.858304,598250669.0,Oceania,4628.064856492126
North America (Wb),WB_NA,2003,55882.54,Africa,OWID_NAM,98.61992,11.858304,598250669.0,Oceania,4712.523814535367
North America (Wb),WB_NA,2004,57460.652,Africa,OWID_NAM,98.63156,11.858304,598250669.0,Oceania,4845.6045653746105
North America (Wb),WB_NA,2005,58901.375,Africa,OWID_NAM,98.64237,11.858304,598250669.0,Oceania,4967.099426697106
North America (Wb),WB_NA,2006,59950.812,Africa,OWID_NAM,98.65695,11.858304,598250669.0,Oceania,5055.5974952236
North America (Wb),WB_NA,2007,60574.895,Africa,OWID_NAM,98.66643,11.858304,598250669.0,Oceania,5108.2258474736345
North America (Wb),WB_NA,2008,60110.46,Africa,OWID_NAM,98.68658,11.858304,598250669.0,Oceania,5069.060465982319
North America (Wb),WB_NA,2009,58016.86,Africa,OWID_NAM,98.68658,11.858304,598250669.0,Oceania,4892.509080556545
North America (Wb),WB_NA,2010,59082.02,Africa,OWID_NAM,98.68658,11.858304,598250669.0,Oceania,4982.333055384648
North America (Wb),WB_NA,2011,59602.137,Africa,OWID_NAM,98.68658,11.858304,598250669.0,Oceania,5026.194049334542
North America (Wb),WB_NA,2012,60435.074,Africa,OWID_NAM,98.68658,11.858304,598250669.0,Oceania,5096.434869606986
North America (Wb),WB_NA,2013,61242.504,Africa,OWID_NAM,98.68658,11.858304,598250669.0,Oceania,5164.524707749101
North America (Wb),WB_NA,2014,62295.5,Africa,OWID_NAM,98.68658,11.858304,598250669.0,Oceania,5253.322903511328
North America (Wb),WB_NA,2015,63496.156,Africa,OWID_NAM,98.68658,11.858304,598250669.0,Oceania,5354.573132886457
North America (Wb),WB_NA,2016,64079.96,Africa,OWID_NAM,98.68658,11.858304,598250669.0,Oceania,5403.804793670326
North America (Wb),WB_NA,2017,65200.664,Africa,OWID_NAM,98.75348,11.858304,598250669.0,Oceania,5498.312743542415
North America (Wb),WB_NA,2018,66672.05,Africa,OWID_NAM,98.75979,11.858304,598250669.0,Oceania,5622.393387789687
North America (Wb),WB_NA,2019,67938.39,Africa,OWID_NAM,98.76517,11.858304,598250669.0,Oceania,5729.182689194003
North America (Wb),WB_NA,2020,65982.81,Africa,OWID_NAM,98.77029,11.858304,598250669.0,Oceania,5564.27040494155
North America (Wb),WB_NA,2021,69833.49,Africa,OWID_NAM,98.77717,11.858304,598250669.0,Oceania,5888.994750008096
North America (Wb),WB_NA,2022,71184.96,Africa,OWID_NAM,98.77941,11.858304,598250669.0,Oceania,6002.962986949905
North America (Wb),WB_NA,2023,72394.125,Africa,OWID_NAM,98.77941,11.858304,598250669.0,Oceania,6104.930772562417
North Korea,WB_NA,2008,73462.04,Africa,PRK,100.0,11.858304,24764620.0,Asia,6194.987074036893
North Macedonia,MKD,1990,12904.54,Europe,PRK,100.0,11.858304,24764620.0,Asia,1088.2281311054262
North Macedonia,MKD,1991,12153.549,Europe,PRK,100.0,11.858304,24764620.0,Asia,1024.897742543959
North Macedonia,MKD,1992,11486.776,Europe,PRK,100.0,11.858304,24764620.0,Asia,968.6693813887719
North Macedonia,MKD,1993,10764.747,Europe,PRK,100.0,11.858304,24764620.0,Asia,907.7813319678766
North Macedonia,MKD,1994,10650.783,Europe,MKD,94.0,11.858304,1992669.0,Europe,898.1708514134904
North Macedonia,MKD,1995,10501.133,Europe,MKD,94.0,11.858304,1992669.0,Europe,885.5510029090162
North Macedonia,MKD,1996,10551.566,Europe,MKD,94.0,11.858304,1992669.0,Europe,889.8039719676608
North Macedonia,MKD,1997,10787.575,Europe,MKD,94.0,11.858304,1992669.0,Europe,909.7063964627657
North Macedonia,MKD,1998,11092.875,Europe,MKD,94.0,11.858304,1992669.0,Europe,935.4520680191704
North Macedonia,MKD,1999,11519.005,Europe,MKD,94.0,11.858304,1992669.0,Europe,971.3872236704337
North Macedonia,MKD,2000,11988.295,Europe,MKD,94.0,11.858304,1992669.0,Europe,1010.9620228997334
North Macedonia,MKD,2001,11571.859,Europe,MKD,94.0,11.858304,1992669.0,Europe,975.8443534589769
North Macedonia,MKD,2002,11830.312,Europe,MKD,96.0,11.858304,2074482.0,Europe,997.6394600779336
North Macedonia,MKD,2003,12077.899,Europe,MKD,96.0,11.858304,2074482.0,Europe,1018.5182467914467
North Macedonia,MKD,2004,12683.434,Europe,MKD,96.0,11.858304,2074482.0,Europe,1069.5824630571117
North Macedonia,MKD,2005,13354.517,Europe,MKD,96.0,11.858304,2074482.0,Europe,1126.1742825955548
North Macedonia,MKD,2006,14118.288,Europe,MKD,96.0,11.858304,2074482.0,Europe,1190.5823969431042
North Macedonia,MKD,2007,15118.307,Europe,MKD,96.0,11.858304,2074482.0,Europe,1274.9130904385652
North Macedonia,MKD,2008,16038.107,Europe,MKD,96.0,11.858304,2074482.0,Europe,1352.478988563626
North Macedonia,MKD,2009,16084.295,Europe,MKD,96.0,11.858304,2074482.0,Europe,1356.373980629945
North Macedonia,MKD,2010,16731.16,Europe,MKD,96.0,11.858304,2074482.0,Europe,1410.923518236672
North Macedonia,MKD,2011,17201.307,Europe,MKD,96.0,11.858304,2074482.0,Europe,1450.5705874971666
North Macedonia,MKD,2012,17190.066,Europe,MKD,96.0,11.858304,2074482.0,Europe,1449.622644182507
North Macedonia,MKD,2013,17758.3,Europe,MKD,96.0,11.858304,2074482.0,Europe,1497.541301015727
North Macedonia,MKD,2014,18452.283,Europe,MKD,96.0,11.858304,2074482.0,Europe,1556.0642567436287
North Macedonia,MKD,2015,19215.154,Europe,MKD,96.0,11.858304,2074482.0,Europe,1620.3964749090594
North Macedonia,MKD,2016,19825.855,Europe,MKD,96.0,11.858304,2074482.0,Europe,1671.8963352600842
North Macedonia,MKD,2017,20121.135,Europe,MKD,96.0,11.858304,2074482.0,Europe,1696.7970293222368
North Macedonia,MKD,2018,20806.008,Europe,MKD,96.0,11.858304,2074482.0,Europe,1754.5517470289176
North Macedonia,MKD,2019,21766.975,Europe,MKD,96.0,11.858304,2074482.0,Europe,1835.5892208531673
North Macedonia,MKD,2020,20971.53,Europe,MKD,96.0,11.858304,2074482.0,Europe,1768.5100668695961
North Macedonia,MKD,2021,22144.285,Europe,MKD,96.0,11.858304,2074482.0,Europe,1867.407430269961
North Macedonia,MKD,2022,22822.328,Europe,MKD,96.0,11.858304,2074482.0,Europe,1924.5861802834538
North Macedonia,MKD,2023,23455.32,Europe,MKD,96.0,11.858304,2074482.0,Europe,1977.96582040737
Northern Africa And Western Asia (Sdg),MKD,1990,24203.285,Europe,MKD,64.19637,11.858304,2074482.0,Europe,2041.0410291387368
Northern Africa And Western Asia (Sdg),MKD,1991,24203.285,Europe,MKD,65.00349,11.858304,2074482.0,Europe,2041.0410291387368
Northern Africa And Western Asia (Sdg),MKD,1992,24203.285,Europe,MKD,65.77178,11.858304,2074482.0,Europe,2041.0410291387368
Northern Africa And Western Asia (Sdg),MKD,1993,24203.285,Europe,MKD,66.33577,11.858304,2074482.0,Europe,2041.0410291387368
Northern Africa And Western Asia (Sdg),MKD,1994,24203.285,Europe,MKD,67.05767,11.858304,2074482.0,Europe,2041.0410291387368
Northern Africa And Western Asia (Sdg),MKD,1995,24203.285,Europe,MKD,67.79916,11.858304,2074482.0,Europe,2041.0410291387368
Northern Africa And Western Asia (Sdg),MKD,1996,24203.285,Europe,MKD,68.66977,11.858304,2074482.0,Europe,2041.0410291387368
Northern Africa And Western Asia (Sdg),MKD,1997,24203.285,Europe,MKD,69.50703,11.858304,2074482.0,Europe,2041.0410291387368
Northern Africa And Western Asia (Sdg),MKD,1998,24203.285,Europe,MKD,70.41439,11.858304,2074482.0,Europe,2041.0410291387368
Northern Africa And Western Asia (Sdg),MKD,1999,24203.285,Europe,MKD,71.24101,11.858304,2074482.0,Europe,2041.0410291387368
Northern Africa And Western Asia (Sdg),MKD,2000,24203.285,Europe,MKD,72.16486,11.858304,2074482.0,Europe,2041.0410291387368
Northern Africa And Western Asia (Sdg),MKD,2001,24203.285,Europe,MKD,73.03478,11.858304,2074482.0,Europe,2041.0410291387368
Northern Africa And Western Asia (Sdg),MKD,2002,24203.285,Europe,MKD,73.83571,11.858304,2074482.0,Europe,2041.0410291387368
Northern Africa And Western Asia (Sdg),MKD,2003,24203.285,Europe,MKD,75.93867,11.858304,2074482.0,Europe,2041.0410291387368
Northern Africa And Western Asia (Sdg),MKD,2004,24203.285,Europe,MKD,76.60167,11.858304,2074482.0,Europe,2041.0410291387368
Northern Africa And Western Asia (Sdg),MKD,2005,24203.285,Europe,MKD,77.18137,11.858304,2074482.0,Europe,2041.0410291387368
Northern Africa And Western Asia (Sdg),MKD,2006,24203.285,Europe,MKD,75.35314,11.858304,2074482.0,Europe,2041.0410291387368
Northern Africa And Western Asia (Sdg),MKD,2007,24203.285,Europe,MKD,76.0082,11.858304,2074482.0,Europe,2041.0410291387368
Northern Africa And Western Asia (Sdg),MKD,2008,24203.285,Europe,MKD,76.72649,11.858304,2074482.0,Europe,2041.0410291387368
Northern Africa And Western Asia (Sdg),MKD,2009,24203.285,Europe,MKD,76.07653,11.858304,2074482.0,Europe,2041.0410291387368
Northern Africa And Western Asia (Sdg),MKD,2010,24203.285,Europe,MKD,76.8703,11.858304,2074482.0,Europe,2041.0410291387368
Northern Africa And Western Asia (Sdg),MKD,2011,24203.285,Europe,MKD,78.47644,11.858304,2074482.0,Europe,2041.0410291387368
Northern Africa And Western Asia (Sdg),MKD,2012,24203.285,Europe,MKD,79.18889,11.858304,2074482.0,Europe,2041.0410291387368
Northern Africa And Western Asia (Sdg),MKD,2013,24203.285,Europe,MKD,79.80632,11.858304,2074482.0,Europe,2041.0410291387368
Northern Africa And Western Asia (Sdg),MKD,2014,24203.285,Europe,MKD,80.18829,11.858304,2074482.0,Europe,2041.0410291387368
Northern Africa And Western Asia (Sdg),MKD,2015,24203.285,Europe,MKD,80.74607,11.858304,2074482.0,Europe,2041.0410291387368
Northern Africa And Western Asia (Sdg),MKD,2016,24203.285,Europe,MKD,79.70249,11.858304,2074482.0,Europe,2041.0410291387368
Northern Africa And Western Asia (Sdg),MKD,2017,24203.285,Europe,MKD,80.08974,11.858304,2074482.0,Europe,2041.0410291387368
Northern Africa And Western Asia (Sdg),MKD,2018,24203.285,Europe,MKD,80.34868,11.858304,2074482.0,Europe,2041.0410291387368
Northern Africa And Western Asia (Sdg),MKD,2019,24203.285,Europe,MKD,80.59253,11.858304,2074482.0,Europe,2041.0410291387368
Northern Africa And Western Asia (Sdg),MKD,2020,24203.285,Europe,MKD,80.83071,11.858304,2074482.0,Europe,2041.0410291387368
Northern Africa And Western Asia (Sdg),MKD,2021,24203.285,Europe,MKD,81.11396,11.858304,2074482.0,Europe,2041.0410291387368
Northern Africa And Western Asia (Sdg),MKD,2022,24203.285,Europe,MKD,81.32228,11.858304,2074482.0,Europe,2041.0410291387368
Northern Africa And Western Asia (Sdg),MKD,2023,24203.285,Europe,MKD,81.52536,11.858304,2074482.0,Europe,2041.0410291387368
Norway,NOR,1990,57106.883,Europe,NOR,98.5,10.79,4241440.0,Europe,5292.5748841519935
Norway,NOR,1991,58588.47,Europe,NOR,98.5,10.79,4241440.0,Europe,5429.886005560705
Norway,NOR,1992,60333.45,Europe,NOR,98.5,10.79,4241440.0,Europe,5591.60797034291
Norway,NOR,1993,61681.805,Europe,NOR,98.5,10.79,4241440.0,Europe,5716.571362372568
Norway,NOR,1994,64432.074,Europe,NOR,98.5,10.79,4241440.0,Europe,5971.461909175163
Norway,NOR,1995,66762.16,Europe,NOR,98.5,11.31,4358991.0,Europe,5902.931918656057
Norway,NOR,1996,69764.38,Europe,NOR,98.5,11.31,4358991.0,Europe,6168.380194518126
Norway,NOR,1997,73053.97,Europe,NOR,98.5,11.31,4358991.0,Europe,6459.236958443855
Norway,NOR,1998,74558.3,Europe,NOR,98.5,11.31,4358991.0,Europe,6592.245800176835
Norway,NOR,1999,75583.836,Europe,NOR,98.5,11.31,4358991.0,Europe,6682.920954907161
Norway,NOR,2000,77587.21,Europe,NOR,98.5,11.56,4490864.0,Europe,6711.696366782007
Norway,NOR,2001,78791.305,Europe,NOR,98.5,11.56,4490864.0,Europe,6815.856833910034
Norway,NOR,2002,79447.09,Europe,NOR,98.5,11.56,4490864.0,Europe,6872.585640138408
Norway,NOR,2003,79728.78,Europe,NOR,98.5,11.56,4490864.0,Europe,6896.9532871972315
Norway,NOR,2004,82440.95,Europe,NOR,98.5,11.56,4490864.0,Europe,7131.570069204152
Norway,NOR,2005,84080.0,Europe,NOR,98.5,11.91,4623120.0,Europe,7059.613769941226
Norway,NOR,2006,85458.55,Europe,NOR,98.5,11.91,4623120.0,Europe,7175.361041141898
Norway,NOR,2007,87043.5,Europe,NOR,98.5,11.91,4623120.0,Europe,7308.438287153653
Norway,NOR,2008,86379.664,Europe,NOR,98.5,11.91,4623120.0,Europe,7252.700587741394
Norway,NOR,2009,83642.07,Europe,NOR,98.5,11.91,4623120.0,Europe,7022.843828715366
Norway,NOR,2010,83256.79,Europe,NOR,98.5,11.65,4889160.0,Europe,7146.5055793991405
Norway,NOR,2011,83092.44,Europe,NOR,98.5,11.65,4889160.0,Europe,7132.398283261802
Norway,NOR,2012,84237.15,Europe,NOR,98.5,11.65,4889160.0,Europe,7230.656652360514
Norway,NOR,2013,84070.46,Europe,NOR,98.5,11.65,4889160.0,Europe,7216.348497854077
Norway,NOR,2014,84830.26,Europe,NOR,98.5,11.65,4889160.0,Europe,7281.567381974248
Norway,NOR,2015,85550.3,Europe,NOR,98.5,12.11,5189777.0,Europe,7064.434351775393
Norway,NOR,2016,85787.62,Europe,NOR,98.5,12.11,5189777.0,Europe,7084.031379025599
Norway,NOR,2017,87194.11,Europe,NOR,98.5,12.11,5189777.0,Europe,7200.174236168456
Norway,NOR,2018,87338.47,Europe,NOR,98.5,12.11,5189777.0,Europe,7212.094962840628
Norway,NOR,2019,87725.73,Europe,NOR,98.5,12.11,5189777.0,Europe,7244.073492981008
Norway,NOR,2020,86096.055,Europe,NOR,98.5,12.08,5379275.0,Europe,7127.156870860927
Norway,NOR,2021,88984.14,Europe,NOR,98.5,12.08,5379275.0,Europe,7366.236754966887
Norway,NOR,2022,91051.086,Europe,NOR,98.5,12.08,5379275.0,Europe,7537.341556291391
Norway,NOR,2023,90085.44,Europe,NOR,98.5,12.08,5379275.0,Europe,7457.403973509934
Oceania,NOR,2015,91105.25,Europe,OWID_OCE,98.5,10.736295,40615015.0,Europe,8485.725289776408
Oceania,NOR,2020,91105.25,Europe,OWID_OCE,98.5,10.736105,44079305.0,Europe,8485.875464146447
Oceania (Excluding Australia And New Zealand) (Sdg),NOR,1994,91105.25,Europe,OWID_OCE,63.83721,10.736105,44079305.0,Europe,8485.875464146447
Oceania (Excluding Australia And New Zealand) (Sdg),NOR,1995,91105.25,Europe,OWID_OCE,63.73516,10.736105,44079305.0,Europe,8485.875464146447
Oceania (Excluding Australia And New Zealand) (Sdg),NOR,1996,91105.25,Europe,OWID_OCE,64.12549,10.736105,44079305.0,Europe,8485.875464146447
Oceania (Excluding Australia And New Zealand) (Sdg),NOR,1997,91105.25,Europe,OWID_OCE,64.51518,10.736105,44079305.0,Europe,8485.875464146447
Oceania (Excluding Australia And New Zealand) (Sdg),NOR,1998,91105.25,Europe,OWID_OCE,64.89708,10.736105,44079305.0,Europe,8485.875464146447
Oceania (Excluding Australia And New Zealand) (Sdg),NOR,1999,91105.25,Europe,OWID_OCE,65.18096,10.736105,44079305.0,Europe,8485.875464146447
Oceania (Excluding Australia And New Zealand) (Sdg),NOR,2000,91105.25,Europe,OWID_OCE,65.35132,10.736105,44079305.0,Europe,8485.875464146447
Oceania (Excluding Australia And New Zealand) (Sdg),NOR,2001,91105.25,Europe,OWID_OCE,65.67382,10.736105,44079305.0,Europe,8485.875464146447
Oceania (Excluding Australia And New Zealand) (Sdg),NOR,2002,91105.25,Europe,OWID_OCE,65.98396,10.736105,44079305.0,Europe,8485.875464146447
Oceania (Excluding Australia And New Zealand) (Sdg),NOR,2003,91105.25,Europe,OWID_OCE,66.2849,10.736105,44079305.0,Europe,8485.875464146447
Oceania (Excluding Australia And New Zealand) (Sdg),NOR,2004,91105.25,Europe,OWID_OCE,66.58231,10.736105,44079305.0,Europe,8485.875464146447
Oceania (Excluding Australia And New Zealand) (Sdg),NOR,2005,91105.25,Europe,OWID_OCE,66.86126,10.736105,44079305.0,Europe,8485.875464146447
Oceania (Excluding Australia And New Zealand) (Sdg),NOR,2006,91105.25,Europe,OWID_OCE,67.13211,10.736105,44079305.0,Europe,8485.875464146447
Oceania (Excluding Australia And New Zealand) (Sdg),NOR,2007,91105.25,Europe,OWID_OCE,67.3978,10.736105,44079305.0,Europe,8485.875464146447
Oceania (Excluding Australia And New Zealand) (Sdg),NOR,2008,91105.25,Europe,OWID_OCE,67.65311,10.736105,44079305.0,Europe,8485.875464146447
Oceania (Excluding Australia And New Zealand) (Sdg),NOR,2009,91105.25,Europe,OWID_OCE,67.89148,10.736105,44079305.0,Europe,8485.875464146447
Oceania (Excluding Australia And New Zealand) (Sdg),NOR,2010,91105.25,Europe,OWID_OCE,68.12718,10.736105,44079305.0,Europe,8485.875464146447
Oceania (Excluding Australia And New Zealand) (Sdg),NOR,2011,91105.25,Europe,OWID_OCE,68.01376,10.736105,44079305.0,Europe,8485.875464146447
Oceania (Excluding Australia And New Zealand) (Sdg),NOR,2012,91105.25,Europe,OWID_OCE,67.90237,10.736105,44079305.0,Europe,8485.875464146447
Oceania (Excluding Australia And New Zealand) (Sdg),NOR,2013,91105.25,Europe,OWID_OCE,67.79107,10.736105,44079305.0,Europe,8485.875464146447
Oceania (Excluding Australia And New Zealand) (Sdg),NOR,2017,91105.25,Europe,OWID_OCE,67.29137,10.736105,44079305.0,Europe,8485.875464146447
Oceania (Excluding Australia And New Zealand) (Sdg),NOR,2018,91105.25,Europe,OWID_OCE,67.18698,10.736105,44079305.0,Europe,8485.875464146447
Oceania (Excluding Australia And New Zealand) (Sdg),NOR,2019,91105.25,Europe,OWID_OCE,67.08638,10.736105,44079305.0,Europe,8485.875464146447
Oceania (Excluding Australia And New Zealand) (Sdg),NOR,2020,91105.25,Europe,OWID_OCE,66.98972,10.736105,44079305.0,Europe,8485.875464146447
Oceania (Excluding Australia And New Zealand) (Sdg),NOR,2021,91105.25,Europe,OWID_OCE,66.96753,10.736105,44079305.0,Europe,8485.875464146447
Oman,OMN,1990,35201.55,Asia,OMN,3.0,10.736105,456997.0,Asia,3278.8008314002145
Oman,OMN,1991,35574.676,Asia,OMN,3.0,10.736105,456997.0,Asia,3313.5551487247935
Oman,OMN,1992,36841.402,Asia,OMN,3.0,10.736105,456997.0,Asia,3431.5426311497513
Oman,OMN,1993,37455.34,Asia,OMN,3.0,10.736105,456997.0,Asia,3488.7270569727098
Oman,OMN,1994,37782.723,Asia,OMN,3.0,10.736105,456997.0,Asia,3519.220704342962
Oman,OMN,1995,38946.773,Asia,OMN,3.0,10.736105,456997.0,Asia,3627.6445694225235
Oman,OMN,1996,39455.83,Asia,OMN,3.0,10.736105,456997.0,Asia,3675.0599961531675
Oman,OMN,1997,41191.03,Asia,OMN,3.0,10.736105,456997.0,Asia,3836.6828565853257
Oman,OMN,1998,40574.676,Asia,OMN,3.0,10.736105,456997.0,Asia,3779.2733957054256
Oman,OMN,1999,40145.93,Asia,OMN,3.0,10.736105,456997.0,Asia,3739.338428601434
Oman,OMN,2000,42086.043,Asia,OMN,3.0,10.736105,456997.0,Asia,3920.047633662301
Oman,OMN,2001,43492.285,Asia,OMN,3.0,10.736105,456997.0,Asia,4051.030145476409
Oman,OMN,2002,42654.15,Asia,OMN,3.0,10.736105,456997.0,Asia,3972.9631928897866
Oman,OMN,2003,41247.586,Asia,OMN,66.0,10.736105,2363801.0,Asia,3841.9506888205733
Oman,OMN,2004,41351.77,Asia,OMN,66.0,10.736105,2363801.0,Asia,3851.6547667892587
Oman,OMN,2005,41551.14,Asia,OMN,66.0,10.736105,2363801.0,Asia,3870.2248161693647
Oman,OMN,2006,42540.44,Asia,OMN,66.0,10.736105,2363801.0,Asia,3962.371828516953
Oman,OMN,2007,43696.97,Asia,OMN,66.0,10.736105,2363801.0,Asia,4070.095253353055
Oman,OMN,2008,46586.395,Asia,OMN,87.0,10.736105,2626536.0,Asia,4339.226842509457
Oman,OMN,2009,48304.117,Asia,OMN,87.0,10.736105,2626536.0,Asia,4499.22173823747
Oman,OMN,2010,48191.613,Asia,OMN,87.0,10.736105,2757450.0,Asia,4488.742705105808
Oman,OMN,2011,44440.31,Asia,OMN,87.0,10.736105,2757450.0,Asia,4139.332653695171
Oman,OMN,2012,41964.082,Asia,OMN,87.0,10.736105,2757450.0,Asia,3908.6877410383004
Oman,OMN,2013,40854.484,Asia,OMN,87.0,10.736105,2757450.0,Asia,3805.335733955657
Oman,OMN,2014,39639.99,Asia,OMN,87.0,10.736105,2757450.0,Asia,3692.2133306259575
Oman,OMN,2015,39813.79,Asia,OMN,93.0,10.736105,4184898.0,Asia,3708.4016968910046
Oman,OMN,2016,39860.99,Asia,OMN,93.0,10.736105,4184898.0,Asia,3712.7980771425014
Oman,OMN,2017,38691.11,Asia,OMN,96.0,10.736105,4537397.0,Asia,3603.8311845869616
Oman,OMN,2018,38673.605,Asia,OMN,96.0,10.736105,4597878.0,Asia,3602.2007050042826
Oman,OMN,2019,38292.387,Asia,OMN,96.0,10.736105,4597878.0,Asia,3566.69266926879
Oman,OMN,2020,37560.6,Asia,OMN,97.0,10.736105,4522502.0,Asia,3498.5313575081464
Oman,OMN,2021,38719.457,Asia,OMN,97.0,10.736105,4522502.0,Asia,3606.471527616394
Oman,OMN,2022,39780.21,Asia,OMN,97.0,10.736105,4730229.0,Asia,3705.2739331442826
Oman,OMN,2023,37793.617,Asia,OMN,97.0,10.736105,4730229.0,Asia,3520.2354112594835
Pakistan,PAK,1990,3199.7297,Asia,PAK,26.0,3.05,116155584.0,Asia,1049.0917049180327
Pakistan,PAK,1991,3252.351,Asia,PAK,26.0,3.05,116155584.0,Asia,1066.3445901639345
Pakistan,PAK,1992,3404.1213,Asia,PAK,26.0,3.05,116155584.0,Asia,1116.1053442622951
Pakistan,PAK,1993,3369.238,Asia,PAK,26.0,3.05,116155584.0,Asia,1104.6681967213115
Pakistan,PAK,1994,3395.5044,Asia,PAK,26.0,3.05,116155584.0,Asia,1113.280131147541
Pakistan,PAK,1995,3462.4734,Asia,PAK,26.0,3.52,134582255.0,Asia,983.6572159090908
Pakistan,PAK,1996,3526.1416,Asia,PAK,26.0,3.52,134582255.0,Asia,1001.7447727272727
Pakistan,PAK,1997,3462.5815,Asia,PAK,26.0,3.52,134582255.0,Asia,983.6879261363636
Pakistan,PAK,1998,3454.1768,Asia,PAK,43.0,3.52,146522354.0,Asia,981.3002272727273
Pakistan,PAK,1999,3484.4568,Asia,PAK,43.0,3.52,146522354.0,Asia,989.9025
Pakistan,PAK,2000,3531.713,Asia,PAK,43.0,4.04,154879124.0,Asia,874.1863861386139
Pakistan,PAK,2001,3559.7278,Asia,PAK,43.0,4.04,154879124.0,Asia,881.1207425742574
Pakistan,PAK,2002,3563.6785,Asia,PAK,43.0,4.04,154879124.0,Asia,882.0986386138613
Pakistan,PAK,2003,3668.7793,Asia,PAK,43.0,4.04,154879124.0,Asia,908.1136881188119
Pakistan,PAK,2004,3859.646,Asia,PAK,43.0,4.04,154879124.0,Asia,955.3579207920792
Pakistan,PAK,2005,4042.1545,Asia,PAK,50.0,5.05,175453212.0,Asia,800.4266336633664
Pakistan,PAK,2006,4185.8667,Asia,PAK,54.0,5.05,179682690.0,Asia,828.884495049505
Pakistan,PAK,2007,4257.926,Asia,PAK,52.0,5.05,184493231.0,Asia,843.1536633663368
Pakistan,PAK,2008,4233.348,Asia,PAK,56.0,5.05,189499112.0,Asia,838.2867326732674
Pakistan,PAK,2009,4270.439,Asia,PAK,55.0,5.05,194376535.0,Asia,845.6314851485149
Pakistan,PAK,2010,4228.7817,Asia,PAK,55.0,5.22,199239048.0,Asia,810.1114367816092
Pakistan,PAK,2011,4246.067,Asia,PAK,55.0,5.22,203746069.0,Asia,813.4227969348659
Pakistan,PAK,2012,4292.021,Asia,PAK,57.0,5.22,207667129.0,Asia,822.2262452107279
Pakistan,PAK,2013,4407.147,Asia,PAK,56.0,5.22,211073979.0,Asia,844.2810344827586
Pakistan,PAK,2014,4520.235,Asia,PAK,57.0,5.22,214264649.0,Asia,865.9454022988506
Pakistan,PAK,2015,4645.286,Asia,PAK,57.0,5.89,217290884.0,Asia,788.6733446519526
Pakistan,PAK,2016,4886.6123,Asia,PAK,57.0,5.89,217290884.0,Asia,829.6455517826826
Pakistan,PAK,2017,5031.5605,Asia,PAK,59.0,5.89,223273974.0,Asia,854.2547538200339
Pakistan,PAK,2018,5255.0635,Asia,PAK,57.0,5.89,226928893.0,Asia,892.2009337860782
Pakistan,PAK,2019,5295.953,Asia,PAK,58.0,5.89,230800908.0,Asia,899.1431239388796
Pakistan,PAK,2020,5135.0146,Asia,PAK,58.0,6.41,235001745.0,Asia,801.094321372855
Pakistan,PAK,2021,5367.2734,Asia,PAK,58.8561,6.41,239477805.0,Asia,837.328143525741
Pakistan,PAK,2022,5526.2793,Asia,PAK,58.8561,6.41,239477805.0,Asia,862.1340561622465
Pakistan,PAK,2023,5418.7695,Asia,PAK,58.8561,6.41,239477805.0,Asia,845.361856474259
Palau,PLW,1990,17851.184,Oceania,PLW,92.0,6.41,12296.0,Oceania,2784.896099843994
Palau,PLW,1991,18301.05,Oceania,PLW,92.0,6.41,12296.0,Oceania,2855.078003120125
Palau,PLW,1992,16728.021,Oceania,PLW,92.0,6.41,12296.0,Oceania,2609.6756630265213
Palau,PLW,1993,14327.272,Oceania,PLW,92.0,6.41,12296.0,Oceania,2235.14383775351
Palau,PLW,1994,15008.319,Oceania,PLW,92.0,6.41,12296.0,Oceania,2341.391419656786
Palau,PLW,1995,16232.837,Oceania,PLW,92.0,6.41,12296.0,Oceania,2532.423868954758
Palau,PLW,1996,17455.115,Oceania,PLW,92.0,6.41,12296.0,Oceania,2723.1068642745713
Palau,PLW,1997,17408.885,Oceania,PLW,92.0,6.41,12296.0,Oceania,2715.894695787831
Palau,PLW,1998,17358.283,Oceania,PLW,92.0,6.41,12296.0,Oceania,2708.0004680187208
Palau,PLW,1999,16093.402,Oceania,PLW,92.0,6.41,12296.0,Oceania,2510.6711388455537
Palau,PLW,2000,15447.952,Oceania,PLW,92.0,6.41,12296.0,Oceania,2409.976911076443
Palau,PLW,2001,16433.64,Oceania,PLW,92.0,6.41,12296.0,Oceania,2563.7503900156003
Palau,PLW,2002,17075.248,Oceania,PLW,92.0,6.41,12296.0,Oceania,2663.845241809672
Palau,PLW,2003,16579.314,Oceania,PLW,92.0,6.41,12296.0,Oceania,2586.476443057722
Palau,PLW,2004,17015.68,Oceania,PLW,92.0,6.41,12296.0,Oceania,2654.5522620904835
Palau,PLW,2005,17507.436,Oceania,PLW,92.0,6.41,12296.0,Oceania,2731.269266770671
Palau,PLW,2006,17749.773,Oceania,PLW,92.0,6.41,12296.0,Oceania,2769.0753510140407
Palau,PLW,2007,18255.67,Oceania,PLW,92.0,6.41,12296.0,Oceania,2847.998439937597
Palau,PLW,2008,17574.074,Oceania,PLW,92.0,6.41,12296.0,Oceania,2741.6652106084243
Palau,PLW,2009,16688.723,Oceania,PLW,92.0,6.41,12296.0,Oceania,2603.5449297971923
Palau,PLW,2010,16524.043,Oceania,PLW,92.0,6.41,12296.0,Oceania,2577.853822152886
Palau,PLW,2011,17670.914,Oceania,PLW,92.0,6.41,12296.0,Oceania,2756.7728549141966
Palau,PLW,2012,18279.889,Oceania,PLW,92.0,6.41,12296.0,Oceania,2851.7767550702024
Palau,PLW,2013,17931.432,Oceania,PLW,100.0,6.41,17670.0,Oceania,2797.4152886115444
Palau,PLW,2014,18786.834,Oceania,PLW,100.0,6.41,17670.0,Oceania,2930.863338533541
Palau,PLW,2015,20212.018,Oceania,PLW,97.0,6.41,17791.0,Oceania,3153.2009360374414
Palau,PLW,2016,20449.13,Oceania,PLW,97.0,6.41,17791.0,Oceania,3190.191887675507
Palau,PLW,2017,19821.098,Oceania,PLW,97.0,6.41,17791.0,Oceania,3092.2149765990644
Palau,PLW,2018,19572.344,Oceania,PLW,97.0,6.41,17791.0,Oceania,3053.4078003120126
Palau,PLW,2019,19519.018,Oceania,PLW,97.0,6.41,17791.0,Oceania,3045.088611544462
Palau,PLW,2020,18183.736,Oceania,PLW,97.0,6.41,17791.0,Oceania,2836.776287051482
Palau,PLW,2021,15780.55,Oceania,PLW,97.0,6.41,17791.0,Oceania,2461.8642745709826
Palau,PLW,2022,16040.908,Oceania,PLW,97.0,6.41,17791.0,Oceania,2502.4817472698905
Palau,PLW,2023,16425.973,Oceania,PLW,97.0,6.41,17791.0,Oceania,2562.554290171607
Palestine,PSE,1994,3966.6887,Asia,PLW,97.0,6.41,17791.0,Oceania,618.8281903276131
Palestine,PSE,1995,4062.963,Asia,PLW,97.0,6.41,17791.0,Oceania,633.8475819032761
Palestine,PSE,1996,3932.227,Asia,PLW,97.0,6.41,17791.0,Oceania,613.451950078003
Palestine,PSE,1997,4311.5386,Asia,PSE,86.0,6.41,2859581.0,Asia,672.626926677067
Palestine,PSE,1998,4805.1914,Asia,PSE,86.0,6.41,2859581.0,Asia,749.6398439937597
Palestine,PSE,1999,5071.8213,Asia,PSE,86.0,6.41,2859581.0,Asia,791.2357722308892
Palestine,PSE,2000,4520.89,Asia,PSE,86.0,6.41,2859581.0,Asia,705.2870514820593
Palestine,PSE,2001,3996.5088,Asia,PSE,86.0,6.41,2859581.0,Asia,623.4803120124805
Palestine,PSE,2002,3409.1729,Asia,PSE,86.0,6.41,2859581.0,Asia,531.8522464898596
Palestine,PSE,2003,3788.9265,Asia,PSE,86.0,6.41,2859581.0,Asia,591.0961778471138
Palestine,PSE,2004,4503.0806,Asia,PSE,92.0,6.41,3475178.0,Asia,702.5086739469579
Palestine,PSE,2005,4885.0728,Asia,PSE,92.0,6.41,3475178.0,Asia,762.101840873635
Palestine,PSE,2006,4714.3735,Asia,PSE,93.0,6.41,3645096.0,Asia,735.4716848673946
Palestine,PSE,2007,4769.5234,Asia,PSE,94.0,6.41,3736694.0,Asia,744.0754134165367
Palestine,PSE,2008,4984.8057,Asia,PSE,94.0,6.41,3829039.0,Asia,777.6607956318253
Palestine,PSE,2009,5270.663,Asia,PSE,94.0,6.41,3921245.0,Asia,822.25631825273
Palestine,PSE,2010,5432.2437,Asia,PSE,95.0,6.41,4016918.0,Asia,847.4639157566303
Palestine,PSE,2011,5805.3213,Asia,PSE,95.0,6.41,4115912.0,Asia,905.6663494539781
Palestine,PSE,2012,6009.1094,Asia,PSE,96.0,6.41,4215318.0,Asia,937.4585647425897
Palestine,PSE,2013,6142.202,Asia,PSE,96.0,6.41,4315263.0,Asia,958.221840873635
Palestine,PSE,2014,5990.427,Asia,PSE,96.0,6.41,4415887.0,Asia,934.5439937597503
Palestine,PSE,2015,6072.6504,Asia,PSE,96.0,6.41,4521564.0,Asia,947.3713572542903
Palestine,PSE,2016,6464.1333,Asia,PSE,97.0,6.41,4632743.0,Asia,1008.4451326053043
Palestine,PSE,2017,6426.7954,Asia,PSE,97.0,6.41,4742747.0,Asia,1002.6201872074882
Palestine,PSE,2018,6342.9375,Asia,PSE,97.0,6.41,4850593.0,Asia,989.5378315132605
Palestine,PSE,2019,6269.891,Asia,PSE,97.0,6.41,4957773.0,Asia,978.1421216848673
Palestine,PSE,2020,5423.6826,Asia,PSE,98.0,6.41,5069692.0,Asia,846.1283307332293
Palestine,PSE,2021,5663.1216,Asia,PSE,98.0,6.41,5069692.0,Asia,883.4823088923557
Palestine,PSE,2022,5753.084,Asia,PSE,98.0,6.41,5305274.0,Asia,897.5170046801871
Palestine,PSE,2023,5361.131,Asia,PSE,98.0,6.41,5305274.0,Asia,836.3698907956318
Panama,PAN,1990,10263.688,North America,PAN,89.0,8.08,2455588.0,North America,1270.258415841584
Panama,PAN,1991,10994.55,North America,PAN,89.0,8.08,2455588.0,North America,1360.7116336633662
Panama,PAN,1992,11649.796,North America,PAN,89.0,8.08,2455588.0,North America,1441.8064356435643
Panama,PAN,1993,12032.808,North America,PAN,89.0,8.08,2455588.0,North America,1489.2089108910893
Panama,PAN,1994,12123.35,North America,PAN,89.0,8.08,2455588.0,North America,1500.414603960396
Panama,PAN,1995,12086.644,North America,PAN,89.0,8.71,2724555.0,North America,1387.6743972445463
Panama,PAN,1996,12327.852,North America,PAN,89.0,8.71,2724555.0,North America,1415.3676234213547
Panama,PAN,1997,13013.891,North America,PAN,89.0,8.71,2724555.0,North America,1494.1321469575198
Panama,PAN,1998,13826.532,North America,PAN,89.0,8.71,2724555.0,North America,1587.4319173363947
Panama,PAN,1999,14261.741,North America,PAN,89.0,8.71,2724555.0,North America,1637.3985074626864
Panama,PAN,2000,14572.976,North America,PAN,92.0,9.24,3010376.0,North America,1577.1619047619047
Panama,PAN,2001,14427.83,North America,PAN,92.0,9.24,3010376.0,North America,1561.4534632034631
Panama,PAN,2002,14507.144,North America,PAN,92.0,9.24,3010376.0,North America,1570.0372294372294
Panama,PAN,2003,14957.554,North America,PAN,92.0,9.24,3010376.0,North America,1618.7829004329003
Panama,PAN,2004,15875.112,North America,PAN,92.0,9.24,3010376.0,North America,1718.0857142857142
Panama,PAN,2005,16867.96,North America,PAN,92.0,9.51,3313024.0,North America,1773.707676130389
Panama,PAN,2006,18190.273,North America,PAN,92.0,9.51,3313024.0,North America,1912.7521556256575
Panama,PAN,2007,20208.822,North America,PAN,92.0,9.51,3313024.0,North America,2125.007570977918
Panama,PAN,2008,21867.818,North America,PAN,92.0,9.51,3313024.0,North America,2299.4550998948475
Panama,PAN,2009,21822.988,North America,PAN,92.0,9.51,3313024.0,North America,2294.7411146161935
Panama,PAN,2010,22739.111,North America,PAN,94.0,9.72,3628537.0,North America,2339.4147119341565
Panama,PAN,2011,24999.46,North America,PAN,94.0,9.72,3628537.0,North America,2571.960905349794
Panama,PAN,2012,26926.885,North America,PAN,94.0,9.72,3628537.0,North America,2770.2556584362137
Panama,PAN,2013,28135.328,North America,PAN,94.0,9.72,3628537.0,North America,2894.581069958848
Panama,PAN,2014,28931.805,North America,PAN,94.0,9.72,3628537.0,North America,2976.523148148148
Panama,PAN,2015,29933.156,North America,PAN,94.0,10.06,3960034.0,North America,2975.46282306163
Panama,PAN,2016,30765.236,North America,PAN,94.0,10.06,3960034.0,North America,3058.1745526838968
Panama,PAN,2017,31979.812,North America,PAN,94.0,10.06,3960034.0,North America,3178.9077534791254
Panama,PAN,2018,32681.447,North America,PAN,95.0,10.06,4167860.0,North America,3248.6527833001987
Panama,PAN,2019,33163.727,North America,PAN,96.0,10.06,4234698.0,North America,3296.5931411530814
Panama,PAN,2020,26881.799,North America,PAN,96.0,10.44,4293258.0,North America,2574.884961685824
Panama,PAN,2021,30932.764,North America,PAN,96.0,10.44,4293258.0,North America,2962.908429118774
Panama,PAN,2022,33915.152,North America,PAN,96.0,10.44,4293258.0,North America,3248.577777777778
Panama,PAN,2023,35872.95,North America,PAN,96.0,10.44,4293258.0,North America,3436.1063218390805
Papua New Guinea,PNG,1990,3164.149,Oceania,PNG,7.5,10.44,1543441.0,Oceania,303.0794061302682
Papua New Guinea,PNG,1991,3358.1887,Oceania,PNG,7.5,10.44,1543441.0,Oceania,321.66558429118777
Papua New Guinea,PNG,1992,3690.345,Oceania,PNG,7.5,10.44,1543441.0,Oceania,353.48132183908046
Papua New Guinea,PNG,1993,4206.429,Oceania,PNG,7.5,10.44,1543441.0,Oceania,402.9146551724138
Papua New Guinea,PNG,1994,4297.891,Oceania,PNG,7.5,10.44,1543441.0,Oceania,411.67538314176244
Papua New Guinea,PNG,1995,4008.722,Oceania,PNG,7.5,10.44,1543441.0,Oceania,383.9772030651341
Papua New Guinea,PNG,1996,4167.036,Oceania,PNG,7.5,10.44,1543441.0,Oceania,399.14137931034486
Papua New Guinea,PNG,1997,3864.2302,Oceania,PNG,7.5,10.44,1543441.0,Oceania,370.13699233716477
Papua New Guinea,PNG,1998,3590.1,Oceania,PNG,7.5,10.44,1543441.0,Oceania,343.8793103448276
Papua New Guinea,PNG,1999,3531.6594,Oceania,PNG,7.5,10.44,1543441.0,Oceania,338.28155172413796
Papua New Guinea,PNG,2000,3326.7986,Oceania,PNG,57.0,10.44,5537068.0,Oceania,318.6588697318008
Papua New Guinea,PNG,2001,3211.7593,Oceania,PNG,57.0,10.44,5537068.0,Oceania,307.6397796934866
Papua New Guinea,PNG,2002,3100.7952,Oceania,PNG,57.0,10.44,5537068.0,Oceania,297.01103448275865
Papua New Guinea,PNG,2003,3064.444,Oceania,PNG,57.0,10.44,5537068.0,Oceania,293.5291187739464
Papua New Guinea,PNG,2004,3046.333,Oceania,PNG,57.0,10.44,5537068.0,Oceania,291.79434865900384
Papua New Guinea,PNG,2005,3136.5857,Oceania,PNG,57.0,10.44,5537068.0,Oceania,300.4392432950192
Papua New Guinea,PNG,2006,3202.4873,Oceania,PNG,57.0,10.44,5537068.0,Oceania,306.7516570881226
Papua New Guinea,PNG,2007,3345.8503,Oceania,PNG,57.0,10.44,5537068.0,Oceania,320.483745210728
Papua New Guinea,PNG,2008,3233.9182,Oceania,PNG,57.0,10.44,5537068.0,Oceania,309.7622796934866
Papua New Guinea,PNG,2009,3349.6436,Oceania,PNG,57.0,10.44,5537068.0,Oceania,320.8470881226054
Papua New Guinea,PNG,2010,3579.1714,Oceania,PNG,57.0,10.44,5537068.0,Oceania,342.8325095785441
Papua New Guinea,PNG,2011,3514.8328,Oceania,PNG,57.0,10.44,5537068.0,Oceania,336.6698084291188
Papua New Guinea,PNG,2012,3577.4517,Oceania,PNG,57.0,10.44,5537068.0,Oceania,342.66778735632187
Papua New Guinea,PNG,2013,3615.2832,Oceania,PNG,57.0,10.44,5537068.0,Oceania,346.2914942528736
Papua New Guinea,PNG,2014,3998.6182,Oceania,PNG,57.0,10.44,5537068.0,Oceania,383.0094061302682
Papua New Guinea,PNG,2015,4154.5234,Oceania,PNG,57.0,4.61,8743247.0,Oceania,901.1981344902385
Papua New Guinea,PNG,2016,4275.7485,Oceania,PNG,57.0,4.61,8743247.0,Oceania,927.494251626898
Papua New Guinea,PNG,2017,4322.2227,Oceania,PNG,70.06368,4.61,9178717.0,Oceania,937.5754229934925
Papua New Guinea,PNG,2018,4211.1455,Oceania,PNG,70.06368,4.61,9178717.0,Oceania,913.480585683297
Papua New Guinea,PNG,2019,4301.6113,Oceania,PNG,70.06368,4.61,9178717.0,Oceania,933.1044034707156
Papua New Guinea,PNG,2020,4077.6313,Oceania,PNG,70.06368,4.84,9815743.0,Oceania,842.485805785124
Papua New Guinea,PNG,2021,3976.9038,Oceania,PNG,70.06368,4.84,9815743.0,Oceania,821.6743388429752
Papua New Guinea,PNG,2022,4125.493,Oceania,PNG,70.06368,4.84,9815743.0,Oceania,852.3745867768596
Papua New Guinea,PNG,2023,4205.8477,Oceania,PNG,70.06368,4.84,9815743.0,Oceania,868.9767975206612
Paraguay,PRY,1990,9962.48,South America,PRY,78.0,6.43,4035752.0,South America,1549.3748055987558
Paraguay,PRY,1991,10040.3125,South America,PRY,78.0,6.43,4035752.0,South America,1561.4793934681184
Paraguay,PRY,1992,9948.421,South America,PRY,90.0,6.43,4253608.0,South America,1547.18833592535
Paraguay,PRY,1993,10178.455,South America,PRY,90.0,6.43,4253608.0,South America,1582.9634525660965
Paraguay,PRY,1994,10459.09,South America,PRY,90.0,6.43,4253608.0,South America,1626.6080870917574
Paraguay,PRY,1995,10908.272,South America,PRY,90.0,6.4,4579803.0,South America,1704.4175
Paraguay,PRY,1996,10825.287,South America,PRY,90.0,6.4,4579803.0,South America,1691.45109375
Paraguay,PRY,1997,11033.016,South America,PRY,90.0,6.4,4579803.0,South America,1723.9087499999998
Paraguay,PRY,1998,10802.56,South America,PRY,90.0,6.4,4579803.0,South America,1687.8999999999999
Paraguay,PRY,1999,10435.398,South America,PRY,90.0,6.4,4579803.0,South America,1630.5309374999997
Paraguay,PRY,2000,9998.593,South America,PRY,90.0,6.55,5100875.0,South America,1526.5027480916033
Paraguay,PRY,2001,9749.259,South America,PRY,90.0,6.55,5100875.0,South America,1488.4364885496184
Paraguay,PRY,2002,9610.748,South America,PRY,90.0,6.55,5100875.0,South America,1467.2897709923664
Paraguay,PRY,2003,9903.45,South America,PRY,90.0,6.55,5100875.0,South America,1511.9770992366414
Paraguay,PRY,2004,10187.194,South America,PRY,90.0,6.55,5100875.0,South America,1555.2967938931297
Paraguay,PRY,2005,10290.101,South America,PRY,90.0,8.03,5448100.0,South America,1281.4571606475718
Paraguay,PRY,2006,10672.993,South America,PRY,90.0,8.03,5448100.0,South America,1329.1398505603986
Paraguay,PRY,2007,11141.87,South America,PRY,95.0,8.03,5559385.0,South America,1387.5305105853054
Paraguay,PRY,2008,11751.14,South America,PRY,93.0,8.03,5613577.0,South America,1463.4047322540473
Paraguay,PRY,2009,11601.285,South America,PRY,94.0,8.03,5671243.0,South America,1444.7428393524285
Paraguay,PRY,2010,12738.576,South America,PRY,94.0,7.99,5737973.0,South America,1594.3148936170212
Paraguay,PRY,2011,13109.467,South America,PRY,94.0,7.99,5737973.0,South America,1640.7342928660826
Paraguay,PRY,2012,12834.802,South America,PRY,94.0,7.99,5897011.0,South America,1606.3581977471838
Paraguay,PRY,2013,13700.703,South America,PRY,95.0,7.99,5982447.0,South America,1714.731289111389
Paraguay,PRY,2014,14219.3545,South America,PRY,95.0,7.99,6069819.0,South America,1779.6438673341677
Paraguay,PRY,2015,14427.601,South America,PRY,96.0,8.4,6159106.0,South America,1717.5715476190476
Paraguay,PRY,2016,14826.664,South America,PRY,95.0,8.4,6249129.0,South America,1765.0790476190475
Paraguay,PRY,2017,15320.337,South America,PRY,95.0,8.4,6249129.0,South America,1823.8496428571427
Paraguay,PRY,2018,15592.984,South America,PRY,94.0,8.4,6427382.0,South America,1856.307619047619
Paraguay,PRY,2019,15321.324,South America,PRY,93.0,8.4,6515059.0,South America,1823.9671428571428
Paraguay,PRY,2020,14991.66,South America,PRY,95.0,8.83,6603741.0,South America,1697.8097395243487
Paraguay,PRY,2021,15406.167,South America,PRY,95.0,8.83,6603741.0,South America,1744.7527746319365
Paraguay,PRY,2022,15259.1455,South America,PRY,95.0,8.83,6603741.0,South America,1728.1025481313704
Paraguay,PRY,2023,15826.088,South America,PRY,95.0,8.83,6603741.0,South America,1792.3089467723669
Peru,PER,1990,6317.079,South America,PER,82.0,7.39,22014772.0,South America,854.8144790257104
Peru,PER,1991,6322.5747,South America,PER,82.0,7.39,22014772.0,South America,855.5581461434372
Peru,PER,1992,6161.6357,South America,PER,82.0,7.39,22014772.0,South America,833.780202976996
Peru,PER,1993,6355.262,South America,PER,87.0,7.39,23413783.0,South America,859.9813261163735
Peru,PER,1994,6997.706,South America,PER,87.0,7.39,23413783.0,South America,946.9155615696889
Peru,PER,1995,7372.0425,South America,PER,87.0,8.09,24348922.0,South America,911.2537082818294
Peru,PER,1996,7437.1924,South America,PER,87.0,8.09,24348922.0,South America,919.306847960445
Peru,PER,1997,7773.827,South America,PER,87.0,8.09,24348922.0,South America,960.9180469715699
Peru,PER,1998,7603.809,South America,PER,87.0,8.09,24348922.0,South America,939.9022249690977
Peru,PER,1999,7585.328,South America,PER,87.0,8.09,24348922.0,South America,937.6177997527813
Peru,PER,2000,7669.095,South America,PER,87.0,9.05,26598328.0,South America,847.4138121546961
Peru,PER,2001,7611.6665,South America,PER,87.0,9.05,26598328.0,South America,841.0681215469613
Peru,PER,2002,7931.5796,South America,PER,87.0,9.05,26598328.0,South America,876.4176353591159
Peru,PER,2003,8174.3794,South America,PER,87.0,9.05,26598328.0,South America,903.2463425414363
Peru,PER,2004,8495.986,South America,PER,88.0,9.05,27852190.0,South America,938.7829834254144
Peru,PER,2005,8949.954,South America,PER,88.0,9.88,28101175.0,South America,905.8657894736841
Peru,PER,2006,9547.913,South America,PER,89.0,9.88,28324488.0,South America,966.387955465587
Peru,PER,2007,10286.3545,South America,PER,90.0,9.88,28530704.0,South America,1041.1289979757084
Peru,PER,2008,11151.53,South America,PER,90.0,9.88,28530704.0,South America,1128.6973684210527
Peru,PER,2009,11204.377,South America,PER,90.0,9.88,28530704.0,South America,1134.0462550607288
Peru,PER,2010,12059.018,South America,PER,90.0,9.28,29086021.0,South America,1299.4631465517243
Peru,PER,2011,12726.6,South America,PER,90.0,9.28,29086021.0,South America,1371.4008620689656
Peru,PER,2012,13395.399,South America,PER,94.0,9.28,29550367.0,South America,1443.4697198275862
Peru,PER,2013,14052.138,South America,PER,94.0,9.28,29550367.0,South America,1514.23900862069
Peru,PER,2014,14244.566,South America,PER,94.0,9.28,30115825.0,South America,1534.9747844827589
Peru,PER,2015,14542.793,South America,PER,94.0,9.61,30457598.0,South America,1513.2979188345473
Peru,PER,2016,14917.449,South America,PER,94.0,9.61,30866497.0,South America,1552.2839750260148
Peru,PER,2017,15069.522,South America,PER,94.0,9.61,31324639.0,South America,1568.1084287200833
Peru,PER,2018,15386.26,South America,PER,94.0,9.61,31897590.0,South America,1601.0676378772114
Peru,PER,2019,15463.543,South America,PER,94.0,9.61,31897590.0,South America,1609.1095733610823
Peru,PER,2020,13609.6,South America,PER,94.0,9.96,32838577.0,South America,1366.425702811245
Peru,PER,2021,15280.551,South America,PER,94.0,9.96,32838577.0,South America,1534.1918674698793
Peru,PER,2022,15559.821,South America,PER,94.0,9.96,32838577.0,South America,1562.2310240963855
Peru,PER,2023,15327.582,South America,PER,94.0,9.96,32838577.0,South America,1538.9138554216865
Philippines,PHL,1990,4504.4624,Asia,PHL,94.0,7.15,62854668.0,Asia,629.9947412587413
Philippines,PHL,1991,4378.3955,Asia,PHL,94.0,7.15,62854668.0,Asia,612.3630069930069
Philippines,PHL,1992,4293.7183,Asia,PHL,94.0,7.15,62854668.0,Asia,600.520041958042
Philippines,PHL,1993,4283.1597,Asia,PHL,94.0,7.15,62854668.0,Asia,599.0433146853147
Philippines,PHL,1994,4374.0674,Asia,PHL,94.0,7.15,69019297.0,Asia,611.7576783216783
Philippines,PHL,1995,4477.323,Asia,PHL,94.0,7.59,70546245.0,Asia,589.897628458498
Philippines,PHL,1996,4631.772,Asia,PHL,94.0,7.59,70546245.0,Asia,610.2466403162056
Philippines,PHL,1997,4758.7085,Asia,PHL,94.0,7.59,70546245.0,Asia,626.9708168642951
Philippines,PHL,1998,4616.673,Asia,PHL,94.0,7.59,70546245.0,Asia,608.2573122529644
Philippines,PHL,1999,4650.7593,Asia,PHL,94.0,7.59,70546245.0,Asia,612.7482608695652
Philippines,PHL,2000,4740.439,Asia,PHL,93.0,7.96,79625401.0,Asia,595.5325376884423
Philippines,PHL,2001,4778.401,Asia,PHL,93.0,7.96,79625401.0,Asia,600.3016331658291
Philippines,PHL,2002,4856.4995,Asia,PHL,93.0,7.96,79625401.0,Asia,610.1130025125628
Philippines,PHL,2003,5003.3833,Asia,PHL,93.0,7.96,84731836.0,Asia,628.5657412060302
Philippines,PHL,2004,5229.4507,Asia,PHL,93.0,7.96,84731836.0,Asia,656.9661683417086
Philippines,PHL,2005,5386.8164,Asia,PHL,93.0,8.27,88015959.0,Asia,651.3683675937123
Philippines,PHL,2006,5578.5723,Asia,PHL,93.0,8.27,88015959.0,Asia,674.5552962515115
Philippines,PHL,2007,5840.068,Asia,PHL,93.0,8.27,88015959.0,Asia,706.1750906892382
Philippines,PHL,2008,5987.0376,Asia,PHL,95.0,8.27,92699091.0,Asia,723.9465054413542
Philippines,PHL,2009,5965.307,Asia,PHL,95.0,8.27,92699091.0,Asia,721.3188633615478
Philippines,PHL,2010,6273.039,Asia,PHL,95.0,8.65,96337127.0,Asia,725.2068208092485
Philippines,PHL,2011,6388.313,Asia,PHL,95.0,8.65,96337127.0,Asia,738.5332947976879
Philippines,PHL,2012,6697.556,Asia,PHL,95.0,8.65,96337127.0,Asia,774.283930635838
Philippines,PHL,2013,7016.5386,Asia,PHL,96.0,8.65,102076334.0,Asia,811.1605317919075
Philippines,PHL,2014,7340.362,Asia,PHL,96.0,8.65,102076334.0,Asia,848.5967630057803
Philippines,PHL,2015,7691.763,Asia,PHL,98.0,9.14,105312988.0,Asia,841.5495623632385
Philippines,PHL,2016,8131.825,Asia,PHL,98.0,9.14,105312988.0,Asia,889.6963894967176
Philippines,PHL,2017,8584.136,Asia,PHL,98.0,9.14,105312988.0,Asia,939.1833698030634
Philippines,PHL,2018,9016.286,Asia,PHL,98.0,9.14,105312988.0,Asia,986.4645514223195
Philippines,PHL,2019,9452.294,Asia,PHL,96.0,9.14,110804685.0,Asia,1034.1678336980306
Philippines,PHL,2020,8455.185,Asia,PHL,98.0,9.44,112081270.0,Asia,895.676377118644
Philippines,PHL,2021,8857.79,Asia,PHL,98.0,9.44,112081270.0,Asia,938.3252118644069
Philippines,PHL,2022,9457.104,Asia,PHL,98.0,9.44,112081270.0,Asia,1001.8118644067796
Philippines,PHL,2023,9898.533,Asia,PHL,98.0,9.44,112081270.0,Asia,1048.5734110169492
Poland,POL,1990,12821.464,Europe,POL,99.0,9.75,38055448.0,Europe,1315.0219487179488
Poland,POL,1991,11879.754,Europe,POL,99.0,9.75,38055448.0,Europe,1218.4363076923078
Poland,POL,1992,12141.235,Europe,POL,99.0,9.75,38055448.0,Europe,1245.2548717948719
Poland,POL,1993,12563.1045,Europe,POL,99.0,9.75,38055448.0,Europe,1288.5235384615385
Poland,POL,1994,13200.161,Europe,POL,99.0,9.75,38055448.0,Europe,1353.8626666666667
Poland,POL,1995,14227.566,Europe,POL,99.0,10.32,38364668.0,Europe,1378.6401162790698
Poland,POL,1996,15083.098,Europe,POL,99.0,10.32,38364668.0,Europe,1461.5405038759689
Poland,POL,1997,16031.721,Europe,POL,99.0,10.32,38364668.0,Europe,1553.4613372093022
Poland,POL,1998,16766.648,Europe,POL,99.0,10.32,38364668.0,Europe,1624.6751937984498
Poland,POL,1999,17556.002,Europe,POL,99.0,10.32,38364668.0,Europe,1701.162984496124
Poland,POL,2000,18566.355,Europe,POL,99.0,10.74,38258077.0,Europe,1728.7108938547485
Poland,POL,2001,18800.602,Europe,POL,99.0,10.74,38258077.0,Europe,1750.5216014897578
Poland,POL,2002,19166.914,Europe,POL,99.0,10.74,38258077.0,Europe,1784.6288640595903
Poland,POL,2003,19855.63,Europe,POL,99.0,10.74,38258077.0,Europe,1848.7551210428305
Poland,POL,2004,20878.654,Europe,POL,99.0,10.74,38258077.0,Europe,1944.0087523277466
Poland,POL,2005,21568.947,Europe,POL,99.0,11.36,38124377.0,Europe,1898.674911971831
Poland,POL,2006,22921.197,Europe,POL,99.0,11.36,38124377.0,Europe,2017.711003521127
Poland,POL,2007,24484.066,Europe,POL,99.0,11.36,38124377.0,Europe,2155.2875
Poland,POL,2008,25553.906,Europe,POL,99.0,11.36,38124377.0,Europe,2249.4635563380284
Poland,POL,2009,26204.41,Europe,POL,99.0,11.36,38124377.0,Europe,2306.7262323943664
Poland,POL,2010,27112.133,Europe,POL,99.0,11.62,38095356.0,Europe,2333.230034423408
Poland,POL,2011,28521.662,Europe,POL,99.0,11.62,38095356.0,Europe,2454.5320137693634
Poland,POL,2012,28952.916,Europe,POL,99.0,11.62,38095356.0,Europe,2491.645094664372
Poland,POL,2013,29168.625,Europe,POL,99.0,11.62,38095356.0,Europe,2510.2086919104995
Poland,POL,2014,30334.879,Europe,POL,99.0,11.62,38095356.0,Europe,2610.5747848537007
Poland,POL,2015,31700.37,Europe,POL,99.0,11.84,38266314.0,Europe,2677.396114864865
Poland,POL,2016,32675.305,Europe,POL,99.0,11.84,38266314.0,Europe,2759.738597972973
Poland,POL,2017,34354.598,Europe,POL,99.0,11.84,38266314.0,Europe,2901.570777027027
Poland,POL,2018,36500.41,Europe,POL,99.0,11.84,38266314.0,Europe,3082.8048986486488
Poland,POL,2019,38181.62,Europe,POL,99.0,11.84,38266314.0,Europe,3224.7989864864867
Poland,POL,2020,37852.8,Europe,POL,99.0,12.01,38171005.0,Europe,3151.773522064946
Poland,POL,2021,41059.586,Europe,POL,99.0,12.01,38171005.0,Europe,3418.783180682765
Poland,POL,2022,43405.023,Europe,POL,99.0,12.01,38171005.0,Europe,3614.0735220649462
Poland,POL,2023,43672.766,Europe,POL,99.0,12.01,38171005.0,Europe,3636.3668609492092
Portugal,PRT,1990,27190.572,Europe,PRT,79.0,6.73,9989526.0,Europe,4040.2038632986623
Portugal,PRT,1991,28443.795,Europe,PRT,88.0,6.73,9969181.0,Europe,4226.418276374442
Portugal,PRT,1992,28776.047,Europe,PRT,88.0,6.73,9969181.0,Europe,4275.787072808321
Portugal,PRT,1993,28153.615,Europe,PRT,88.0,6.73,9969181.0,Europe,4183.300891530461
Portugal,PRT,1994,28348.865,Europe,PRT,88.0,6.73,9969181.0,Europe,4212.312778603269
Portugal,PRT,1995,29460.814,Europe,PRT,88.0,7.49,10031756.0,Europe,3933.35300400534
Portugal,PRT,1996,30378.756,Europe,PRT,88.0,7.49,10031756.0,Europe,4055.9086782376503
Portugal,PRT,1997,31574.402,Europe,PRT,88.0,7.49,10031756.0,Europe,4215.540987983978
Portugal,PRT,1998,32925.664,Europe,PRT,88.0,7.49,10031756.0,Europe,4395.949799732977
Portugal,PRT,1999,34018.965,Europe,PRT,88.0,7.49,10031756.0,Europe,4541.917890520694
Portugal,PRT,2000,35069.83,Europe,PRT,88.0,8.41,10283196.0,Europe,4170.015457788348
Portugal,PRT,2001,35500.227,Europe,PRT,88.0,8.41,10283196.0,Europe,4221.192271105826
Portugal,PRT,2002,35578.52,Europe,PRT,88.0,8.41,10283196.0,Europe,4230.501783590963
Portugal,PRT,2003,35115.38,Europe,PRT,88.0,8.41,10283196.0,Europe,4175.431629013079
Portugal,PRT,2004,35658.13,Europe,PRT,88.0,8.41,10283196.0,Europe,4239.9678953626635
Portugal,PRT,2005,35870.31,Europe,PRT,88.0,8.12,10502993.0,Europe,4417.525862068966
Portugal,PRT,2006,36387.535,Europe,PRT,88.0,8.12,10502993.0,Europe,4481.223522167488
Portugal,PRT,2007,37226.47,Europe,PRT,88.0,8.12,10502993.0,Europe,4584.54064039409
Portugal,PRT,2008,37291.504,Europe,PRT,88.0,8.12,10502993.0,Europe,4592.549753694582
Portugal,PRT,2009,36092.812,Europe,PRT,88.0,8.12,10502993.0,Europe,4444.927586206897
Portugal,PRT,2010,36703.113,Europe,PRT,88.0,8.71,10578659.0,Europe,4213.905051664752
Portugal,PRT,2011,36127.297,Europe,PRT,94.0,8.71,10557050.0,Europe,4147.795292766934
Portugal,PRT,2012,34804.633,Europe,PRT,94.0,8.71,10557050.0,Europe,3995.9394948335243
Portugal,PRT,2013,34651.773,Europe,PRT,94.0,8.71,10557050.0,Europe,3978.3895522388057
Portugal,PRT,2014,35097.41,Europe,PRT,94.0,8.71,10557050.0,Europe,4029.5533869115957
Portugal,PRT,2015,35803.36,Europe,PRT,94.0,9.14,10370264.0,Europe,3917.2166301969364
Portugal,PRT,2016,36636.297,Europe,PRT,94.0,9.14,10370264.0,Europe,4008.3475929978113
Portugal,PRT,2017,37943.113,Europe,PRT,94.0,9.14,10370264.0,Europe,4151.325273522975
Portugal,PRT,2018,39123.613,Europe,PRT,94.0,9.14,10370264.0,Europe,4280.482822757111
Portugal,PRT,2019,40188.285,Europe,PRT,94.0,9.14,10370264.0,Europe,4396.96772428884
Portugal,PRT,2020,36852.23,Europe,PRT,94.0,9.56,10370519.0,Europe,3854.8357740585775
Portugal,PRT,2021,38657.668,Europe,PRT,94.0,9.56,10370519.0,Europe,4043.6891213389117
Portugal,PRT,2022,41070.86,Europe,PRT,94.0,9.56,10370519.0,Europe,4296.115062761506
Portugal,PRT,2023,41768.254,Europe,PRT,94.0,9.56,10370519.0,Europe,4369.064225941423
Puerto Rico,PRI,1990,26738.814,North America,PRI,90.0,9.56,3541046.0,North America,2796.9470711297067
Puerto Rico,PRI,1991,27162.15,North America,PRI,90.0,9.56,3541046.0,North America,2841.229079497908
Puerto Rico,PRI,1992,28219.115,North America,PRI,90.0,9.56,3541046.0,North America,2951.790271966527
Puerto Rico,PRI,1993,29282.111,North America,PRI,90.0,9.56,3541046.0,North America,3062.982322175732
Puerto Rico,PRI,1994,30225.781,North America,PRI,90.0,9.56,3541046.0,North America,3161.692573221757
Puerto Rico,PRI,1995,31310.18,North America,PRI,90.0,9.56,3541046.0,North America,3275.123430962343
Puerto Rico,PRI,1996,31677.23,North America,PRI,90.0,9.56,3541046.0,North America,3313.517782426778
Puerto Rico,PRI,1997,32915.79,North America,PRI,90.0,9.56,3541046.0,North America,3443.074267782427
Puerto Rico,PRI,1998,34537.184,North America,PRI,90.0,9.56,3541046.0,North America,3612.676150627615
Puerto Rico,PRI,1999,36216.84,North America,PRI,90.0,9.56,3541046.0,North America,3788.3723849372377
Puerto Rico,PRI,2000,37298.547,North America,PRI,90.0,9.56,3541046.0,North America,3901.521652719665
Puerto Rico,PRI,2001,39568.555,North America,PRI,90.0,9.56,3541046.0,North America,4138.970188284518
Puerto Rico,PRI,2002,39879.73,North America,PRI,90.0,9.56,3541046.0,North America,4171.519874476988
Puerto Rico,PRI,2003,39876.066,North America,PRI,90.0,9.56,3541046.0,North America,4171.136610878661
Puerto Rico,PRI,2004,43355.824,North America,PRI,90.0,9.56,3541046.0,North America,4535.1280334728035
Puerto Rico,PRI,2005,42555.707,North America,PRI,90.0,9.56,3541046.0,North America,4451.433786610879
Puerto Rico,PRI,2006,42133.97,North America,PRI,90.0,9.56,3541046.0,North America,4407.319037656904
Puerto Rico,PRI,2007,41888.625,North America,PRI,90.0,9.56,3541046.0,North America,4381.655334728033
Puerto Rico,PRI,2008,41358.07,North America,PRI,90.0,9.56,3541046.0,North America,4326.157949790795
Puerto Rico,PRI,2009,40772.35,North America,PRI,90.0,9.56,3541046.0,North America,4264.890167364017
Puerto Rico,PRI,2010,40777.688,North America,PRI,92.0,9.56,3714834.0,North America,4265.448535564854
Puerto Rico,PRI,2011,40972.535,North America,PRI,92.0,9.56,3714834.0,North America,4285.830020920503
Puerto Rico,PRI,2012,41347.453,North America,PRI,92.0,9.56,3714834.0,North America,4325.047384937238
Puerto Rico,PRI,2013,41556.785,North America,PRI,92.0,9.56,3714834.0,North America,4346.944037656904
Puerto Rico,PRI,2014,41593.68,North America,PRI,92.0,9.56,3714834.0,North America,4350.8033472803345
Puerto Rico,PRI,2015,41737.605,North America,PRI,92.0,9.56,3714834.0,North America,4365.858263598327
Puerto Rico,PRI,2016,41858.26,North America,PRI,92.0,9.56,3714834.0,North America,4378.479079497908
Puerto Rico,PRI,2017,41479.996,North America,PRI,92.0,9.56,3371878.0,North America,4338.911715481171
Puerto Rico,PRI,2018,41119.31,North America,PRI,92.0,9.56,3371878.0,North America,4301.183054393305
Puerto Rico,PRI,2019,41656.33,North America,PRI,92.0,9.56,3371878.0,North America,4357.356694560669
Puerto Rico,PRI,2020,40171.387,North America,PRI,92.0,9.56,3371878.0,North America,4202.027928870293
Puerto Rico,PRI,2021,40559.477,North America,PRI,92.0,9.56,3371878.0,North America,4242.623117154812
Puerto Rico,PRI,2022,42310.957,North America,PRI,92.0,9.56,3371878.0,North America,4425.832322175732
Puerto Rico,PRI,2023,42837.9,North America,PRI,92.0,9.56,3371878.0,North America,4480.951882845188
Qatar,QAT,1990,71584.375,Asia,QAT,76.0,9.56,382426.0,Asia,7487.905334728033
Qatar,QAT,1991,68122.87,Asia,QAT,76.0,9.56,382426.0,Asia,7125.823221757321
Qatar,QAT,1992,73450.95,Asia,QAT,76.0,9.56,382426.0,Asia,7683.153765690376
Qatar,QAT,1993,70250.695,Asia,QAT,76.0,9.56,382426.0,Asia,7348.399058577406
Qatar,QAT,1994,69119.88,Asia,QAT,76.0,9.56,382426.0,Asia,7230.112970711297
Qatar,QAT,1995,68732.47,Asia,QAT,76.0,9.56,382426.0,Asia,7189.5889121338905
Qatar,QAT,1996,69746.15,Asia,QAT,76.0,9.56,382426.0,Asia,7295.622384937237
Qatar,QAT,1997,87140.04,Asia,QAT,83.0,9.56,550511.0,Asia,9115.066945606693
Qatar,QAT,1998,91901.07,Asia,QAT,83.0,9.56,550511.0,Asia,9613.082635983264
Qatar,QAT,1999,90837.375,Asia,QAT,83.0,9.56,550511.0,Asia,9501.817468619247
Qatar,QAT,2000,93186.97,Asia,QAT,83.0,9.56,550511.0,Asia,9747.5910041841
Qatar,QAT,2001,92115.734,Asia,QAT,83.0,9.56,550511.0,Asia,9635.537029288702
Qatar,QAT,2002,94111.59,Asia,QAT,83.0,9.56,550511.0,Asia,9844.308577405856
Qatar,QAT,2003,93224.36,Asia,QAT,83.0,9.56,550511.0,Asia,9751.502092050208
Qatar,QAT,2004,107023.58,Asia,QAT,89.0,9.56,773341.0,Asia,11194.935146443515
Qatar,QAT,2005,107784.414,Asia,QAT,89.0,9.56,773341.0,Asia,11274.52029288703
Qatar,QAT,2006,115383.63,Asia,QAT,89.0,9.56,773341.0,Asia,12069.417364016736
Qatar,QAT,2007,109579.68,Asia,QAT,93.0,9.56,1208601.0,Asia,11462.309623430961
Qatar,QAT,2008,109206.3,Asia,QAT,94.0,9.56,1426942.0,Asia,11423.253138075313
Qatar,QAT,2009,108435.75,Asia,QAT,95.0,9.56,1586052.0,Asia,11342.651673640166
Qatar,QAT,2010,129044.71,Asia,QAT,96.0,9.56,1709238.0,Asia,13498.400627615063
Qatar,QAT,2011,145590.77,Asia,QAT,96.0,9.56,1810960.0,Asia,15229.160041841002
Qatar,QAT,2012,143830.56,Asia,QAT,97.0,9.56,1907122.0,Asia,15045.037656903765
Qatar,QAT,2013,136453.94,Asia,QAT,97.0,9.56,2032650.0,Asia,14273.424686192468
Qatar,QAT,2014,128013.945,Asia,QAT,98.0,9.56,2218378.0,Asia,13390.580020920503
Qatar,QAT,2015,123070.82,Asia,QAT,98.0,8.46,2427340.0,Asia,14547.378250591017
Qatar,QAT,2016,120054.24,Asia,QAT,98.0,8.46,2427340.0,Asia,14190.808510638297
Qatar,QAT,2017,115064.836,Asia,QAT,98.0,8.46,2427340.0,Asia,13601.044444444442
Qatar,QAT,2018,114909.79,Asia,QAT,98.0,8.46,2427340.0,Asia,13582.717494089833
Qatar,QAT,2019,113160.836,Asia,QAT,98.0,8.46,2427340.0,Asia,13375.985342789596
Qatar,QAT,2020,103061.9,Asia,QAT,98.0,8.52,2803375.0,Asia,12096.467136150235
Qatar,QAT,2021,116832.66,Asia,QAT,98.0,8.52,2803375.0,Asia,13712.753521126762
Qatar,QAT,2022,114740.164,Asia,QAT,98.0,8.52,2803375.0,Asia,13467.155399061034
Qatar,QAT,2023,116563.99,Asia,QAT,98.0,8.52,2803375.0,Asia,13681.219483568077
Reunion,QAT,1990,110889.79,Asia,REU,79.0,6.46,652573.0,Africa,17165.60216718266
Reunion,QAT,1995,110889.79,Asia,REU,79.0,6.97,710463.0,Africa,15909.582496413199
Reunion,QAT,2000,110889.79,Asia,REU,79.0,7.42,763148.0,Africa,14944.71563342318
Reunion,QAT,2005,110889.79,Asia,REU,79.0,7.85,800227.0,Africa,14126.087898089172
Reunion,QAT,2010,110889.79,Asia,REU,79.0,8.29,844480.0,Africa,13376.331724969843
Reunion,QAT,2015,110889.79,Asia,REU,79.0,8.5,865016.0,Africa,13045.857647058823
Reunion,QAT,2020,110889.79,Asia,REU,79.0,8.71,861452.0,Africa,12731.319173363947
Romania,ROU,1990,16316.912,Europe,ROU,77.5,9.84,22939530.0,Europe,1658.2227642276423
Romania,ROU,1991,14333.03,Europe,ROU,77.5,9.84,22939530.0,Europe,1456.6087398373984
Romania,ROU,1992,13195.097,Europe,ROU,97.0,9.84,22912389.0,Europe,1340.9651422764227
Romania,ROU,1993,13415.074,Europe,ROU,97.0,9.84,22912389.0,Europe,1363.3205284552846
Romania,ROU,1994,13962.832,Europe,ROU,97.0,9.84,22912389.0,Europe,1418.9869918699187
Romania,ROU,1995,14863.247,Europe,ROU,97.0,10.37,22657722.0,Europe,1433.2928640308583
Romania,ROU,1996,15488.622,Europe,ROU,97.0,10.37,22657722.0,Europe,1493.5990356798457
Romania,ROU,1997,14780.059,Europe,ROU,97.0,10.37,22657722.0,Europe,1425.2708775313404
Romania,ROU,1998,14510.054,Europe,ROU,97.0,10.37,22657722.0,Europe,1399.2337512054003
Romania,ROU,1999,14478.109,Europe,ROU,97.0,10.37,22657722.0,Europe,1396.153230472517
Romania,ROU,2000,14853.668,Europe,ROU,97.0,10.7,22046264.0,Europe,1388.1932710280375
Romania,ROU,2001,15848.37,Europe,ROU,97.0,10.7,22046264.0,Europe,1481.1560747663552
Romania,ROU,2002,17061.7,Europe,ROU,97.0,10.7,21770020.0,Europe,1594.551401869159
Romania,ROU,2003,17587.535,Europe,ROU,97.0,10.7,21770020.0,Europe,1643.6948598130841
Romania,ROU,2004,19532.56,Europe,ROU,97.0,10.7,21770020.0,Europe,1825.472897196262
Romania,ROU,2005,20571.012,Europe,ROU,97.0,10.89,21213395.0,Europe,1888.981818181818
Romania,ROU,2006,22354.656,Europe,ROU,97.0,10.89,21213395.0,Europe,2052.7691460055094
Romania,ROU,2007,24328.494,Europe,ROU,97.0,10.89,21213395.0,Europe,2234.0214876033056
Romania,ROU,2008,27039.713,Europe,ROU,97.0,10.89,21213395.0,Europe,2482.985583103765
Romania,ROU,2009,25761.738,Europe,ROU,97.0,10.89,21213395.0,Europe,2365.6325068870524
Romania,ROU,2010,24903.008,Europe,ROU,97.0,11.24,20432575.0,Europe,2215.570106761566
Romania,ROU,2011,26150.855,Europe,ROU,99.0,11.24,20282009.0,Europe,2326.5885231316724
Romania,ROU,2012,26767.566,Europe,ROU,99.0,11.24,20282009.0,Europe,2381.456049822064
Romania,ROU,2013,26942.043,Europe,ROU,99.0,11.24,20282009.0,Europe,2396.9789145907475
Romania,ROU,2014,28156.248,Europe,ROU,99.0,11.24,20282009.0,Europe,2505.0042704626335
Romania,ROU,2015,29182.0,Europe,ROU,99.0,11.07,19871018.0,Europe,2636.13369467028
Romania,ROU,2016,30189.273,Europe,ROU,99.0,11.07,19871018.0,Europe,2727.1249322493227
Romania,ROU,2017,32852.773,Europe,ROU,99.0,11.07,19871018.0,Europe,2967.73017163505
Romania,ROU,2018,34829.04,Europe,ROU,99.0,11.07,19871018.0,Europe,3146.2547425474254
Romania,ROU,2019,36399.625,Europe,ROU,99.0,11.07,19871018.0,Europe,3288.13233965673
Romania,ROU,2020,35283.754,Europe,ROU,99.0,11.28,19392467.0,Europe,3127.992375886525
Romania,ROU,2021,37534.156,Europe,ROU,99.0,11.28,19248159.0,Europe,3327.4960992907804
Romania,ROU,2022,39256.99,Europe,ROU,99.0,11.28,19248159.0,Europe,3480.229609929078
Romania,ROU,2023,40116.855,Europe,ROU,99.0,11.28,19248159.0,Europe,3556.4587765957453
Russia,RUS,1990,29643.596,Europe,RUS,98.0,10.21,148979537.0,Europe,2903.388442703232
Russia,RUS,1991,28066.922,Europe,RUS,98.0,10.21,148979537.0,Europe,2748.9639569049946
Russia,RUS,1992,23965.244,Europe,RUS,98.0,10.21,148979537.0,Europe,2347.2325171400585
Russia,RUS,1993,21899.518,Europe,RUS,98.0,10.21,148979537.0,Europe,2144.9087169441723
Russia,RUS,1994,19153.363,Europe,RUS,98.0,10.21,148979537.0,Europe,1875.94152791381
Russia,RUS,1995,18363.713,Europe,RUS,98.0,10.73,148291406.0,Europe,1711.436439888164
Russia,RUS,1996,17699.87,Europe,RUS,98.0,10.73,148291406.0,Europe,1649.5684995340166
Russia,RUS,1997,17977.352,Europe,RUS,98.0,10.73,148291406.0,Europe,1675.4288909599252
Russia,RUS,1998,17052.756,Europe,RUS,98.0,10.73,148291406.0,Europe,1589.2596458527494
Russia,RUS,1999,18200.32,Europe,RUS,98.0,10.73,148291406.0,Europe,1696.2087604846224
Russia,RUS,2000,20104.75,Europe,RUS,98.0,11.54,146717784.0,Europe,1742.179376083189
Russia,RUS,2001,21219.904,Europe,RUS,98.0,11.54,146717784.0,Europe,1838.813171577123
Russia,RUS,2002,22319.678,Europe,RUS,99.0,11.54,145939502.0,Europe,1934.114211438475
Russia,RUS,2003,24057.928,Europe,RUS,99.0,11.54,145939502.0,Europe,2084.7424610051994
Russia,RUS,2004,25894.146,Europe,RUS,99.0,11.54,145939502.0,Europe,2243.8601386481805
Russia,RUS,2005,27656.658,Europe,RUS,99.0,11.76,144597886.0,Europe,2351.7566326530614
Russia,RUS,2006,30022.672,Europe,RUS,99.0,11.76,144597886.0,Europe,2552.948299319728
Russia,RUS,2007,32630.37,Europe,RUS,99.0,11.76,144597886.0,Europe,2774.691326530612
Russia,RUS,2008,34342.227,Europe,RUS,99.0,11.76,144597886.0,Europe,2920.2573979591834
Russia,RUS,2009,31654.004,Europe,RUS,99.0,11.76,144597886.0,Europe,2691.667006802721
Russia,RUS,2010,33063.586,Europe,RUS,100.0,12.02,143934468.0,Europe,2750.7143094841936
Russia,RUS,2011,34444.645,Europe,RUS,100.0,12.02,143934468.0,Europe,2865.6110648918466
Russia,RUS,2012,35740.7,Europe,RUS,100.0,12.02,143934468.0,Europe,2973.4359400998333
Russia,RUS,2013,36260.066,Europe,RUS,100.0,12.02,143934468.0,Europe,3016.644425956739
Russia,RUS,2014,35853.246,Europe,RUS,100.0,12.02,143934468.0,Europe,2982.7991680532446
Russia,RUS,2015,35037.152,Europe,RUS,100.0,11.56,145307612.0,Europe,3030.8955017301037
Russia,RUS,2016,35005.45,Europe,RUS,100.0,11.56,145307612.0,Europe,3028.153114186851
Russia,RUS,2017,35570.39,Europe,RUS,100.0,11.56,145307612.0,Europe,3077.023356401384
Russia,RUS,2018,36536.695,Europe,RUS,100.0,11.56,145307612.0,Europe,3160.6137543252594
Russia,RUS,2019,37319.32,Europe,RUS,100.0,11.56,145307612.0,Europe,3228.3148788927333
Russia,RUS,2020,36376.336,Europe,RUS,100.0,11.6,146371295.0,Europe,3135.891034482759
Russia,RUS,2021,38638.43,Europe,RUS,100.0,11.6,145836172.0,Europe,3330.8991379310346
Russia,RUS,2022,38214.496,Europe,RUS,100.0,11.6,145836172.0,Europe,3294.3531034482758
Russia,RUS,2023,39887.34,Europe,RUS,100.0,11.6,145836172.0,Europe,3438.563793103448
Rwanda,RWA,1990,1122.9913,Africa,RWA,38.0,11.6,5035172.0,Africa,96.8095948275862
Rwanda,RWA,1991,1072.6971,Africa,RWA,58.0,11.6,7526964.0,Africa,92.4738879310345
Rwanda,RWA,1992,1112.5903,Africa,RWA,58.0,11.6,7526964.0,Africa,95.91295689655173
Rwanda,RWA,1993,984.2175,Africa,RWA,58.0,11.6,7526964.0,Africa,84.84633620689655
Rwanda,RWA,1994,575.36755,Africa,RWA,58.0,11.6,7526964.0,Africa,49.600650862068974
Rwanda,RWA,1995,931.3678,Africa,RWA,58.0,11.6,7526964.0,Africa,80.2903275862069
Rwanda,RWA,1996,888.131,Africa,RWA,58.0,11.6,7526964.0,Africa,76.56301724137931
Rwanda,RWA,1997,874.6947,Africa,RWA,58.0,11.6,7526964.0,Africa,75.40471551724139
Rwanda,RWA,1998,913.7196,Africa,RWA,58.0,11.6,7526964.0,Africa,78.76893103448276
Rwanda,RWA,1999,945.7332,Africa,RWA,58.0,11.6,7526964.0,Africa,81.52872413793104
Rwanda,RWA,2000,1016.662,Africa,RWA,65.0,11.6,8213936.0,Africa,87.64327586206898
Rwanda,RWA,2001,1093.1841,Africa,RWA,65.0,11.6,8213936.0,Africa,94.24000862068965
Rwanda,RWA,2002,1220.7395,Africa,RWA,65.0,11.6,8213936.0,Africa,105.23616379310344
Rwanda,RWA,2003,1220.4991,Africa,RWA,65.0,11.6,8213936.0,Africa,105.21543965517242
Rwanda,RWA,2004,1277.1927,Africa,RWA,65.0,11.6,8213936.0,Africa,110.10281896551724
Rwanda,RWA,2005,1360.2959,Africa,RWA,65.0,11.6,8213936.0,Africa,117.26688793103449
Rwanda,RWA,2006,1446.7109,Africa,RWA,65.0,11.6,8213936.0,Africa,124.71645689655173
Rwanda,RWA,2007,1516.2675,Africa,RWA,65.0,11.6,8213936.0,Africa,130.71271551724138
Rwanda,RWA,2008,1641.7777,Africa,RWA,65.0,11.6,8213936.0,Africa,141.5325603448276
Rwanda,RWA,2009,1699.9446,Africa,RWA,65.0,11.6,8213936.0,Africa,146.54694827586206
Rwanda,RWA,2010,1779.1586,Africa,RWA,65.0,11.6,8213936.0,Africa,153.37574137931034
Rwanda,RWA,2011,1874.215,Africa,RWA,65.0,11.6,8213936.0,Africa,161.57025862068966
Rwanda,RWA,2012,1988.0122,Africa,RWA,68.0,11.6,10829904.0,Africa,171.38036206896552
Rwanda,RWA,2013,2032.4048,Africa,RWA,68.0,11.6,10829904.0,Africa,175.2073103448276
Rwanda,RWA,2014,2106.2146,Africa,RWA,71.0,11.6,11364758.0,Africa,181.57022413793104
Rwanda,RWA,2015,2238.5393,Africa,RWA,71.0,4.62,11640026.0,Africa,484.53231601731596
Rwanda,RWA,2016,2316.6372,Africa,RWA,71.0,4.62,11640026.0,Africa,501.4366233766234
Rwanda,RWA,2017,2351.597,Africa,RWA,71.0,4.62,11640026.0,Africa,509.0036796536797
Rwanda,RWA,2018,2493.44,Africa,RWA,73.0,4.62,12488000.0,Africa,539.7056277056276
Rwanda,RWA,2019,2667.4646,Africa,RWA,73.0,4.62,12488000.0,Africa,577.37329004329
Rwanda,RWA,2020,2520.3174,Africa,RWA,80.05086,5.24,13065838.0,Africa,480.9766030534351
Rwanda,RWA,2021,2733.4355,Africa,RWA,80.05086,5.24,13065838.0,Africa,521.6479961832061
Rwanda,RWA,2022,2892.4597,Africa,RWA,79.0,5.24,13651025.0,Africa,551.9961259541984
Rwanda,RWA,2023,3062.999,Africa,RWA,79.0,5.24,13651025.0,Africa,584.5417938931297
Saint Helena,RWA,1998,3264.6445,Africa,SHN,97.0,5.24,6184.0,Africa,623.0237595419846
Saint Kitts And Nevis,KNA,1990,14326.041,North America,SHN,97.0,5.24,6184.0,Africa,2733.9772900763355
Saint Kitts And Nevis,KNA,1991,14084.684,North America,SHN,97.0,5.24,6184.0,Africa,2687.9167938931296
Saint Kitts And Nevis,KNA,1992,14557.185,North America,SHN,97.0,5.24,6184.0,Africa,2778.088740458015
Saint Kitts And Nevis,KNA,1993,15348.688,North America,SHN,97.0,5.24,6184.0,Africa,2929.13893129771
Saint Kitts And Nevis,KNA,1994,15955.838,North America,SHN,97.0,5.24,6184.0,Africa,3045.007251908397
Saint Kitts And Nevis,KNA,1995,16596.266,North America,SHN,97.0,5.24,6184.0,Africa,3167.2263358778623
Saint Kitts And Nevis,KNA,1996,17340.223,North America,SHN,97.0,5.24,6184.0,Africa,3309.20286259542
Saint Kitts And Nevis,KNA,1997,18288.494,North America,SHN,97.0,5.24,6184.0,Africa,3490.1706106870224
Saint Kitts And Nevis,KNA,1998,17963.7,North America,SHN,97.0,5.24,6184.0,Africa,3428.187022900763
Saint Kitts And Nevis,KNA,1999,18291.424,North America,SHN,97.0,5.24,6184.0,Africa,3490.729770992366
Saint Kitts And Nevis,KNA,2000,19840.58,North America,SHN,97.0,5.24,6184.0,Africa,3786.370229007634
Saint Kitts And Nevis,KNA,2001,20648.79,North America,SHN,97.0,5.24,6184.0,Africa,3940.608778625954
Saint Kitts And Nevis,KNA,2002,20813.404,North America,SHN,97.0,5.24,6184.0,Africa,3972.023664122137
Saint Kitts And Nevis,KNA,2003,19927.182,North America,SHN,97.0,5.24,6184.0,Africa,3802.897328244275
Saint Kitts And Nevis,KNA,2004,20661.346,North America,SHN,97.0,5.24,6184.0,Africa,3943.0049618320613
Saint Kitts And Nevis,KNA,2005,22612.713,North America,SHN,97.0,5.24,6184.0,Africa,4315.403244274809
Saint Kitts And Nevis,KNA,2006,23258.984,North America,SHN,97.0,5.24,6184.0,Africa,4438.7374045801525
Saint Kitts And Nevis,KNA,2007,23330.045,North America,SHN,97.0,5.24,6184.0,Africa,4452.298664122137
Saint Kitts And Nevis,KNA,2008,25898.783,North America,SHN,97.0,5.24,6184.0,Africa,4942.515839694656
Saint Kitts And Nevis,KNA,2009,24973.805,North America,SHN,97.0,5.24,6184.0,Africa,4765.993320610687
Saint Kitts And Nevis,KNA,2010,24997.566,North America,SHN,97.0,5.24,6184.0,Africa,4770.52786259542
Saint Kitts And Nevis,KNA,2011,25380.008,North America,SHN,97.0,5.24,6184.0,Africa,4843.512977099237
Saint Kitts And Nevis,KNA,2012,25114.057,North America,SHN,97.0,5.24,6184.0,Africa,4792.758969465649
Saint Kitts And Nevis,KNA,2013,26532.102,North America,SHN,97.0,5.24,6184.0,Africa,5063.378244274809
Saint Kitts And Nevis,KNA,2014,28530.307,North America,SHN,97.0,5.24,6184.0,Africa,5444.715076335878
Saint Kitts And Nevis,KNA,2015,28729.566,North America,SHN,97.0,5.24,6184.0,Africa,5482.741603053435
Saint Kitts And Nevis,KNA,2016,29867.027,North America,SHN,97.0,5.24,6184.0,Africa,5699.814312977099
Saint Kitts And Nevis,KNA,2017,29948.92,North America,SHN,97.0,5.24,6184.0,Africa,5715.442748091603
Saint Kitts And Nevis,KNA,2018,30576.248,North America,SHN,97.0,5.24,6184.0,Africa,5835.161832061069
Saint Kitts And Nevis,KNA,2019,31512.193,North America,SHN,97.0,5.24,6184.0,Africa,6013.777290076336
Saint Kitts And Nevis,KNA,2020,26736.928,North America,SHN,97.0,5.24,6184.0,Africa,5102.4671755725185
Saint Kitts And Nevis,KNA,2021,26896.617,North America,SHN,97.0,5.24,6184.0,Africa,5132.942175572519
Saint Kitts And Nevis,KNA,2022,29749.87,North America,SHN,97.0,5.24,6184.0,Africa,5677.456106870229
Saint Kitts And Nevis,KNA,2023,30616.578,North America,SHN,97.0,5.24,6184.0,Africa,5842.858396946565
Saint Lucia,LCA,1990,17222.148,North America,SHN,97.0,5.24,6184.0,Africa,3286.669465648855
Saint Lucia,LCA,1991,17080.799,North America,SHN,97.0,5.24,6184.0,Africa,3259.6944656488545
Saint Lucia,LCA,1992,18166.207,North America,SHN,97.0,5.24,6184.0,Africa,3466.8333969465643
Saint Lucia,LCA,1993,18004.031,North America,SHN,97.0,5.24,6184.0,Africa,3435.8837786259537
Saint Lucia,LCA,1994,18020.514,North America,SHN,97.0,5.24,6184.0,Africa,3439.029389312977
Saint Lucia,LCA,1995,18048.781,North America,SHN,97.0,5.24,6184.0,Africa,3444.4238549618317
Saint Lucia,LCA,1996,18301.152,North America,SHN,97.0,5.24,6184.0,Africa,3492.5862595419844
Saint Lucia,LCA,1997,17920.033,North America,SHN,97.0,5.24,6184.0,Africa,3419.8536259541984
Saint Lucia,LCA,1998,18786.998,North America,SHN,97.0,5.24,6184.0,Africa,3585.304961832061
Saint Lucia,LCA,1999,19039.463,North America,SHN,97.0,5.24,6184.0,Africa,3633.4853053435113
Saint Lucia,LCA,2000,18818.885,North America,SHN,97.0,5.24,6184.0,Africa,3591.3902671755723
Saint Lucia,LCA,2001,17993.637,North America,SHN,97.0,5.24,6184.0,Africa,3433.9001908396945
Saint Lucia,LCA,2002,17911.629,North America,SHN,97.0,5.24,6184.0,Africa,3418.249809160305
Saint Lucia,LCA,2003,18522.514,North America,SHN,97.0,5.24,6184.0,Africa,3534.830916030534
Saint Lucia,LCA,2004,19715.83,North America,SHN,97.0,5.24,6184.0,Africa,3762.562977099237
Saint Lucia,LCA,2005,19491.219,North America,SHN,97.0,5.24,6184.0,Africa,3719.698282442748
Saint Lucia,LCA,2006,20551.06,North America,SHN,97.0,5.24,6184.0,Africa,3921.9580152671756
Saint Lucia,LCA,2007,20759.305,North America,SHN,97.0,5.24,6184.0,Africa,3961.699427480916
Saint Lucia,LCA,2008,21651.234,North America,SHN,97.0,5.24,6184.0,Africa,4131.914885496183
Saint Lucia,LCA,2009,20907.334,North America,SHN,97.0,5.24,6184.0,Africa,3989.949236641221
Saint Lucia,LCA,2010,20849.055,North America,SHN,97.0,5.24,6184.0,Africa,3978.827290076336
Saint Lucia,LCA,2011,21637.87,North America,SHN,97.0,5.24,6184.0,Africa,4129.364503816793
Saint Lucia,LCA,2012,21515.9,North America,SHN,97.0,5.24,6184.0,Africa,4106.087786259542
Saint Lucia,LCA,2013,21029.29,North America,SHN,97.0,5.24,6184.0,Africa,4013.2232824427483
Saint Lucia,LCA,2014,21214.477,North America,SHN,97.0,5.24,6184.0,Africa,4048.564312977099
Saint Lucia,LCA,2015,21142.973,North America,SHN,97.0,5.24,6184.0,Africa,4034.9185114503816
Saint Lucia,LCA,2016,21775.475,North America,SHN,97.0,5.24,6184.0,Africa,4155.625
Saint Lucia,LCA,2017,22422.598,North America,SHN,97.0,5.24,6184.0,Africa,4279.121755725191
Saint Lucia,LCA,2018,22981.918,North America,SHN,97.0,5.24,6184.0,Africa,4385.862213740458
Saint Lucia,LCA,2019,22738.248,North America,SHN,97.0,5.24,6184.0,Africa,4339.360305343511
Saint Lucia,LCA,2020,17142.045,North America,SHN,97.0,5.24,6184.0,Africa,3271.3826335877857
Saint Lucia,LCA,2021,19101.166,North America,SHN,97.0,5.24,6184.0,Africa,3645.260687022901
Saint Lucia,LCA,2022,22962.281,North America,SHN,97.0,5.24,6184.0,Africa,4382.114694656489
Saint Lucia,LCA,2023,23403.744,North America,SHN,97.0,5.24,6184.0,Africa,4466.363358778625
Saint Vincent And The Grenadines,VCT,1990,7467.379,North America,VCT,96.0,5.24,95977.0,North America,1425.0723282442748
Saint Vincent And The Grenadines,VCT,1991,7524.585,North America,VCT,96.0,5.24,95977.0,North America,1435.9895038167938
Saint Vincent And The Grenadines,VCT,1992,7984.0796,North America,VCT,96.0,5.24,95977.0,North America,1523.6793129770992
Saint Vincent And The Grenadines,VCT,1993,8306.775,North America,VCT,96.0,5.24,95977.0,North America,1585.2624045801526
Saint Vincent And The Grenadines,VCT,1994,8189.8438,North America,VCT,96.0,5.24,95977.0,North America,1562.9472900763358
Saint Vincent And The Grenadines,VCT,1995,8815.849,North America,VCT,96.0,5.24,95977.0,North America,1682.41393129771
Saint Vincent And The Grenadines,VCT,1996,8923.705,North America,VCT,96.0,5.24,95977.0,North America,1702.9971374045801
Saint Vincent And The Grenadines,VCT,1997,9234.699,North America,VCT,96.0,5.24,95977.0,North America,1762.3471374045803
Saint Vincent And The Grenadines,VCT,1998,9609.104,North America,VCT,96.0,5.24,95977.0,North America,1833.7984732824425
Saint Vincent And The Grenadines,VCT,1999,9853.348,North America,VCT,96.0,5.24,95977.0,North America,1880.409923664122
Saint Vincent And The Grenadines,VCT,2000,9999.059,North America,VCT,96.0,5.24,95977.0,North America,1908.2173664122136
Saint Vincent And The Grenadines,VCT,2001,10177.81,North America,VCT,96.0,5.24,95977.0,North America,1942.3301526717555
Saint Vincent And The Grenadines,VCT,2002,10736.088,North America,VCT,96.0,5.24,95977.0,North America,2048.8717557251907
Saint Vincent And The Grenadines,VCT,2003,11475.331,North America,VCT,96.0,5.24,95977.0,North America,2189.9486641221374
Saint Vincent And The Grenadines,VCT,2004,11979.907,North America,VCT,96.0,5.24,95977.0,North America,2286.2417938931294
Saint Vincent And The Grenadines,VCT,2005,12320.071,North America,VCT,96.0,5.24,95977.0,North America,2351.1585877862594
Saint Vincent And The Grenadines,VCT,2006,13233.407,North America,VCT,96.0,5.24,95977.0,North America,2525.459351145038
Saint Vincent And The Grenadines,VCT,2007,13732.362,North America,VCT,96.0,5.24,95977.0,North America,2620.6797709923662
Saint Vincent And The Grenadines,VCT,2008,13850.394,North America,VCT,96.0,5.24,95977.0,North America,2643.204961832061
Saint Vincent And The Grenadines,VCT,2009,13723.784,North America,VCT,96.0,5.24,95977.0,North America,2619.042748091603
Saint Vincent And The Grenadines,VCT,2010,13175.723,North America,VCT,96.0,5.24,95977.0,North America,2514.450954198473
Saint Vincent And The Grenadines,VCT,2011,13168.896,North America,VCT,96.0,5.24,95977.0,North America,2513.1480916030537
Saint Vincent And The Grenadines,VCT,2012,13397.963,North America,VCT,96.0,5.24,95977.0,North America,2556.863167938931
Saint Vincent And The Grenadines,VCT,2013,13804.184,North America,VCT,96.0,5.24,95977.0,North America,2634.3862595419846
Saint Vincent And The Grenadines,VCT,2014,14040.246,North America,VCT,96.0,5.24,95977.0,North America,2679.4362595419843
Saint Vincent And The Grenadines,VCT,2015,14508.861,North America,VCT,96.0,5.24,95977.0,North America,2768.866603053435
Saint Vincent And The Grenadines,VCT,2016,15197.748,North America,VCT,96.0,5.24,95977.0,North America,2900.333587786259
Saint Vincent And The Grenadines,VCT,2017,15533.222,North America,VCT,96.0,5.24,95977.0,North America,2964.3553435114504
Saint Vincent And The Grenadines,VCT,2018,16139.066,North America,VCT,96.0,5.24,95977.0,North America,3079.974427480916
Saint Vincent And The Grenadines,VCT,2019,16365.325,North America,VCT,96.0,5.24,95977.0,North America,3123.1536259541986
Saint Vincent And The Grenadines,VCT,2020,15763.705,North America,VCT,96.0,5.24,95977.0,North America,3008.3406488549617
Saint Vincent And The Grenadines,VCT,2021,16200.899,North America,VCT,96.0,5.24,95977.0,North America,3091.7746183206104
Saint Vincent And The Grenadines,VCT,2022,16835.023,North America,VCT,96.0,5.24,95977.0,North America,3212.790648854962
Saint Vincent And The Grenadines,VCT,2023,17858.244,North America,VCT,96.0,5.24,95977.0,North America,3408.0618320610683
Samoa,WSM,1990,3990.9268,Oceania,WSM,87.5,5.24,88299.0,Oceania,761.6272519083969
Samoa,WSM,1991,3891.63,Oceania,WSM,98.0,5.24,169378.0,Oceania,742.6774809160305
Samoa,WSM,1992,3861.889,Oceania,WSM,98.0,5.24,169378.0,Oceania,737.0017175572519
Samoa,WSM,1993,3986.4539,Oceania,WSM,98.0,5.24,169378.0,Oceania,760.773645038168
Samoa,WSM,1994,3854.0393,Oceania,WSM,98.0,5.24,169378.0,Oceania,735.5036832061069
Samoa,WSM,1995,4077.991,Oceania,WSM,98.0,5.24,169378.0,Oceania,778.2425572519084
Samoa,WSM,1996,4333.5127,Oceania,WSM,98.0,5.24,169378.0,Oceania,827.0062404580153
Samoa,WSM,1997,4325.138,Oceania,WSM,98.0,5.24,169378.0,Oceania,825.4080152671755
Samoa,WSM,1998,4386.519,Oceania,WSM,98.0,5.24,169378.0,Oceania,837.1219465648855
Samoa,WSM,1999,4448.32,Oceania,WSM,98.0,5.24,169378.0,Oceania,848.9160305343511
Samoa,WSM,2000,4638.594,Oceania,WSM,98.0,5.24,169378.0,Oceania,885.2278625954198
Samoa,WSM,2001,4941.115,Oceania,WSM,98.0,5.24,169378.0,Oceania,942.9608778625953
Samoa,WSM,2002,5183.4546,Oceania,WSM,98.0,5.24,169378.0,Oceania,989.208893129771
Samoa,WSM,2003,5425.444,Oceania,WSM,98.0,5.24,169378.0,Oceania,1035.390076335878
Samoa,WSM,2004,5568.347,Oceania,WSM,98.0,5.24,169378.0,Oceania,1062.6616412213739
Samoa,WSM,2005,5914.8896,Oceania,WSM,98.0,5.24,169378.0,Oceania,1128.7957251908397
Samoa,WSM,2006,6017.477,Oceania,WSM,98.0,5.24,169378.0,Oceania,1148.3734732824428
Samoa,WSM,2007,6013.2764,Oceania,WSM,98.0,5.24,169378.0,Oceania,1147.5718320610686
Samoa,WSM,2008,6182.763,Oceania,WSM,98.0,5.24,169378.0,Oceania,1179.916603053435
Samoa,WSM,2009,6104.1274,Oceania,WSM,98.0,5.24,169378.0,Oceania,1164.9098091603053
Samoa,WSM,2010,6427.3115,Oceania,WSM,98.0,5.24,169378.0,Oceania,1226.5861641221372
Samoa,WSM,2011,6616.771,Oceania,WSM,99.0,5.24,194726.0,Oceania,1262.7425572519082
Samoa,WSM,2012,6311.961,Oceania,WSM,99.0,5.24,194726.0,Oceania,1204.5727099236642
Samoa,WSM,2013,6262.3237,Oceania,WSM,99.0,5.24,194726.0,Oceania,1195.0999427480915
Samoa,WSM,2014,6247.905,Oceania,WSM,99.0,5.24,194726.0,Oceania,1192.348282442748
Samoa,WSM,2015,6432.36,Oceania,WSM,99.0,5.24,194726.0,Oceania,1227.5496183206105
Samoa,WSM,2016,6887.305,Oceania,WSM,99.0,5.24,203509.0,Oceania,1314.371183206107
Samoa,WSM,2017,6919.0156,Oceania,WSM,99.0,5.24,203509.0,Oceania,1320.422824427481
Samoa,WSM,2018,6805.0454,Oceania,WSM,99.0,5.24,203509.0,Oceania,1298.672786259542
Samoa,WSM,2019,7033.521,Oceania,WSM,97.99026,5.24,209794.0,Oceania,1342.2749999999999
Samoa,WSM,2020,6745.2925,Oceania,WSM,97.99026,5.24,209794.0,Oceania,1287.2695610687022
Samoa,WSM,2021,6350.1143,Oceania,WSM,97.99026,5.24,209794.0,Oceania,1211.8538740458016
Samoa,WSM,2022,6449.365,Oceania,WSM,97.99026,5.24,209794.0,Oceania,1230.7948473282443
Samoa,WSM,2023,7383.7456,Oceania,WSM,97.99026,5.24,209794.0,Oceania,1409.1117557251907
San Marino,SMR,1997,66923.03,Europe,SMR,87.5,5.24,12970.0,Europe,12771.570610687022
San Marino,SMR,1998,71024.56,Europe,SMR,87.5,5.24,12970.0,Europe,13554.305343511449
San Marino,SMR,1999,76474.13,Europe,SMR,87.5,5.24,12970.0,Europe,14594.29961832061
San Marino,SMR,2000,77149.414,Europe,SMR,87.5,5.24,12970.0,Europe,14723.170610687022
San Marino,SMR,2001,80420.77,Europe,SMR,87.5,5.24,12970.0,Europe,15347.475190839696
San Marino,SMR,2002,79649.53,Europe,SMR,87.5,5.24,12970.0,Europe,15200.291984732823
San Marino,SMR,2003,81688.375,Europe,SMR,87.5,5.24,12970.0,Europe,15589.384541984733
San Marino,SMR,2004,80724.81,Europe,SMR,87.5,5.24,12970.0,Europe,15405.498091603053
San Marino,SMR,2005,81632.17,Europe,SMR,87.5,5.24,12970.0,Europe,15578.658396946565
San Marino,SMR,2006,83781.55,Europe,SMR,87.5,5.24,12970.0,Europe,15988.845419847328
San Marino,SMR,2007,86785.016,Europe,SMR,87.5,5.24,12970.0,Europe,16562.025954198474
San Marino,SMR,2008,85120.29,Europe,SMR,87.5,5.24,12970.0,Europe,16244.330152671753
San Marino,SMR,2009,73093.83,Europe,SMR,87.5,5.24,12970.0,Europe,13949.204198473282
San Marino,SMR,2010,68669.25,Europe,SMR,87.5,5.24,12970.0,Europe,13104.818702290077
San Marino,SMR,2011,64214.117,Europe,SMR,87.5,5.24,12970.0,Europe,12254.60248091603
San Marino,SMR,2012,58176.38,Europe,SMR,87.5,5.24,12970.0,Europe,11102.362595419847
San Marino,SMR,2013,58467.977,Europe,SMR,87.5,5.24,12970.0,Europe,11158.010877862594
San Marino,SMR,2014,58743.586,Europe,SMR,87.5,5.24,12970.0,Europe,11210.608015267175
San Marino,SMR,2015,59647.66,Europe,SMR,87.5,5.24,12970.0,Europe,11383.141221374046
San Marino,SMR,2016,60669.82,Europe,SMR,87.5,5.24,12970.0,Europe,11578.209923664122
San Marino,SMR,2017,59524.56,Europe,SMR,87.5,5.24,12970.0,Europe,11359.648854961832
San Marino,SMR,2018,59194.043,Europe,SMR,87.5,5.24,12970.0,Europe,11296.573091603053
San Marino,SMR,2019,60171.047,Europe,SMR,87.5,5.24,12970.0,Europe,11483.02423664122
San Marino,SMR,2020,55998.07,Europe,SMR,87.5,5.24,12970.0,Europe,10686.654580152672
San Marino,SMR,2021,64745.133,Europe,SMR,87.5,5.24,12970.0,Europe,12355.94141221374
San Marino,SMR,2022,70887.57,Europe,SMR,100.0,5.24,34113.0,Europe,13528.16221374046
San Marino,SMR,2023,70951.79,Europe,SMR,100.0,5.24,34113.0,Europe,13540.417938931296
Sao Tome And Principe,STP,1990,3883.2043,Africa,STP,57.0,5.24,100629.0,Africa,741.0695229007633
Sao Tome And Principe,STP,1991,3844.8965,Africa,STP,73.0,5.24,125711.0,Africa,733.7588740458015
Sao Tome And Principe,STP,1992,3798.8835,Africa,STP,73.0,5.24,125711.0,Africa,724.9777671755725
Sao Tome And Principe,STP,1993,3771.2861,Africa,STP,73.0,5.24,125711.0,Africa,719.7110877862594
Sao Tome And Principe,STP,1994,3788.4836,Africa,STP,73.0,5.24,125711.0,Africa,722.9930534351145
Sao Tome And Principe,STP,1995,3802.2913,Africa,STP,73.0,5.24,125711.0,Africa,725.6281106870229
Sao Tome And Principe,STP,1996,3801.0815,Africa,STP,73.0,5.24,125711.0,Africa,725.3972328244274
Sao Tome And Principe,STP,1997,3784.7903,Africa,STP,73.0,5.24,125711.0,Africa,722.2882251908397
Sao Tome And Principe,STP,1998,3828.9983,Africa,STP,73.0,5.24,125711.0,Africa,730.7248664122137
Sao Tome And Principe,STP,1999,3878.131,Africa,STP,73.0,5.24,125711.0,Africa,740.1013358778625
Sao Tome And Principe,STP,2000,3852.8904,Africa,STP,73.0,5.24,125711.0,Africa,735.2844274809161
Sao Tome And Principe,STP,2001,3907.0193,Africa,STP,85.0,5.24,146386.0,Africa,745.6143702290076
Sao Tome And Principe,STP,2002,3942.7605,Africa,STP,85.0,5.24,146386.0,Africa,752.435209923664
Sao Tome And Principe,STP,2003,4161.638,Africa,STP,85.0,5.24,146386.0,Africa,794.2057251908396
Sao Tome And Principe,STP,2004,4202.562,Africa,STP,85.0,5.24,146386.0,Africa,802.0156488549618
Sao Tome And Principe,STP,2005,4371.497,Africa,STP,85.0,5.24,146386.0,Africa,834.2551526717557
Sao Tome And Principe,STP,2006,4644.1807,Africa,STP,85.0,5.24,146386.0,Africa,886.2940267175572
Sao Tome And Principe,STP,2007,4698.084,Africa,STP,85.0,5.24,146386.0,Africa,896.5809160305342
Sao Tome And Principe,STP,2008,4873.181,Africa,STP,85.0,5.24,146386.0,Africa,929.9963740458014
Sao Tome And Principe,STP,2009,4919.1953,Africa,STP,85.0,5.24,146386.0,Africa,938.7777290076336
Sao Tome And Principe,STP,2010,4882.048,Africa,STP,85.0,5.24,146386.0,Africa,931.6885496183205
Sao Tome And Principe,STP,2011,4876.473,Africa,STP,85.0,5.24,146386.0,Africa,930.6246183206107
Sao Tome And Principe,STP,2012,4919.5527,Africa,STP,90.0,5.24,189452.0,Africa,938.8459351145038
Sao Tome And Principe,STP,2013,5072.112,Africa,STP,90.0,5.24,189452.0,Africa,967.9603053435114
Sao Tome And Principe,STP,2014,5223.0957,Africa,STP,90.0,5.24,189452.0,Africa,996.7739885496183
Sao Tome And Principe,STP,2015,5210.2036,Africa,STP,90.0,5.24,189452.0,Africa,994.3136641221373
Sao Tome And Principe,STP,2016,5388.5093,Africa,STP,90.0,5.24,189452.0,Africa,1028.3414694656487
Sao Tome And Principe,STP,2017,5521.2026,Africa,STP,90.0,5.24,189452.0,Africa,1053.6646183206105
Sao Tome And Principe,STP,2018,5674.7236,Africa,STP,90.0,5.24,189452.0,Africa,1082.9625190839695
Sao Tome And Principe,STP,2019,5702.0835,Africa,STP,87.43846,5.24,213405.0,Africa,1088.1838740458015
Sao Tome And Principe,STP,2020,5742.9473,Africa,STP,87.43846,5.24,213405.0,Africa,1095.9823091603052
Sao Tome And Principe,STP,2021,5732.6943,Africa,STP,87.43846,5.24,213405.0,Africa,1094.0256297709923
Sao Tome And Principe,STP,2022,5632.1387,Africa,STP,87.43846,5.24,213405.0,Africa,1074.8356297709925
Sao Tome And Principe,STP,2023,5541.302,Africa,STP,87.43846,5.24,213405.0,Africa,1057.5003816793892
Saudi Arabia,SAU,1990,65196.574,Asia,SAU,3.0,5.24,1703280.0,Asia,12442.09427480916
Saudi Arabia,SAU,1991,67268.555,Asia,SAU,3.0,5.24,1703280.0,Asia,12837.510496183204
Saudi Arabia,SAU,1992,67183.91,Asia,SAU,71.0,5.24,11686682.0,Asia,12821.356870229009
Saudi Arabia,SAU,1993,64517.664,Asia,SAU,71.0,5.24,11686682.0,Asia,12312.531297709922
Saudi Arabia,SAU,1994,62403.695,Asia,SAU,71.0,5.24,11686682.0,Asia,11909.102099236641
Saudi Arabia,SAU,1995,60058.316,Asia,SAU,71.0,5.24,11686682.0,Asia,11461.5106870229
Saudi Arabia,SAU,1996,59612.812,Asia,SAU,71.0,5.24,11686682.0,Asia,11376.490839694656
Saudi Arabia,SAU,1997,58875.547,Asia,SAU,71.0,5.24,11686682.0,Asia,11235.791412213739
Saudi Arabia,SAU,1998,58306.62,Asia,SAU,71.0,5.24,11686682.0,Asia,11127.217557251908
Saudi Arabia,SAU,1999,55878.17,Asia,SAU,71.0,5.24,11686682.0,Asia,10663.772900763359
Saudi Arabia,SAU,2000,55962.266,Asia,SAU,79.0,5.24,16177733.0,Asia,10679.821755725192
Saudi Arabia,SAU,2001,53309.113,Asia,SAU,79.0,5.24,16177733.0,Asia,10173.494847328244
Saudi Arabia,SAU,2002,50371.977,Asia,SAU,79.0,5.24,16177733.0,Asia,9612.972709923664
Saudi Arabia,SAU,2003,52234.65,Asia,SAU,79.0,5.24,16177733.0,Asia,9968.44465648855
Saudi Arabia,SAU,2004,54196.55,Asia,SAU,83.0,5.24,19669486.0,Asia,10342.853053435114
Saudi Arabia,SAU,2005,54931.793,Asia,SAU,83.0,5.24,19669486.0,Asia,10483.166603053434
Saudi Arabia,SAU,2006,54373.74,Asia,SAU,83.0,5.24,19669486.0,Asia,10376.667938931298
Saudi Arabia,SAU,2007,53318.418,Asia,SAU,83.0,5.24,19669486.0,Asia,10175.270610687023
Saudi Arabia,SAU,2008,54407.707,Asia,SAU,83.0,5.24,19669486.0,Asia,10383.150190839695
Saudi Arabia,SAU,2009,51760.766,Asia,SAU,83.0,5.24,19669486.0,Asia,9878.008778625954
Saudi Arabia,SAU,2010,54911.547,Asia,SAU,83.0,5.24,19669486.0,Asia,10479.30286259542
Saudi Arabia,SAU,2011,58645.445,Asia,SAU,83.0,5.24,19669486.0,Asia,11191.878816793893
Saudi Arabia,SAU,2012,59471.7,Asia,SAU,83.0,5.24,19669486.0,Asia,11349.561068702289
Saudi Arabia,SAU,2013,57998.465,Asia,SAU,94.0,5.24,28026825.0,Asia,11068.409351145037
Saudi Arabia,SAU,2014,58872.266,Asia,SAU,94.0,5.24,28026825.0,Asia,11235.165267175573
Saudi Arabia,SAU,2015,58498.54,Asia,SAU,94.0,9.34,29974944.0,Asia,6263.226980728052
Saudi Arabia,SAU,2016,57308.45,Asia,SAU,94.0,9.34,29974944.0,Asia,6135.80835117773
Saudi Arabia,SAU,2017,57942.547,Asia,SAU,95.0,9.34,30782400.0,Asia,6203.698822269807
Saudi Arabia,SAU,2018,61359.465,Asia,SAU,95.0,9.34,30782400.0,Asia,6569.535867237687
Saudi Arabia,SAU,2019,62647.73,Asia,SAU,95.0,9.34,30782400.0,Asia,6707.46573875803
Saudi Arabia,SAU,2020,57420.734,Asia,SAU,98.0,9.86,30991206.0,Asia,5823.603853955376
Saudi Arabia,SAU,2021,62690.496,Asia,SAU,98.0,9.86,30991206.0,Asia,6358.06247464503
Saudi Arabia,SAU,2022,67178.59,Asia,SAU,98.0,9.86,30991206.0,Asia,6813.244421906694
Saudi Arabia,SAU,2023,64481.844,Asia,SAU,98.0,9.86,30991206.0,Asia,6539.740770791075
Senegal,SEN,1990,2923.3442,Africa,SEN,27.0,2.37,7720524.0,Africa,1233.4785654008438
Senegal,SEN,1991,2917.0142,Africa,SEN,27.0,2.37,7720524.0,Africa,1230.8076793248945
Senegal,SEN,1992,2874.003,Africa,SEN,27.0,2.37,7720524.0,Africa,1212.6594936708861
Senegal,SEN,1993,2834.028,Africa,SEN,27.0,2.37,7720524.0,Africa,1195.792405063291
Senegal,SEN,1994,2757.8608,Africa,SEN,27.0,2.37,7720524.0,Africa,1163.654345991561
Senegal,SEN,1995,2835.0327,Africa,SEN,27.0,2.26,8848112.0,Africa,1254.4392477876108
Senegal,SEN,1996,2822.4683,Africa,SEN,27.0,2.26,8848112.0,Africa,1248.879778761062
Senegal,SEN,1997,2840.6082,Africa,SEN,27.0,2.26,8848112.0,Africa,1256.906283185841
Senegal,SEN,1998,2938.6917,Africa,SEN,27.0,2.26,8848112.0,Africa,1300.3060619469027
Senegal,SEN,1999,3050.178,Africa,SEN,27.0,2.26,8848112.0,Africa,1349.6362831858407
Senegal,SEN,2000,3093.2878,Africa,SEN,27.0,1.98,9968262.0,Africa,1562.2665656565657
Senegal,SEN,2001,3149.331,Africa,SEN,27.0,1.98,9968262.0,Africa,1590.5712121212123
Senegal,SEN,2002,3075.2317,Africa,SEN,39.0,1.98,10466216.0,Africa,1553.147323232323
Senegal,SEN,2003,3170.035,Africa,SEN,39.0,1.98,10466216.0,Africa,1601.0277777777778
Senegal,SEN,2004,3240.302,Africa,SEN,39.0,1.98,10466216.0,Africa,1636.5161616161618
Senegal,SEN,2005,3301.8208,Africa,SEN,39.0,1.67,11235473.0,Africa,1977.1382035928145
Senegal,SEN,2006,3301.0315,Africa,SEN,42.0,1.67,11500094.0,Africa,1976.6655688622757
Senegal,SEN,2007,3316.4204,Africa,SEN,42.0,1.67,11500094.0,Africa,1985.8804790419163
Senegal,SEN,2008,3359.7056,Africa,SEN,42.0,1.67,11500094.0,Africa,2011.7997604790419
Senegal,SEN,2009,3371.4617,Africa,SEN,48.0,1.67,12337390.0,Africa,2018.8393413173653
Senegal,SEN,2010,3403.5671,Africa,SEN,48.0,3.11,12635418.0,Africa,1094.3945659163987
Senegal,SEN,2011,3362.8794,Africa,SEN,52.0,3.11,12958902.0,Africa,1081.3117041800642
Senegal,SEN,2012,3405.1086,Africa,SEN,52.0,3.11,12958902.0,Africa,1094.890225080386
Senegal,SEN,2013,3385.426,Africa,SEN,44.0,3.11,13710857.0,Africa,1088.5614147909969
Senegal,SEN,2014,3484.0122,Africa,SEN,44.0,3.11,13710857.0,Africa,1120.2611575562703
Senegal,SEN,2015,3593.7947,Africa,SEN,43.59273,3.73,14593335.0,Africa,963.4838337801608
Senegal,SEN,2016,3710.0554,Africa,SEN,46.09964,3.73,15034517.0,Africa,994.6529222520107
Senegal,SEN,2017,3871.4514,Africa,SEN,52.0,3.73,15475001.0,Africa,1037.9226273458444
Senegal,SEN,2018,3998.2864,Africa,SEN,46.60591,3.73,15914495.0,Africa,1071.9266487935656
Senegal,SEN,2019,4070.6123,Africa,SEN,46.83367,3.73,16352926.0,Africa,1091.3169705093833
Senegal,SEN,2020,4018.0413,Africa,SEN,46.83367,4.4,16789217.0,Africa,913.1912045454544
Senegal,SEN,2021,4173.6772,Africa,SEN,46.83367,4.4,16789217.0,Africa,948.563
Senegal,SEN,2022,4228.734,Africa,SEN,46.83367,4.4,16789217.0,Africa,961.0759090909091
Senegal,SEN,2023,4304.7617,Africa,SEN,50.35582,4.4,18077573.0,Africa,978.3549318181817
Serbia,SEN,1990,4460.924,Africa,SRB,50.35582,8.15,7874595.0,Europe,547.3526380368098
Serbia,SRB,1995,9444.791,Europe,SRB,50.35582,8.88,7823281.0,Europe,1063.60259009009
Serbia,SRB,1996,10035.056,Europe,SRB,50.35582,8.88,7823281.0,Europe,1130.073873873874
Serbia,SRB,1997,10965.528,Europe,SRB,50.35582,8.88,7823281.0,Europe,1234.8567567567566
Serbia,SRB,1998,11598.379,Europe,SRB,50.35582,8.88,7823281.0,Europe,1306.1237612612613
Serbia,SRB,1999,10438.504,Europe,SRB,50.35582,8.88,7823281.0,Europe,1175.507207207207
Serbia,SRB,2000,11105.995,Europe,SRB,50.35582,9.52,7694608.0,Europe,1166.5961134453783
Serbia,SRB,2001,11879.226,Europe,SRB,50.35582,9.52,7694608.0,Europe,1247.8178571428573
Serbia,SRB,2002,12661.992,Europe,SRB,50.35582,9.52,7694608.0,Europe,1330.0411764705884
Serbia,SRB,2003,13273.745,Europe,SRB,96.0,9.52,7590946.0,Europe,1394.3009453781515
Serbia,SRB,2004,14194.424,Europe,SRB,96.0,9.52,7590946.0,Europe,1491.010924369748
Serbia,SRB,2005,15077.621,Europe,SRB,96.0,10.6,7539139.0,Europe,1422.4170754716981
Serbia,SRB,2006,15727.469,Europe,SRB,96.0,10.6,7539139.0,Europe,1483.7234905660378
Serbia,SRB,2007,17028.158,Europe,SRB,96.0,10.6,7539139.0,Europe,1606.43
Serbia,SRB,2008,17983.355,Europe,SRB,96.0,10.6,7539139.0,Europe,1696.542924528302
Serbia,SRB,2009,17488.195,Europe,SRB,96.0,10.6,7539139.0,Europe,1649.8297169811322
Serbia,SRB,2010,17841.506,Europe,SRB,96.0,11.52,7395872.0,Europe,1548.741840277778
Serbia,SRB,2011,17986.658,Europe,SRB,98.0,11.52,7364858.0,Europe,1561.3418402777777
Serbia,SRB,2012,17993.889,Europe,SRB,98.0,11.52,7364858.0,Europe,1561.96953125
Serbia,SRB,2013,18163.28,Europe,SRB,98.0,11.52,7364858.0,Europe,1576.673611111111
Serbia,SRB,2014,17922.51,Europe,SRB,98.0,11.52,7364858.0,Europe,1555.7734375
Serbia,SRB,2015,18247.885,Europe,SRB,98.0,11.49,7177257.0,Europe,1588.1536118363792
Serbia,SRB,2016,18889.46,Europe,SRB,99.0,11.49,7126083.0,Europe,1643.9912967798084
Serbia,SRB,2017,19439.072,Europe,SRB,99.0,11.49,7126083.0,Europe,1691.8252393385553
Serbia,SRB,2018,20454.31,Europe,SRB,99.0,11.49,7126083.0,Europe,1780.18363794604
Serbia,SRB,2019,21541.215,Europe,SRB,99.0,11.49,6966155.0,Europe,1874.7793733681463
Serbia,SRB,2020,21479.168,Europe,SRB,99.0,11.72,6907814.0,Europe,1832.6935153583618
Serbia,SRB,2021,23406.404,Europe,SRB,99.0,11.72,6907814.0,Europe,1997.133447098976
Serbia,SRB,2022,24651.95,Europe,SRB,99.0,11.72,6907814.0,Europe,2103.4087030716723
Serbia,SRB,2023,25735.24,Europe,SRB,99.0,11.72,6907814.0,Europe,2195.839590443686
Seychelles,SYC,1990,15478.848,Africa,SYC,84.0,11.72,71358.0,Africa,1320.7208191126279
Seychelles,SYC,1991,15695.671,Africa,SYC,84.0,11.72,71358.0,Africa,1339.2210750853242
Seychelles,SYC,1992,16744.508,Africa,SYC,84.0,11.72,71358.0,Africa,1428.71228668942
Seychelles,SYC,1993,17596.898,Africa,SYC,84.0,11.72,71358.0,Africa,1501.4418088737202
Seychelles,SYC,1994,16716.521,Africa,SYC,88.0,11.72,77279.0,Africa,1426.3243174061433
Seychelles,SYC,1995,16552.455,Africa,SYC,88.0,11.72,77279.0,Africa,1412.3255119453925
Seychelles,SYC,1996,17942.174,Africa,SYC,88.0,11.72,77279.0,Africa,1530.902218430034
Seychelles,SYC,1997,19895.143,Africa,SYC,88.0,11.72,77279.0,Africa,1697.5377986348121
Seychelles,SYC,1998,19991.229,Africa,SYC,88.0,11.72,77279.0,Africa,1705.7362627986347
Seychelles,SYC,1999,19969.352,Africa,SYC,88.0,11.72,77279.0,Africa,1703.8696245733786
Seychelles,SYC,2000,20633.674,Africa,SYC,88.0,11.72,77279.0,Africa,1760.5523890784982
Seychelles,SYC,2001,20147.418,Africa,SYC,88.0,11.72,77279.0,Africa,1719.0629692832765
Seychelles,SYC,2002,19777.752,Africa,SYC,92.0,11.72,85878.0,Africa,1687.5215017064845
Seychelles,SYC,2003,18825.22,Africa,SYC,92.0,11.72,85878.0,Africa,1606.2474402730375
Seychelles,SYC,2004,18356.47,Africa,SYC,92.0,11.72,85878.0,Africa,1566.2517064846415
Seychelles,SYC,2005,19917.12,Africa,SYC,92.0,11.72,85878.0,Africa,1699.4129692832762
Seychelles,SYC,2006,21341.86,Africa,SYC,92.0,11.72,85878.0,Africa,1820.9778156996585
Seychelles,SYC,2007,23117.855,Africa,SYC,92.0,11.72,85878.0,Africa,1972.5132252559727
Seychelles,SYC,2008,21990.37,Africa,SYC,92.0,11.72,85878.0,Africa,1876.3114334470988
Seychelles,SYC,2009,21361.13,Africa,SYC,92.0,11.72,85878.0,Africa,1822.622013651877
Seychelles,SYC,2010,21708.756,Africa,SYC,94.0,11.72,94993.0,Africa,1852.2829351535836
Seychelles,SYC,2011,24406.412,Africa,SYC,94.0,11.72,94993.0,Africa,2082.458361774744
Seychelles,SYC,2012,24919.955,Africa,SYC,94.0,11.72,94993.0,Africa,2126.276023890785
Seychelles,SYC,2013,24770.652,Africa,SYC,94.0,11.72,94993.0,Africa,2113.536860068259
Seychelles,SYC,2014,25379.418,Africa,SYC,94.0,11.72,94993.0,Africa,2165.479351535836
Seychelles,SYC,2015,27032.209,Africa,SYC,94.0,11.72,94993.0,Africa,2306.50247440273
Seychelles,SYC,2016,29905.135,Africa,SYC,94.0,11.72,94993.0,Africa,2551.632679180887
Seychelles,SYC,2017,31595.668,Africa,SYC,94.0,11.72,94993.0,Africa,2695.876109215017
Seychelles,SYC,2018,32841.426,Africa,SYC,94.0,11.72,94993.0,Africa,2802.1694539249143
Seychelles,SYC,2019,34346.07,Africa,SYC,94.0,11.72,94993.0,Africa,2930.55204778157
Seychelles,SYC,2020,30056.2,Africa,SYC,94.0,11.72,94993.0,Africa,2564.522184300341
Seychelles,SYC,2021,29979.828,Africa,SYC,94.0,11.72,94993.0,Africa,2558.0058020477813
Seychelles,SYC,2022,27978.178,Africa,SYC,94.0,11.72,94993.0,Africa,2387.2165529010235
Seychelles,SYC,2023,28635.355,Africa,SYC,94.0,11.72,94993.0,Africa,2443.2896757679177
Sierra Leone,SLE,1990,2703.599,Africa,SLE,7.5,2.17,4196834.0,Africa,1245.8981566820278
Sierra Leone,SLE,1991,2734.9685,Africa,SLE,7.5,2.17,4196834.0,Africa,1260.3541474654378
Sierra Leone,SLE,1992,2257.4495,Africa,SLE,7.5,2.17,4196834.0,Africa,1040.2993087557604
Sierra Leone,SLE,1993,2293.5635,Africa,SLE,7.5,2.17,4196834.0,Africa,1056.9417050691245
Sierra Leone,SLE,1994,2240.29,Africa,SLE,7.5,2.17,4196834.0,Africa,1032.3917050691243
Sierra Leone,SLE,1995,2058.077,Africa,SLE,7.5,2.55,4179178.0,Africa,807.0890196078433
Sierra Leone,SLE,1996,2084.1821,Africa,SLE,7.5,2.55,4179178.0,Africa,817.3263137254902
Sierra Leone,SLE,1997,1936.5565,Africa,SLE,7.5,2.55,4179178.0,Africa,759.4339215686275
Sierra Leone,SLE,1998,1951.8209,Africa,SLE,7.5,2.55,4179178.0,Africa,765.4199607843137
Sierra Leone,SLE,1999,1903.3269,Africa,SLE,7.5,2.55,4179178.0,Africa,746.402705882353
Sierra Leone,SLE,2000,1981.5061,Africa,SLE,7.5,2.9,4423615.0,Africa,683.2779655172415
Sierra Leone,SLE,2001,1749.3508,Africa,SLE,7.5,2.9,4423615.0,Africa,603.2244137931034
Sierra Leone,SLE,2002,2089.2615,Africa,SLE,7.5,2.9,4423615.0,Africa,720.4350000000001
Sierra Leone,SLE,2003,2196.2812,Africa,SLE,7.5,2.9,4423615.0,Africa,757.3383448275862
Sierra Leone,SLE,2004,2260.8381,Africa,SLE,35.0,2.9,5355715.0,Africa,779.5993448275863
Sierra Leone,SLE,2005,2296.6577,Africa,SLE,35.0,3.36,5501707.0,Africa,683.5290773809525
Sierra Leone,SLE,2006,2342.7546,Africa,SLE,35.0,3.36,5501707.0,Africa,697.2483928571429
Sierra Leone,SLE,2007,2377.8054,Africa,SLE,35.0,3.36,5501707.0,Africa,707.6801785714287
Sierra Leone,SLE,2008,2404.652,Africa,SLE,35.0,3.36,5501707.0,Africa,715.6702380952381
Sierra Leone,SLE,2009,2376.5825,Africa,SLE,35.0,3.36,5501707.0,Africa,707.3162202380953
Sierra Leone,SLE,2010,2459.768,Africa,SLE,35.0,4.28,6222715.0,Africa,574.7121495327102
Sierra Leone,SLE,2011,2590.5283,Africa,SLE,35.0,4.28,6222715.0,Africa,605.263621495327
Sierra Leone,SLE,2012,2792.9263,Africa,SLE,35.0,4.28,6222715.0,Africa,652.5528738317756
Sierra Leone,SLE,2013,3124.7283,Africa,SLE,35.0,4.28,6222715.0,Africa,730.0767056074767
Sierra Leone,SLE,2014,2812.5283,Africa,SLE,35.0,4.28,6222715.0,Africa,657.1327803738317
Sierra Leone,SLE,2015,2628.1707,Africa,SLE,35.0,4.23,7037660.0,Africa,621.3169503546098
Sierra Leone,SLE,2016,2732.261,Africa,SLE,35.0,4.23,7037660.0,Africa,645.924586288416
Sierra Leone,SLE,2017,2753.4272,Africa,SLE,44.83318,4.23,7379300.0,Africa,650.92841607565
Sierra Leone,SLE,2018,2767.3801,Africa,SLE,44.83318,4.23,7379300.0,Africa,654.2269739952718
Sierra Leone,SLE,2019,2852.6626,Africa,SLE,43.57778,4.23,7731994.0,Africa,674.3883215130023
Sierra Leone,SLE,2020,2752.6262,Africa,SLE,43.57778,4.99,7912557.0,Africa,551.6284969939879
Sierra Leone,SLE,2021,2849.3887,Africa,SLE,43.57778,4.99,7912557.0,Africa,571.0197795591182
Sierra Leone,SLE,2022,2934.7332,Africa,SLE,43.57778,4.99,7912557.0,Africa,588.1228857715431
Sierra Leone,SLE,2023,3034.946,Africa,SLE,43.57778,4.99,7912557.0,Africa,608.2056112224449
Singapore,SGP,1990,45567.79,Asia,SGP,89.0,4.99,3039593.0,Asia,9131.821643286574
Singapore,SGP,1991,47251.695,Asia,SGP,89.0,4.99,3039593.0,Asia,9469.27755511022
Singapore,SGP,1992,48897.81,Asia,SGP,89.0,4.99,3039593.0,Asia,9799.160320641282
Singapore,SGP,1993,53139.844,Asia,SGP,89.0,4.99,3039593.0,Asia,10649.267334669337
Singapore,SGP,1994,57213.098,Asia,SGP,89.0,4.99,3039593.0,Asia,11465.550701402804
Singapore,SGP,1995,59483.637,Asia,SGP,89.0,4.99,3039593.0,Asia,11920.568537074148
Singapore,SGP,1996,61381.754,Asia,SGP,89.0,4.99,3039593.0,Asia,12300.952705410822
Singapore,SGP,1997,64291.203,Asia,SGP,89.0,4.99,3039593.0,Asia,12884.008617234469
Singapore,SGP,1998,60782.195,Asia,SGP,89.0,4.99,3039593.0,Asia,12180.800601202403
Singapore,SGP,1999,63746.48,Asia,SGP,89.0,4.99,3039593.0,Asia,12774.845691382765
Singapore,SGP,2000,68314.55,Asia,SGP,93.0,4.99,4035251.0,Asia,13690.290581162324
Singapore,SGP,2001,65784.4,Asia,SGP,93.0,4.99,4035251.0,Asia,13183.24649298597
Singapore,SGP,2002,67744.27,Asia,SGP,93.0,4.99,4035251.0,Asia,13576.006012024049
Singapore,SGP,2003,71877.53,Asia,SGP,93.0,4.99,4035251.0,Asia,14404.314629258517
Singapore,SGP,2004,78039.02,Asia,SGP,93.0,4.99,4035251.0,Asia,15639.082164328658
Singapore,SGP,2005,81841.16,Asia,SGP,93.0,4.99,4035251.0,Asia,16401.034068136272
Singapore,SGP,2006,86463.83,Asia,SGP,93.0,4.99,4035251.0,Asia,17327.420841683368
Singapore,SGP,2007,90417.805,Asia,SGP,93.0,4.99,4035251.0,Asia,18119.8006012024
Singapore,SGP,2008,87329.59,Asia,SGP,93.0,4.99,4035251.0,Asia,17500.919839679358
Singapore,SGP,2009,84843.516,Asia,SGP,93.0,4.99,4035251.0,Asia,17002.708617234468
Singapore,SGP,2010,95456.19,Asia,SGP,96.0,4.99,5077020.0,Asia,19129.496993987974
Singapore,SGP,2011,99296.76,Asia,SGP,96.0,4.99,5182242.0,Asia,19899.1503006012
Singapore,SGP,2012,101187.83,Asia,SGP,96.0,4.99,5293345.0,Asia,20278.12224448898
Singapore,SGP,2013,104359.03,Asia,SGP,97.0,4.99,5385589.0,Asia,20913.633266533066
Singapore,SGP,2014,107066.86,Asia,SGP,97.0,4.99,5457899.0,Asia,21456.284569138275
Singapore,SGP,2015,108953.73,Asia,SGP,97.0,12.54,5525343.0,Asia,8688.495215311004
Singapore,SGP,2016,111579.74,Asia,SGP,97.0,12.54,5577936.0,Asia,8897.905901116428
Singapore,SGP,2017,116471.82,Asia,SGP,97.0,12.54,5604087.0,Asia,9288.023923444976
Singapore,SGP,2018,119927.766,Asia,SGP,97.0,12.54,5634366.0,Asia,9563.617703349284
Singapore,SGP,2019,120114.13,Asia,SGP,97.0,12.54,5669562.0,Asia,9578.47926634769
Singapore,SGP,2020,115893.04,Asia,SGP,97.0,13.06,5620151.0,Asia,8873.89280245023
Singapore,SGP,2021,132617.36,Asia,SGP,98.0,13.06,5546291.0,Asia,10154.468606431852
Singapore,SGP,2022,133571.97,Asia,SGP,98.0,13.06,5546291.0,Asia,10227.562787136294
Singapore,SGP,2023,129555.24,Asia,SGP,98.0,13.06,5546291.0,Asia,9920.003062787137
Sint Maarten (Dutch Part),SXM,2009,50980.94,North America,SGP,98.0,13.06,5546291.0,Asia,3903.594180704441
Sint Maarten (Dutch Part),SXM,2010,52140.6,North America,SGP,98.0,13.06,5546291.0,Asia,3992.388973966309
Sint Maarten (Dutch Part),SXM,2011,53786.246,North America,SGP,98.0,13.06,5546291.0,Asia,4118.395558958652
Sint Maarten (Dutch Part),SXM,2012,53357.004,North America,SGP,98.0,13.06,5546291.0,Asia,4085.528637059724
Sint Maarten (Dutch Part),SXM,2013,52801.402,North America,SGP,98.0,13.06,5546291.0,Asia,4042.9863705972434
Sint Maarten (Dutch Part),SXM,2014,52439.473,North America,SGP,98.0,13.06,5546291.0,Asia,4015.2735834609493
Sint Maarten (Dutch Part),SXM,2015,51375.6,North America,SGP,98.0,13.06,5546291.0,Asia,3933.813169984686
Sint Maarten (Dutch Part),SXM,2016,50817.68,North America,SGP,98.0,13.06,5546291.0,Asia,3891.093415007657
Sint Maarten (Dutch Part),SXM,2017,46088.36,North America,SGP,98.0,13.06,5546291.0,Asia,3528.970903522205
Sint Maarten (Dutch Part),SXM,2018,42154.1,North America,SGP,98.0,13.06,5546291.0,Asia,3227.7258805513015
Sint Maarten (Dutch Part),SXM,2019,45996.793,North America,SGP,98.0,13.06,5546291.0,Asia,3521.959647779479
Sint Maarten (Dutch Part),SXM,2020,39265.76,North America,SGP,98.0,13.06,5546291.0,Asia,3006.5666156202146
Sint Maarten (Dutch Part),SXM,2021,40507.066,North America,SGP,98.0,13.06,5546291.0,Asia,3101.613016845329
Sint Maarten (Dutch Part),SXM,2022,45515.652,North America,SGP,98.0,13.06,5546291.0,Asia,3485.118836140888
Sint Maarten (Dutch Part),SXM,2023,46571.09,North America,SGP,98.0,13.06,5546291.0,Asia,3565.9333843797854
Slovakia,SVK,1990,17528.242,Europe,SGP,98.0,13.06,5546291.0,Asia,1342.1318529862174
Slovakia,SVK,1991,14962.115,Europe,SGP,98.0,13.06,5546291.0,Asia,1145.6443338437978
Slovakia,SVK,1992,13951.908,Europe,SGP,98.0,13.06,5546291.0,Asia,1068.2931087289433
Slovakia,SVK,1993,14163.014,Europe,SGP,98.0,13.06,5546291.0,Asia,1084.4574272588054
Slovakia,SVK,1994,14982.747,Europe,SGP,98.0,13.06,5546291.0,Asia,1147.2241194486983
Slovakia,SVK,1995,15811.925,Europe,SGP,98.0,13.06,5546291.0,Asia,1210.7140122511485
Slovakia,SVK,1996,16744.068,Europe,SGP,98.0,13.06,5546291.0,Asia,1282.0879019908116
Slovakia,SVK,1997,17630.04,Europe,SGP,98.0,13.06,5546291.0,Asia,1349.926493108729
Slovakia,SVK,1998,18280.05,Europe,SGP,98.0,13.06,5546291.0,Asia,1399.6975497702908
Slovakia,SVK,1999,18174.98,Europe,SGP,98.0,13.06,5546291.0,Asia,1391.6523736600304
Slovakia,SVK,2000,18343.236,Europe,SGP,98.0,13.06,5546291.0,Asia,1404.535681470138
Slovakia,SVK,2001,18914.39,Europe,SGP,98.0,13.06,5546291.0,Asia,1448.2687595712098
Slovakia,SVK,2002,19757.068,Europe,SGP,98.0,13.06,5546291.0,Asia,1512.7923430321591
Slovakia,SVK,2003,20730.25,Europe,SGP,98.0,13.06,5546291.0,Asia,1587.3085758039815
Slovakia,SVK,2004,21851.955,Europe,SGP,98.0,13.06,5546291.0,Asia,1673.197166921899
Slovakia,SVK,2005,23266.758,Europe,SGP,98.0,13.06,5546291.0,Asia,1781.5281776416539
Slovakia,SVK,2006,25342.31,Europe,SGP,98.0,13.06,5546291.0,Asia,1940.4525267993874
Slovakia,SVK,2007,28075.807,Europe,SGP,98.0,13.06,5546291.0,Asia,2149.7555130168453
Slovakia,SVK,2008,29556.262,Europe,SGP,98.0,13.06,5546291.0,Asia,2263.1134762633997
Slovakia,SVK,2009,27891.896,Europe,SGP,98.0,13.06,5546291.0,Asia,2135.6735068912712
Slovakia,SVK,2010,29758.174,Europe,SGP,98.0,13.06,5546291.0,Asia,2278.5738131699845
Slovakia,SVK,2011,30481.377,Europe,SGP,98.0,13.06,5546291.0,Asia,2333.9492343032157
Slovakia,SVK,2012,30907.04,Europe,SGP,98.0,13.06,5546291.0,Asia,2366.542113323124
Slovakia,SVK,2013,31090.988,Europe,SGP,98.0,13.06,5546291.0,Asia,2380.6269525267994
Slovakia,SVK,2014,31901.943,Europe,SGP,98.0,13.06,5546291.0,Asia,2442.7215160796322
Slovakia,SVK,2015,33521.594,Europe,SVK,98.0,13.03,5420278.0,Europe,2572.6472755180353
Slovakia,SVK,2016,34130.504,Europe,SVK,98.0,13.03,5420278.0,Europe,2619.3786646201074
Slovakia,SVK,2017,35057.223,Europe,SVK,98.0,13.03,5420278.0,Europe,2690.5006139677666
Slovakia,SVK,2018,36430.793,Europe,SVK,98.0,13.03,5420278.0,Europe,2795.9165771297007
Slovakia,SVK,2019,37209.535,Europe,SVK,98.0,13.03,5420278.0,Europe,2855.681887950883
Slovakia,SVK,2020,36216.4,Europe,SVK,98.0,13.14,5455028.0,Europe,2756.194824961948
Slovakia,SVK,2021,38346.094,Europe,SVK,98.0,13.14,5455028.0,Europe,2918.2719939117196
Slovakia,SVK,2022,38664.906,Europe,SVK,98.0,13.14,5455028.0,Europe,2942.534703196347
Slovakia,SVK,2023,39518.223,Europe,SVK,98.0,13.14,5455028.0,Europe,3007.475114155251
Slovenia,SVN,1990,25345.049,Europe,SVK,98.0,13.14,5455028.0,Europe,1928.8469558599695
Slovenia,SVN,1991,23074.668,Europe,SVN,100.0,13.14,1999191.0,Europe,1756.0630136986301
Slovenia,SVN,1992,21845.963,Europe,SVN,100.0,13.14,1999191.0,Europe,1662.5542617960425
Slovenia,SVN,1993,22520.738,Europe,SVN,100.0,13.14,1999191.0,Europe,1713.90700152207
Slovenia,SVN,1994,23747.986,Europe,SVN,100.0,13.14,1999191.0,Europe,1807.3048706240486
Slovenia,SVN,1995,24718.023,Europe,SVN,100.0,13.14,1999191.0,Europe,1881.1280821917808
Slovenia,SVN,1996,25454.125,Europe,SVN,100.0,13.14,1999191.0,Europe,1937.14802130898
Slovenia,SVN,1997,26806.463,Europe,SVN,100.0,13.14,1999191.0,Europe,2040.0656773211567
Slovenia,SVN,1998,27688.094,Europe,SVN,100.0,13.14,1999191.0,Europe,2107.1608828006088
Slovenia,SVN,1999,29125.89,Europe,SVN,100.0,13.14,1999191.0,Europe,2216.5821917808216
Slovenia,SVN,2000,30055.572,Europe,SVN,100.0,13.14,1999191.0,Europe,2287.334246575342
Slovenia,SVN,2001,30857.111,Europe,SVN,100.0,13.14,1999191.0,Europe,2348.334170471842
Slovenia,SVN,2002,31830.555,Europe,SVN,100.0,13.14,1999191.0,Europe,2422.4166666666665
Slovenia,SVN,2003,32827.75,Europe,SVN,100.0,13.14,1999191.0,Europe,2498.306697108067
Slovenia,SVN,2004,34298.13,Europe,SVN,100.0,13.14,1999191.0,Europe,2610.2077625570773
Slovenia,SVN,2005,35558.38,Europe,SVN,100.0,13.14,1999191.0,Europe,2706.1171993911717
Slovenia,SVN,2006,37539.46,Europe,SVN,100.0,13.14,1999191.0,Europe,2856.884322678843
Slovenia,SVN,2007,39995.207,Europe,SVN,100.0,13.14,1999191.0,Europe,3043.7752663622528
Slovenia,SVN,2008,41278.61,Europe,SVN,100.0,13.14,1999191.0,Europe,3141.446727549467
Slovenia,SVN,2009,37802.09,Europe,SVN,100.0,13.14,1999191.0,Europe,2876.8713850837134
Slovenia,SVN,2010,38056.18,Europe,SVN,100.0,13.14,1999191.0,Europe,2896.208523592085
Slovenia,SVN,2011,38226.125,Europe,SVN,100.0,13.14,1999191.0,Europe,2909.141933028919
Slovenia,SVN,2012,37033.766,Europe,SVN,100.0,13.14,1999191.0,Europe,2818.3992389649925
Slovenia,SVN,2013,36678.875,Europe,SVN,100.0,13.14,1999191.0,Europe,2791.3907914764077
Slovenia,SVN,2014,37655.2,Europe,SVN,100.0,13.14,1999191.0,Europe,2865.692541856925
Slovenia,SVN,2015,38527.42,Europe,SVN,100.0,11.95,2059946.0,Europe,3224.051882845188
Slovenia,SVN,2016,39667.457,Europe,SVN,100.0,11.95,2059946.0,Europe,3319.452468619247
Slovenia,SVN,2017,41692.836,Europe,SVN,100.0,11.95,2059946.0,Europe,3488.9402510460254
Slovenia,SVN,2018,43361.094,Europe,SVN,100.0,11.95,2059946.0,Europe,3628.543430962343
Slovenia,SVN,2019,44569.586,Europe,SVN,100.0,11.95,2059946.0,Europe,3729.6724686192474
Slovenia,SVN,2020,42463.562,Europe,SVN,100.0,12.06,2102421.0,Europe,3521.0250414593697
Slovenia,SVN,2021,45914.06,Europe,SVN,100.0,12.06,2102421.0,Europe,3807.135986733001
Slovenia,SVN,2022,47050.066,Europe,SVN,100.0,12.06,2102421.0,Europe,3901.332172470978
Slovenia,SVN,2023,47977.426,Europe,SVN,100.0,12.06,2102421.0,Europe,3978.227694859038
Solomon Islands,SLB,1990,2352.3992,Oceania,SLB,7.5,12.06,108650.0,Oceania,195.0579767827529
Solomon Islands,SLB,1991,2418.3657,Oceania,SLB,7.5,12.06,108650.0,Oceania,200.5278358208955
Solomon Islands,SLB,1992,2644.5005,Oceania,SLB,7.5,12.06,108650.0,Oceania,219.27864842454395
Solomon Islands,SLB,1993,2669.676,Oceania,SLB,7.5,12.06,108650.0,Oceania,221.36616915422883
Solomon Islands,SLB,1994,2802.2324,Oceania,SLB,7.5,12.06,108650.0,Oceania,232.35757877280264
Solomon Islands,SLB,1995,2996.2717,Oceania,SLB,7.5,12.06,108650.0,Oceania,248.44707296849086
Solomon Islands,SLB,1996,2957.819,Oceania,SLB,7.5,12.06,108650.0,Oceania,245.25862354892203
Solomon Islands,SLB,1997,2848.3196,Oceania,SLB,7.5,12.06,108650.0,Oceania,236.17907131011606
Solomon Islands,SLB,1998,2805.266,Oceania,SLB,7.5,12.06,108650.0,Oceania,232.60912106135987
Solomon Islands,SLB,1999,2717.527,Oceania,SLB,77.0,12.06,430511.0,Oceania,225.33391376451078
Solomon Islands,SLB,2000,2276.822,Oceania,SLB,77.0,12.06,430511.0,Oceania,188.79121061359868
Solomon Islands,SLB,2001,2055.2744,Oceania,SLB,77.0,12.06,430511.0,Oceania,170.4207628524046
Solomon Islands,SLB,2002,1960.4238,Oceania,SLB,77.0,12.06,430511.0,Oceania,162.55587064676615
Solomon Islands,SLB,2003,2050.3086,Oceania,SLB,77.0,12.06,430511.0,Oceania,170.00900497512436
Solomon Islands,SLB,2004,2168.5059,Oceania,SLB,77.0,12.06,430511.0,Oceania,179.80977611940298
Solomon Islands,SLB,2005,2287.2737,Oceania,SLB,77.0,12.06,430511.0,Oceania,189.65785240464345
Solomon Islands,SLB,2006,2340.6516,Oceania,SLB,77.0,12.06,430511.0,Oceania,194.08388059701494
Solomon Islands,SLB,2007,2384.3179,Oceania,SLB,77.0,12.06,430511.0,Oceania,197.7046351575456
Solomon Islands,SLB,2008,2489.783,Oceania,SLB,77.0,12.06,430511.0,Oceania,206.44966832504144
Solomon Islands,SLB,2009,2514.891,Oceania,SLB,77.0,12.06,430511.0,Oceania,208.53159203980098
Solomon Islands,SLB,2010,2682.2854,Oceania,SLB,77.0,12.06,430511.0,Oceania,222.4117247097844
Solomon Islands,SLB,2011,2777.4785,Oceania,SLB,77.0,12.06,430511.0,Oceania,230.30501658374794
Solomon Islands,SLB,2012,2743.4585,Oceania,SLB,77.0,12.06,430511.0,Oceania,227.48412106135987
Solomon Islands,SLB,2013,2783.5918,Oceania,SLB,77.0,12.06,430511.0,Oceania,230.81192371475953
Solomon Islands,SLB,2014,2716.422,Oceania,SLB,77.0,12.06,430511.0,Oceania,225.24228855721393
Solomon Islands,SLB,2015,2664.7249,Oceania,SLB,77.0,12.06,430511.0,Oceania,220.95563018242123
Solomon Islands,SLB,2016,2715.2336,Oceania,SLB,77.0,12.06,430511.0,Oceania,225.1437479270315
Solomon Islands,SLB,2017,2703.6636,Oceania,SLB,77.0,12.06,430511.0,Oceania,224.18437810945272
Solomon Islands,SLB,2018,2686.119,Oceania,SLB,77.0,12.06,430511.0,Oceania,222.72960199004976
Solomon Islands,SLB,2019,2661.6167,Oceania,SLB,77.0,12.06,430511.0,Oceania,220.69790215588722
Solomon Islands,SLB,2020,2515.1414,Oceania,SLB,77.0,12.06,430511.0,Oceania,208.55235489220564
Solomon Islands,SLB,2021,2449.87,Oceania,SLB,77.0,12.06,430511.0,Oceania,203.1401326699834
Solomon Islands,SLB,2022,2330.103,Oceania,SLB,77.0,12.06,430511.0,Oceania,193.2092039800995
Solomon Islands,SLB,2023,2339.575,Oceania,SLB,77.0,12.06,430511.0,Oceania,193.99461028192368
Somalia,SOM,1991,837.267,Africa,SLB,77.0,12.06,430511.0,Oceania,69.42512437810946
Somalia,SOM,1992,803.78705,Africa,SLB,77.0,12.06,430511.0,Oceania,66.64900912106135
Somalia,SOM,1993,812.5573,Africa,SLB,77.0,12.06,430511.0,Oceania,67.37622719734661
Somalia,SOM,1994,634.7277,Africa,SLB,77.0,12.06,430511.0,Oceania,52.63082089552239
Somalia,SOM,1995,636.66205,Africa,SLB,77.0,12.06,430511.0,Oceania,52.791214759535656
Somalia,SOM,1996,663.35114,Africa,SLB,77.0,12.06,430511.0,Oceania,55.00424046434494
Somalia,SOM,1997,648.01715,Africa,SLB,77.0,12.06,430511.0,Oceania,53.73276533996683
Somalia,SOM,1998,662.67487,Africa,SLB,77.0,12.06,430511.0,Oceania,54.94816500829187
Somalia,SOM,1999,682.9791,Africa,SLB,77.0,12.06,430511.0,Oceania,56.631766169154226
Somalia,SOM,2000,702.8501,Africa,SLB,77.0,12.06,430511.0,Oceania,58.279444444444444
Somalia,SOM,2001,723.37976,Africa,SLB,77.0,12.06,430511.0,Oceania,59.98173797678275
Somalia,SOM,2002,749.9136,Africa,SLB,77.0,12.06,430511.0,Oceania,62.18189054726368
Somalia,SOM,2003,777.8846,Africa,SLB,77.0,12.06,430511.0,Oceania,64.50121061359867
Somalia,SOM,2004,803.05975,Africa,SLB,77.0,12.06,430511.0,Oceania,66.58870232172471
Somalia,SOM,2005,830.80725,Africa,SLB,77.0,12.06,430511.0,Oceania,68.88949004975123
Somalia,SOM,2006,857.99365,Africa,SLB,77.0,12.06,430511.0,Oceania,71.14375207296848
Somalia,SOM,2007,887.3693,Africa,SLB,77.0,12.06,430511.0,Oceania,73.579543946932
Somalia,SOM,2008,919.1321,Africa,SLB,77.0,12.06,430511.0,Oceania,76.21327529021559
Somalia,SOM,2009,956.22034,Africa,SLB,77.0,12.06,430511.0,Oceania,79.28858540630182
Somalia,SOM,2010,995.2256,Africa,SLB,77.0,12.06,430511.0,Oceania,82.52285240464344
Somalia,SOM,2011,1054.3622,Africa,SLB,77.0,12.06,430511.0,Oceania,87.42638474295191
Somalia,SOM,2012,1114.8042,Africa,SLB,77.0,12.06,430511.0,Oceania,92.43815920398009
Somalia,SOM,2013,1197.7217,Africa,SLB,77.0,12.06,430511.0,Oceania,99.31357379767827
Somalia,SOM,2014,1259.2743,Africa,SLB,77.0,12.06,430511.0,Oceania,104.41743781094527
Somalia,SOM,2015,1343.9252,Africa,SLB,77.0,12.06,430511.0,Oceania,111.43658374792702
Somalia,SOM,2016,1384.1552,Africa,SLB,77.0,12.06,430511.0,Oceania,114.7724046434494
Somalia,SOM,2017,1527.6603,Africa,SLB,77.0,12.06,430511.0,Oceania,126.67166666666667
Somalia,SOM,2018,1504.9791,Africa,SLB,77.0,12.06,430511.0,Oceania,124.79097014925372
Somalia,SOM,2019,1491.2949,Africa,SLB,77.0,12.06,430511.0,Oceania,123.65629353233831
Somalia,SOM,2020,1396.0554,Africa,SLB,77.0,12.06,430511.0,Oceania,115.7591542288557
Somalia,SOM,2021,1392.3179,Africa,SLB,77.0,12.06,430511.0,Oceania,115.44924543946932
Somalia,SOM,2022,1387.5475,Africa,SOM,54.0,12.06,17801895.0,Africa,115.05368988391375
Somalia,SOM,2023,1401.6473,Africa,SOM,54.0,12.06,17801895.0,Africa,116.22282752902156
South Africa,ZAF,1990,10811.151,Africa,ZAF,76.0,6.89,40746274.0,Africa,1569.1075471698114
South Africa,ZAF,1991,10459.356,Africa,ZAF,76.0,6.89,40746274.0,Africa,1518.0487663280117
South Africa,ZAF,1992,10053.61,Africa,ZAF,76.0,6.89,40746274.0,Africa,1459.1596516690859
South Africa,ZAF,1993,9976.965,Africa,ZAF,76.0,6.89,40746274.0,Africa,1448.035558780842
South Africa,ZAF,1994,10130.806,Africa,ZAF,76.0,6.89,40746274.0,Africa,1470.3637155297533
South Africa,ZAF,1995,10318.839,Africa,ZAF,76.0,8.37,44541557.0,Africa,1232.836200716846
South Africa,ZAF,1996,10623.86,Africa,ZAF,82.0,8.37,45123023.0,Africa,1269.278375149343
South Africa,ZAF,1997,10770.278,Africa,ZAF,82.0,8.37,45123023.0,Africa,1286.7715651135009
South Africa,ZAF,1998,10693.688,Africa,ZAF,82.0,8.37,45123023.0,Africa,1277.6210274790922
South Africa,ZAF,1999,10831.659,Africa,ZAF,82.0,8.37,45123023.0,Africa,1294.105017921147
South Africa,ZAF,2000,11183.825,Africa,ZAF,82.0,7.92,47159715.0,Africa,1412.0991161616162
South Africa,ZAF,2001,11387.492,Africa,ZAF,82.0,7.92,47159715.0,Africa,1437.8146464646466
South Africa,ZAF,2002,11697.565,Africa,ZAF,82.0,7.92,47159715.0,Africa,1476.9652777777778
South Africa,ZAF,2003,11923.121,Africa,ZAF,82.0,7.92,47159715.0,Africa,1505.4445707070706
South Africa,ZAF,2004,12341.21,Africa,ZAF,82.0,7.92,47159715.0,Africa,1558.2335858585857
South Africa,ZAF,2005,12861.563,Africa,ZAF,82.0,8.86,49490041.0,Africa,1451.6436794582394
South Africa,ZAF,2006,13444.233,Africa,ZAF,82.0,8.86,49490041.0,Africa,1517.4077878103838
South Africa,ZAF,2007,14016.244,Africa,ZAF,89.0,8.86,50528575.0,Africa,1581.9688487584651
South Africa,ZAF,2008,14297.688,Africa,ZAF,89.0,8.86,50528575.0,Africa,1613.7345372460497
South Africa,ZAF,2009,13910.702,Africa,ZAF,93.0,8.86,51728518.0,Africa,1570.0566591422123
South Africa,ZAF,2010,14164.996,Africa,ZAF,93.0,9.89,52344047.0,Africa,1432.254398382204
South Africa,ZAF,2011,14434.261,Africa,ZAF,93.0,9.89,52995212.0,Africa,1459.4803842264914
South Africa,ZAF,2012,14563.763,Africa,ZAF,94.0,9.89,53782570.0,Africa,1472.5746208291202
South Africa,ZAF,2013,14681.097,Africa,ZAF,94.0,9.89,53782570.0,Africa,1484.438523761375
South Africa,ZAF,2014,14643.339,Africa,ZAF,94.0,9.89,55594840.0,Africa,1480.620728008089
South Africa,ZAF,2015,14541.675,Africa,ZAF,94.0,10.15,56723536.0,Africa,1432.6773399014778
South Africa,ZAF,2016,14501.281,Africa,ZAF,91.73724,10.15,57259550.0,Africa,1428.6976354679803
South Africa,ZAF,2017,14573.598,Africa,ZAF,87.0,10.15,57635158.0,Africa,1435.8224630541872
South Africa,ZAF,2018,14553.562,Africa,ZAF,87.0,10.15,57635158.0,Africa,1433.848472906404
South Africa,ZAF,2019,14352.67,Africa,ZAF,95.0,10.15,59587880.0,Africa,1414.056157635468
South Africa,ZAF,2020,13250.566,Africa,ZAF,95.0,10.47,60562374.0,Africa,1265.574594078319
South Africa,ZAF,2021,13681.955,Africa,ZAF,90.0,10.47,61502602.0,Africa,1306.776981852913
South Africa,ZAF,2022,13767.497,Africa,ZAF,90.0,10.47,61502602.0,Africa,1314.9471824259788
South Africa,ZAF,2023,13695.376,Africa,ZAF,90.0,10.47,61502602.0,Africa,1308.058834765998
South America,ZAF,1990,13597.654,Africa,OWID_SAM,90.0,6.052577,295639583.0,Africa,2246.589180112868
South America,ZAF,1995,13597.654,Africa,OWID_SAM,90.0,6.7083187,322239766.0,Africa,2026.9838998555629
South America,ZAF,2000,13597.654,Africa,OWID_SAM,90.0,7.4435296,348018743.0,Africa,1826.775028878773
South America,ZAF,2005,13597.654,Africa,OWID_SAM,90.0,8.177308,370696350.0,Africa,1662.8521268857673
South America,ZAF,2010,13597.654,Africa,OWID_SAM,90.0,8.695377,390701117.0,Africa,1563.779695808474
South America,ZAF,2015,13597.654,Africa,OWID_SAM,90.0,8.554252,409619969.0,Africa,1589.5783757597976
South America,ZAF,2020,13597.654,Africa,OWID_SAM,90.0,8.909957,426213552.0,Africa,1526.1189251530618
South Asia (Wb),WB_SA,1990,2221.104,Africa,OWID_SAM,45.35921,8.909957,426213552.0,Africa,249.28335793315273
South Asia (Wb),WB_SA,1991,2207.1523,Africa,OWID_SAM,46.08564,8.909957,426213552.0,Africa,247.71750301376315
South Asia (Wb),WB_SA,1992,2278.2957,Africa,OWID_SAM,47.08633,8.909957,426213552.0,Africa,255.70221045960156
South Asia (Wb),WB_SA,1993,2338.6492,Africa,OWID_SAM,48.08146,8.909957,426213552.0,Africa,262.4759244068181
South Asia (Wb),WB_SA,1994,2437.5273,Africa,OWID_SAM,48.84938,8.909957,426213552.0,Africa,273.57340781779305
South Asia (Wb),WB_SA,1995,2561.1387,Africa,OWID_SAM,49.64049,8.909957,426213552.0,Africa,287.44680810468554
South Asia (Wb),WB_SA,1996,2688.7488,Africa,OWID_SAM,50.4492,8.909957,426213552.0,Africa,301.7689984362438
South Asia (Wb),WB_SA,1997,2747.1846,Africa,OWID_SAM,51.26017,8.909957,426213552.0,Africa,308.32748126618344
South Asia (Wb),WB_SA,1998,2855.9998,Africa,OWID_SAM,56.07956,8.909957,426213552.0,Africa,320.54024503148554
South Asia (Wb),WB_SA,1999,3032.5386,Africa,OWID_SAM,56.87631,8.909957,426213552.0,Africa,340.3538984531575
South Asia (Wb),WB_SA,2000,3097.8066,Africa,OWID_SAM,57.65058,8.909957,426213552.0,Africa,347.67918633052886
South Asia (Wb),WB_SA,2001,3182.3164,Africa,OWID_SAM,58.41306,8.909957,426213552.0,Africa,357.16405814304153
South Asia (Wb),WB_SA,2002,3244.373,Africa,OWID_SAM,59.20313,8.909957,426213552.0,Africa,364.12891779387934
South Asia (Wb),WB_SA,2003,3427.977,Africa,OWID_SAM,60.09578,8.909957,426213552.0,Africa,384.73552678200355
South Asia (Wb),WB_SA,2004,3626.66,Africa,OWID_SAM,60.87617,8.909957,426213552.0,Africa,407.03451206330175
South Asia (Wb),WB_SA,2005,3844.0063,Africa,OWID_SAM,60.67367,8.909957,426213552.0,Africa,431.428153918139
South Asia (Wb),WB_SA,2006,4085.0732,Africa,OWID_SAM,60.84876,8.909957,426213552.0,Africa,458.4840532900439
South Asia (Wb),WB_SA,2007,4330.3027,Africa,OWID_SAM,61.68392,8.909957,426213552.0,Africa,486.0071378571187
South Asia (Wb),WB_SA,2008,4419.832,Africa,OWID_SAM,62.5963,8.909957,426213552.0,Africa,496.05536816844347
South Asia (Wb),WB_SA,2009,4683.4233,Africa,OWID_SAM,63.45801,8.909957,426213552.0,Africa,525.6392707619128
South Asia (Wb),WB_SA,2010,4997.842,Africa,OWID_SAM,66.02896,8.909957,426213552.0,Africa,560.9277351170157
South Asia (Wb),WB_SA,2011,5199.3984,Africa,OWID_SAM,66.62986,8.909957,426213552.0,Africa,583.5492135371696
South Asia (Wb),WB_SA,2012,5421.17,Africa,OWID_SAM,66.67659,8.909957,426213552.0,Africa,608.4395244556174
South Asia (Wb),WB_SA,2013,5690.3267,Africa,OWID_SAM,67.70576,8.909957,426213552.0,Africa,638.6480540815179
South Asia (Wb),WB_SA,2014,6029.549,Africa,OWID_SAM,68.45516,8.909957,426213552.0,Africa,676.7203253618395
South Asia (Wb),WB_SA,2015,6420.3975,Africa,OWID_SAM,69.78215,8.909957,426213552.0,Africa,720.5868109127799
South Asia (Wb),WB_SA,2016,6853.8364,Africa,OWID_SAM,71.10578,8.909957,426213552.0,Africa,769.2333868726863
South Asia (Wb),WB_SA,2017,7237.9014,Africa,OWID_SAM,71.66783,8.909957,426213552.0,Africa,812.3385331713721
South Asia (Wb),WB_SA,2018,7622.251,Africa,OWID_SAM,72.19206,8.909957,426213552.0,Africa,855.4756212628187
South Asia (Wb),WB_SA,2019,7857.6147,Africa,OWID_SAM,71.96603,8.909957,426213552.0,Africa,881.8914277588544
South Asia (Wb),WB_SA,2020,7399.215,Africa,OWID_SAM,72.68319,8.909957,426213552.0,Africa,830.4434016909397
South Asia (Wb),WB_SA,2021,8015.357,Africa,OWID_SAM,73.47901,8.909957,426213552.0,Africa,899.5954750398907
South Asia (Wb),WB_SA,2022,8522.025,Africa,OWID_SAM,74.26527,8.909957,426213552.0,Africa,956.4608448727641
South Asia (Wb),WB_SA,2023,9169.174,Africa,OWID_SAM,75.00885,8.909957,426213552.0,Africa,1029.0929574632066
South Korea,KOR,1990,14377.884,Asia,KOR,37.5,10.46,44081425.0,Asia,1374.5586998087954
South Korea,KOR,1991,15784.467,Asia,KOR,37.5,10.46,44081425.0,Asia,1509.0312619502868
South Korea,KOR,1992,16613.49,Asia,KOR,37.5,10.46,44081425.0,Asia,1588.2877629063098
South Korea,KOR,1993,17595.904,Asia,KOR,37.5,10.46,44081425.0,Asia,1682.2087954110896
South Korea,KOR,1994,19052.299,Asia,KOR,37.5,10.46,44081425.0,Asia,1821.4434990439768
South Korea,KOR,1995,20697.896,Asia,KOR,37.5,11.17,45368425.0,Asia,1852.989794091316
South Korea,KOR,1996,22139.797,Asia,KOR,37.5,11.17,45368425.0,Asia,1982.0767233661593
South Korea,KOR,1997,23311.043,Asia,KOR,37.5,11.17,45368425.0,Asia,2086.9331244404657
South Korea,KOR,1998,22000.338,Asia,KOR,37.5,11.17,45368425.0,Asia,1969.5915846016114
South Korea,KOR,1999,24382.25,Asia,KOR,37.5,11.17,45368425.0,Asia,2182.8334825425245
South Korea,KOR,2000,26404.158,Asia,KOR,37.5,11.8,46766660.0,Asia,2237.640508474576
South Korea,KOR,2001,27440.656,Asia,KOR,37.5,11.8,46766660.0,Asia,2325.479322033898
South Korea,KOR,2002,29395.277,Asia,KOR,37.5,11.8,46766660.0,Asia,2491.125169491525
South Korea,KOR,2003,30142.46,Asia,KOR,37.5,11.8,46766660.0,Asia,2554.445762711864
South Korea,KOR,2004,31579.527,Asia,KOR,37.5,11.8,46766660.0,Asia,2676.2311016949147
South Korea,KOR,2005,32886.047,Asia,KOR,37.5,12.27,47851646.0,Asia,2680.1994295028526
South Korea,KOR,2006,34429.62,Asia,KOR,37.5,12.27,47851646.0,Asia,2806.0000000000005
South Korea,KOR,2007,36257.34,Asia,KOR,37.5,12.27,47851646.0,Asia,2954.9584352078236
South Korea,KOR,2008,37064.152,Asia,KOR,98.0,12.27,48356485.0,Asia,3020.713284433578
South Korea,KOR,2009,37176.195,Asia,KOR,98.0,12.27,48356485.0,Asia,3029.8447432762837
South Korea,KOR,2010,39574.05,Asia,KOR,98.0,12.96,48769329.0,Asia,3053.553240740741
South Korea,KOR,2011,40719.227,Asia,KOR,98.0,12.96,48769329.0,Asia,3141.9156635802465
South Korea,KOR,2012,41537.67,Asia,KOR,98.0,12.96,48769329.0,Asia,3205.067129629629
South Korea,KOR,2013,42709.977,Asia,KOR,98.0,12.96,48769329.0,Asia,3295.5229166666663
South Korea,KOR,2014,43806.926,Asia,KOR,98.0,12.96,48769329.0,Asia,3380.164043209876
South Korea,KOR,2015,44849.105,Asia,KOR,98.0,13.33,50983909.0,Asia,3364.5240060015008
South Korea,KOR,2016,46088.242,Asia,KOR,98.0,13.33,50983909.0,Asia,3457.4825206301575
South Korea,KOR,2017,47536.79,Asia,KOR,98.0,13.33,50983909.0,Asia,3566.1507876969245
South Korea,KOR,2018,48834.445,Asia,KOR,98.0,13.33,50983909.0,Asia,3663.499249812453
South Korea,KOR,2019,49790.867,Asia,KOR,98.0,13.33,50983909.0,Asia,3735.248837209302
South Korea,KOR,2020,49374.094,Asia,KOR,98.0,13.68,51858481.0,Asia,3609.2173976608187
South Korea,KOR,2021,51718.25,Asia,KOR,98.0,13.68,51858481.0,Asia,3780.573830409357
South Korea,KOR,2022,53228.605,Asia,KOR,98.0,13.68,51858481.0,Asia,3890.979897660819
South Korea,KOR,2023,54029.344,Asia,KOR,98.0,13.68,51858481.0,Asia,3949.5134502923975
South Sudan,KOR,2008,55070.938,Asia,SSD,27.0,13.68,8817645.0,Africa,4025.6533625730995
Spain,ESP,1990,31773.227,Europe,ESP,93.0,7.51,39084975.0,Europe,4230.789214380826
Spain,ESP,1991,32499.348,Europe,ESP,96.0,7.51,39201750.0,Europe,4327.476431424768
Spain,ESP,1992,32641.082,Europe,ESP,96.0,7.51,39201750.0,Europe,4346.34913448735
Spain,ESP,1993,32137.314,Europe,ESP,96.0,7.51,39201750.0,Europe,4279.269507323568
Spain,ESP,1994,32746.93,Europe,ESP,96.0,7.51,39201750.0,Europe,4360.443408788283
Spain,ESP,1995,33501.73,Europe,ESP,96.0,8.72,40052733.0,Europe,3841.941513761468
Spain,ESP,1996,34232.38,Europe,ESP,96.0,8.72,40052733.0,Europe,3925.731651376146
Spain,ESP,1997,35312.086,Europe,ESP,96.0,8.72,40052733.0,Europe,4049.551146788991
Spain,ESP,1998,36679.094,Europe,ESP,96.0,8.72,40052733.0,Europe,4206.318119266054
Spain,ESP,1999,38141.316,Europe,ESP,96.0,8.72,40052733.0,Europe,4374.004128440367
Spain,ESP,2000,39945.9,Europe,ESP,96.0,9.65,41019772.0,Europe,4139.4715025906735
Spain,ESP,2001,41224.293,Europe,ESP,96.0,9.65,41019772.0,Europe,4271.947461139896
Spain,ESP,2002,41766.04,Europe,ESP,96.0,9.65,41019772.0,Europe,4328.087046632124
Spain,ESP,2003,42223.13,Europe,ESP,96.0,9.65,41019772.0,Europe,4375.453886010362
Spain,ESP,2004,42793.39,Europe,ESP,97.0,9.65,43234562.0,Europe,4434.548186528497
Spain,ESP,2005,43570.766,Europe,ESP,98.0,10.64,43958883.0,Europe,4094.9968045112782
Spain,ESP,2006,44572.68,Europe,ESP,98.0,10.64,44695446.0,Europe,4189.161654135338
Spain,ESP,2007,45301.285,Europe,ESP,98.0,10.64,45516501.0,Europe,4257.639567669173
Spain,ESP,2008,44926.348,Europe,ESP,98.0,10.64,46235055.0,Europe,4222.4011278195485
Spain,ESP,2009,42852.223,Europe,ESP,98.0,10.64,46635182.0,Europe,4027.4645676691725
Spain,ESP,2010,42695.527,Europe,ESP,98.0,10.75,46840469.0,Europe,3971.6769302325583
Spain,ESP,2011,42271.836,Europe,ESP,98.0,10.75,46998040.0,Europe,3932.263813953489
Spain,ESP,2012,41034.047,Europe,ESP,98.0,10.75,47018323.0,Europe,3817.1206511627906
Spain,ESP,2013,40594.914,Europe,ESP,98.0,10.75,46860394.0,Europe,3776.2710697674415
Spain,ESP,2014,41339.41,Europe,ESP,98.0,10.75,46720187.0,Europe,3845.5265116279074
Spain,ESP,2015,43053.76,Europe,ESP,98.0,11.24,46683683.0,Europe,3830.405693950178
Spain,ESP,2016,44274.668,Europe,ESP,98.0,11.24,46732768.0,Europe,3939.027402135231
Spain,ESP,2017,45446.25,Europe,ESP,98.0,11.24,46732768.0,Europe,4043.2606761565835
Spain,ESP,2018,46325.21,Europe,ESP,98.0,11.24,47092817.0,Europe,4121.459964412811
Spain,ESP,2019,46896.418,Europe,ESP,98.0,11.24,47092817.0,Europe,4172.279181494661
Spain,ESP,2020,41553.45,Europe,ESP,99.0,11.51,47679482.0,Europe,3610.204170286707
Spain,ESP,2021,44251.664,Europe,ESP,100.0,11.51,47735670.0,Europe,3844.627628149435
Spain,ESP,2022,46733.48,Europe,ESP,100.0,11.51,47735670.0,Europe,4060.250217202433
Spain,ESP,2023,47322.594,Europe,ESP,100.0,11.51,47735670.0,Europe,4111.433014769766
Sri Lanka,LKA,1990,4561.579,Asia,LKA,87.0,8.9,16352460.0,Asia,512.5369662921348
Sri Lanka,LKA,1991,4735.8193,Asia,LKA,87.0,8.9,16352460.0,Asia,532.1145280898876
Sri Lanka,LKA,1992,4866.2393,Asia,LKA,87.0,8.9,16352460.0,Asia,546.7684606741573
Sri Lanka,LKA,1993,5114.4365,Asia,LKA,87.0,8.9,16352460.0,Asia,574.6557865168539
Sri Lanka,LKA,1994,5322.7295,Asia,LKA,87.0,8.9,16352460.0,Asia,598.0594943820225
Sri Lanka,LKA,1995,5523.312,Asia,LKA,87.0,9.83,17564065.0,Asia,561.8832146490336
Sri Lanka,LKA,1996,5624.024,Asia,LKA,87.0,9.83,17564065.0,Asia,572.1285859613429
Sri Lanka,LKA,1997,5871.723,Asia,LKA,87.0,9.83,17564065.0,Asia,597.3268565615463
Sri Lanka,LKA,1998,6032.622,Asia,LKA,87.0,9.83,17564065.0,Asia,613.69501525941
Sri Lanka,LKA,1999,6176.2354,Asia,LKA,87.0,9.83,17564065.0,Asia,628.3047202441505
Sri Lanka,LKA,2000,6428.6133,Asia,LKA,87.0,10.77,19293056.0,Asia,596.9000278551532
Sri Lanka,LKA,2001,6230.031,Asia,LKA,91.0,10.77,19600361.0,Asia,578.4615598885794
Sri Lanka,LKA,2002,6409.863,Asia,LKA,91.0,10.77,19600361.0,Asia,595.1590529247911
Sri Lanka,LKA,2003,6741.0127,Asia,LKA,91.0,10.77,19600361.0,Asia,625.9064716805943
Sri Lanka,LKA,2004,7059.911,Asia,LKA,91.0,10.77,19600361.0,Asia,655.5163416898794
Sri Lanka,LKA,2005,7452.742,Asia,LKA,91.0,10.83,20216531.0,Asia,688.1571560480148
Sri Lanka,LKA,2006,7970.665,Asia,LKA,91.0,10.83,20352416.0,Asia,735.9801477377655
Sri Lanka,LKA,2007,8454.207,Asia,LKA,91.0,10.83,20352416.0,Asia,780.6285318559557
Sri Lanka,LKA,2008,8897.827,Asia,LKA,91.0,10.83,20629377.0,Asia,821.5906740535548
Sri Lanka,LKA,2009,9156.319,Asia,LKA,91.0,10.83,20629377.0,Asia,845.4588180978762
Sri Lanka,LKA,2010,9832.187,Asia,LKA,91.0,10.67,20879092.0,Asia,921.4795688847236
Sri Lanka,LKA,2011,10618.492,Asia,LKA,91.0,10.67,20879092.0,Asia,995.172633552015
Sri Lanka,LKA,2012,11447.693,Asia,LKA,91.0,10.67,20879092.0,Asia,1072.8859418931584
Sri Lanka,LKA,2013,12249.723,Asia,LKA,91.0,10.67,20879092.0,Asia,1148.0527647610122
Sri Lanka,LKA,2014,12909.966,Asia,LKA,91.0,10.67,20879092.0,Asia,1209.9312089971884
Sri Lanka,LKA,2015,13329.779,Asia,LKA,91.0,10.09,21729975.0,Asia,1321.08810703667
Sri Lanka,LKA,2016,13845.614,Asia,LKA,92.0,10.09,21910763.0,Asia,1372.211496531219
Sri Lanka,LKA,2017,14572.485,Asia,LKA,92.0,10.09,22087525.0,Asia,1444.2502477700696
Sri Lanka,LKA,2018,14759.825,Asia,LKA,92.0,10.09,22253116.0,Asia,1462.8171456888008
Sri Lanka,LKA,2019,14637.444,Asia,LKA,92.0,10.09,22410552.0,Asia,1450.6882061446977
Sri Lanka,LKA,2020,13886.651,Asia,LKA,92.0,10.33,22561808.0,Asia,1344.3030977734752
Sri Lanka,LKA,2021,14316.135,Asia,LKA,92.0,10.33,22700377.0,Asia,1385.879477250726
Sri Lanka,LKA,2022,13249.065,Asia,LKA,92.0,10.33,22834965.0,Asia,1282.581316553727
Sri Lanka,LKA,2023,13024.94,Asia,LKA,93.0,10.33,22971615.0,Asia,1260.8848015488868
Sub-Saharan Africa (Sdg),LKA,1990,13752.837,Asia,LKA,52.11274,10.33,22971615.0,Asia,1331.3491771539207
Sub-Saharan Africa (Sdg),LKA,1991,13752.837,Asia,LKA,52.47592,10.33,22971615.0,Asia,1331.3491771539207
Sub-Saharan Africa (Sdg),LKA,1992,13752.837,Asia,LKA,52.97165,10.33,22971615.0,Asia,1331.3491771539207
Sub-Saharan Africa (Sdg),LKA,1993,13752.837,Asia,LKA,53.5766,10.33,22971615.0,Asia,1331.3491771539207
Sub-Saharan Africa (Sdg),LKA,1994,13752.837,Asia,LKA,54.20362,10.33,22971615.0,Asia,1331.3491771539207
Sub-Saharan Africa (Sdg),LKA,1995,13752.837,Asia,LKA,54.63169,10.33,22971615.0,Asia,1331.3491771539207
Sub-Saharan Africa (Sdg),LKA,1996,13752.837,Asia,LKA,55.26828,10.33,22971615.0,Asia,1331.3491771539207
Sub-Saharan Africa (Sdg),LKA,1997,13752.837,Asia,LKA,56.09558,10.33,22971615.0,Asia,1331.3491771539207
Sub-Saharan Africa (Sdg),LKA,1998,13752.837,Asia,LKA,56.75086,10.33,22971615.0,Asia,1331.3491771539207
Sub-Saharan Africa (Sdg),LKA,1999,13752.837,Asia,LKA,57.59484,10.33,22971615.0,Asia,1331.3491771539207
Sub-Saharan Africa (Sdg),LKA,2000,13752.837,Asia,LKA,56.3906,10.33,22971615.0,Asia,1331.3491771539207
Sub-Saharan Africa (Sdg),LKA,2001,13752.837,Asia,LKA,57.14965,10.33,22971615.0,Asia,1331.3491771539207
Sub-Saharan Africa (Sdg),LKA,2002,13752.837,Asia,LKA,57.85295,10.33,22971615.0,Asia,1331.3491771539207
Sub-Saharan Africa (Sdg),LKA,2003,13752.837,Asia,LKA,58.36514,10.33,22971615.0,Asia,1331.3491771539207
Sub-Saharan Africa (Sdg),LKA,2004,13752.837,Asia,LKA,59.04088,10.33,22971615.0,Asia,1331.3491771539207
Sub-Saharan Africa (Sdg),LKA,2005,13752.837,Asia,LKA,58.71344,10.33,22971615.0,Asia,1331.3491771539207
Sub-Saharan Africa (Sdg),LKA,2006,13752.837,Asia,LKA,58.41726,10.33,22971615.0,Asia,1331.3491771539207
Sub-Saharan Africa (Sdg),LKA,2007,13752.837,Asia,LKA,58.17579,10.33,22971615.0,Asia,1331.3491771539207
Sub-Saharan Africa (Sdg),LKA,2008,13752.837,Asia,LKA,58.48229,10.33,22971615.0,Asia,1331.3491771539207
Sub-Saharan Africa (Sdg),LKA,2009,13752.837,Asia,LKA,58.94138,10.33,22971615.0,Asia,1331.3491771539207
Sub-Saharan Africa (Sdg),LKA,2010,13752.837,Asia,LKA,59.61513,10.33,22971615.0,Asia,1331.3491771539207
Sub-Saharan Africa (Sdg),LKA,2011,13752.837,Asia,LKA,61.13006,10.33,22971615.0,Asia,1331.3491771539207
Sub-Saharan Africa (Sdg),LKA,2012,13752.837,Asia,LKA,62.3788,10.33,22971615.0,Asia,1331.3491771539207
Sub-Saharan Africa (Sdg),LKA,2013,13752.837,Asia,LKA,63.23391,10.33,22971615.0,Asia,1331.3491771539207
Sub-Saharan Africa (Sdg),LKA,2014,13752.837,Asia,LKA,63.92325,10.33,22971615.0,Asia,1331.3491771539207
Sub-Saharan Africa (Sdg),LKA,2015,13752.837,Asia,LKA,64.52015,10.33,22971615.0,Asia,1331.3491771539207
Sub-Saharan Africa (Sdg),LKA,2016,13752.837,Asia,LKA,65.10612,10.33,22971615.0,Asia,1331.3491771539207
Sub-Saharan Africa (Sdg),LKA,2017,13752.837,Asia,LKA,65.44503,10.33,22971615.0,Asia,1331.3491771539207
Sub-Saharan Africa (Sdg),LKA,2018,13752.837,Asia,LKA,67.06734,10.33,22971615.0,Asia,1331.3491771539207
Sub-Saharan Africa (Sdg),LKA,2019,13752.837,Asia,LKA,67.71821,10.33,22971615.0,Asia,1331.3491771539207
Sub-Saharan Africa (Sdg),LKA,2020,13752.837,Asia,LKA,67.9072,10.33,22971615.0,Asia,1331.3491771539207
Sub-Saharan Africa (Sdg),LKA,2021,13752.837,Asia,LKA,67.89861,10.33,22971615.0,Asia,1331.3491771539207
Sub-Saharan Africa (Sdg),LKA,2022,13752.837,Asia,LKA,68.2313,10.33,22971615.0,Asia,1331.3491771539207
Sub-Saharan Africa (Sdg),LKA,2023,13752.837,Asia,LKA,68.5022,10.33,22971615.0,Asia,1331.3491771539207
Sub-Saharan Africa (Wb),WB_SSA,1990,3775.4473,Asia,LKA,52.30686,10.33,22971615.0,Asia,365.4837657308809
Sub-Saharan Africa (Wb),WB_SSA,1991,3692.9666,Asia,LKA,52.65164,10.33,22971615.0,Asia,357.49918683446276
Sub-Saharan Africa (Wb),WB_SSA,1992,3585.89,Asia,LKA,53.12544,10.33,22971615.0,Asia,347.13359148112295
Sub-Saharan Africa (Wb),WB_SSA,1993,3446.3987,Asia,LKA,53.7068,10.33,22971615.0,Asia,333.6300774443369
Sub-Saharan Africa (Wb),WB_SSA,1994,3382.8987,Asia,LKA,54.30921,10.33,22971615.0,Asia,327.48293320425944
Sub-Saharan Africa (Wb),WB_SSA,1995,3400.792,Asia,LKA,54.72155,10.33,22971615.0,Asia,329.21510164569213
Sub-Saharan Africa (Wb),WB_SSA,1996,3482.8354,Asia,LKA,55.37812,10.33,22971615.0,Asia,337.15734753146177
Sub-Saharan Africa (Wb),WB_SSA,1997,3531.2527,Asia,LKA,56.21824,10.33,22971615.0,Asia,341.8444046466602
Sub-Saharan Africa (Wb),WB_SSA,1998,3529.4673,Asia,LKA,56.89161,10.33,22971615.0,Asia,341.6715682478219
Sub-Saharan Africa (Wb),WB_SSA,1999,3509.318,Asia,LKA,57.74526,10.33,22971615.0,Asia,339.7210067763795
Sub-Saharan Africa (Wb),WB_SSA,2000,3534.5173,Asia,LKA,56.62755,10.33,22971615.0,Asia,342.16043562439495
Sub-Saharan Africa (Wb),WB_SSA,2001,3592.1694,Asia,LKA,57.40014,10.33,22971615.0,Asia,347.7414714424008
Sub-Saharan Africa (Wb),WB_SSA,2002,3732.0852,Asia,LKA,58.11591,10.33,22971615.0,Asia,361.2860793804453
Sub-Saharan Africa (Wb),WB_SSA,2003,3787.212,Asia,LKA,58.6459,10.33,22971615.0,Asia,366.62265246853826
Sub-Saharan Africa (Wb),WB_SSA,2004,3938.5247,Asia,LKA,59.33332,10.33,22971615.0,Asia,381.2705421103582
Sub-Saharan Africa (Wb),WB_SSA,2005,4064.7947,Asia,LKA,59.05679,10.33,22971615.0,Asia,393.49416263310746
Sub-Saharan Africa (Wb),WB_SSA,2006,4196.0176,Asia,LKA,58.16811,10.33,22971615.0,Asia,406.1972507260407
Sub-Saharan Africa (Wb),WB_SSA,2007,4334.8833,Asia,LKA,57.96338,10.33,22971615.0,Asia,419.64020329138435
Sub-Saharan Africa (Wb),WB_SSA,2008,4442.5605,Asia,LKA,58.28565,10.33,22971615.0,Asia,430.06393998063885
Sub-Saharan Africa (Wb),WB_SSA,2009,4476.266,Asia,LKA,58.75711,10.33,22971615.0,Asia,433.32681510164565
Sub-Saharan Africa (Wb),WB_SSA,2010,4629.3413,Asia,LKA,59.43254,10.33,22971615.0,Asia,448.1453339787028
Sub-Saharan Africa (Wb),WB_SSA,2011,4716.822,Asia,LKA,60.91714,10.33,22971615.0,Asia,456.6139399806389
Sub-Saharan Africa (Wb),WB_SSA,2012,4779.451,Asia,LKA,62.14601,10.33,22971615.0,Asia,462.6767666989351
Sub-Saharan Africa (Wb),WB_SSA,2013,4893.031,Asia,LKA,62.99641,10.33,22971615.0,Asia,473.67192642787995
Sub-Saharan Africa (Wb),WB_SSA,2014,4999.522,Asia,LKA,63.68724,10.33,22971615.0,Asia,483.9808325266215
Sub-Saharan Africa (Wb),WB_SSA,2015,5016.2275,Asia,LKA,64.28751,10.33,22971615.0,Asia,485.59801548886736
Sub-Saharan Africa (Wb),WB_SSA,2016,4948.61,Asia,LKA,64.87826,10.33,22971615.0,Asia,479.0522749273959
Sub-Saharan Africa (Wb),WB_SSA,2017,4944.827,Asia,LKA,65.2303,10.33,22971615.0,Asia,478.6860600193611
Sub-Saharan Africa (Wb),WB_SSA,2018,4954.5625,Asia,LKA,66.81657,10.33,22971615.0,Asia,479.628509196515
Sub-Saharan Africa (Wb),WB_SSA,2019,4956.282,Asia,LKA,67.44165,10.33,22971615.0,Asia,479.79496611810265
Sub-Saharan Africa (Wb),WB_SSA,2020,4674.73,Asia,LKA,67.62379,10.33,22971615.0,Asia,452.5392061955469
Sub-Saharan Africa (Wb),WB_SSA,2021,4720.3574,Asia,LKA,67.61568,10.33,22971615.0,Asia,456.9561858664085
Sub-Saharan Africa (Wb),WB_SSA,2022,4796.0664,Asia,LKA,67.93573,10.33,22971615.0,Asia,464.2852274927396
Sub-Saharan Africa (Wb),WB_SSA,2023,4810.216,Asia,LKA,68.19624,10.33,22971615.0,Asia,465.65498547918685
Sudan,SDN,1990,2460.1887,Africa,SDN,7.5,2.4,22021484.0,Africa,1025.078625
Sudan,SDN,1991,2591.8691,Africa,SDN,7.5,2.4,22021484.0,Africa,1079.9454583333334
Sudan,SDN,1992,2709.79,Africa,SDN,7.5,2.4,22021484.0,Africa,1129.0791666666667
Sudan,SDN,1993,2777.275,Africa,SDN,7.5,2.4,22021484.0,Africa,1157.1979166666667
Sudan,SDN,1994,2736.472,Africa,SDN,7.5,2.4,22021484.0,Africa,1140.1966666666667
Sudan,SDN,1995,2824.632,Africa,SDN,7.5,2.78,24672144.0,Africa,1016.0546762589929
Sudan,SDN,1996,2924.2908,Africa,SDN,7.5,2.78,24672144.0,Africa,1051.903165467626
Sudan,SDN,1997,3380.1868,Africa,SDN,7.5,2.78,24672144.0,Africa,1215.894532374101
Sudan,SDN,1998,3441.1792,Africa,SDN,7.5,2.78,24672144.0,Africa,1237.8342446043166
Sudan,SDN,1999,3459.23,Africa,SDN,7.5,2.78,24672144.0,Africa,1244.3273381294964
Sudan,SDN,2000,3575.852,Africa,SDN,61.0,3.09,27816748.0,Africa,1157.2336569579288
Sudan,SDN,2001,3701.5488,Africa,SDN,61.0,3.09,27816748.0,Africa,1197.9122330097089
Sudan,SDN,2002,3814.3132,Africa,SDN,61.0,3.09,27816748.0,Africa,1234.4055663430422
Sudan,SDN,2003,3946.9226,Africa,SDN,61.0,3.09,27816748.0,Africa,1277.3212297734628
Sudan,SDN,2004,4041.0571,Africa,SDN,61.0,3.09,27816748.0,Africa,1307.7854692556634
Sudan,SDN,2005,4152.3228,Africa,SDN,61.0,3.31,31262447.0,Africa,1254.478187311178
Sudan,SDN,2006,4299.974,Africa,SDN,61.0,3.31,31262447.0,Africa,1299.0858006042297
Sudan,SDN,2007,4415.785,Africa,SDN,61.0,3.31,31262447.0,Africa,1334.0740181268882
Sudan,SDN,2008,4446.4097,Africa,SDN,54.0,3.31,33623980.0,Africa,1343.3261933534743
Sudan,SDN,2009,4188.0547,Africa,SDN,54.0,3.31,33623980.0,Africa,1265.2733232628398
Sudan,SDN,2010,4219.837,Africa,SDN,54.0,3.49,35414403.0,Africa,1209.1223495702006
Sudan,SDN,2011,4467.626,Africa,SDN,54.0,3.49,35414403.0,Africa,1280.1220630372493
Sudan,SDN,2012,4145.9316,Africa,SDN,54.0,3.49,35414403.0,Africa,1187.946017191977
Sudan,SDN,2013,4130.486,Africa,SDN,54.0,3.49,35414403.0,Africa,1183.5203438395415
Sudan,SDN,2014,4207.5005,Africa,SDN,54.0,3.49,35414403.0,Africa,1205.5875358166188
Sudan,SDN,2015,4159.1943,Africa,SDN,54.0,3.85,40024433.0,Africa,1080.3102077922078
Sudan,SDN,2016,4174.561,Africa,SDN,54.0,3.85,40024433.0,Africa,1084.3015584415584
Sudan,SDN,2017,4061.0183,Africa,SDN,54.0,3.85,40024433.0,Africa,1054.8099480519481
Sudan,SDN,2018,3816.66,Africa,SDN,54.0,3.85,40024433.0,Africa,991.3402597402596
Sudan,SDN,2019,3625.5232,Africa,SDN,54.0,3.85,40024433.0,Africa,941.6943376623377
Sudan,SDN,2020,3401.2498,Africa,SDN,54.0,4.38,46789237.0,Africa,776.5410502283105
Sudan,SDN,2021,3248.9756,Africa,SDN,54.0,4.38,46789237.0,Africa,741.7752511415525
Sudan,SDN,2022,3132.0771,Africa,SDN,54.0,4.38,46789237.0,Africa,715.086095890411
Sudan,SDN,2023,2181.079,Africa,SDN,54.0,4.38,46789237.0,Africa,497.9632420091325
Suriname,SUR,1990,17137.65,South America,SUR,72.5,4.38,195575.0,South America,3912.7054794520554
Suriname,SUR,1991,17493.496,South America,SUR,72.5,4.38,195575.0,South America,3993.9488584474884
Suriname,SUR,1992,17455.125,South America,SUR,72.5,4.38,195575.0,South America,3985.1883561643835
Suriname,SUR,1993,16217.166,South America,SUR,72.5,4.38,195575.0,South America,3702.549315068493
Suriname,SUR,1994,16648.535,South America,SUR,72.5,4.38,195575.0,South America,3801.035388127854
Suriname,SUR,1995,16368.312,South America,SUR,72.5,4.38,195575.0,South America,3737.0575342465754
Suriname,SUR,1996,16184.5,South America,SUR,72.5,4.38,195575.0,South America,3695.0913242009133
Suriname,SUR,1997,16754.352,South America,SUR,72.5,4.38,195575.0,South America,3825.194520547945
Suriname,SUR,1998,16789.756,South America,SUR,72.5,4.38,195575.0,South America,3833.2776255707768
Suriname,SUR,1999,16217.518,South America,SUR,72.5,4.38,195575.0,South America,3702.6296803652967
Suriname,SUR,2000,16220.179,South America,SUR,72.5,4.38,195575.0,South America,3703.2372146118723
Suriname,SUR,2001,16556.943,South America,SUR,72.5,4.38,195575.0,South America,3780.1239726027397
Suriname,SUR,2002,16678.072,South America,SUR,72.5,4.38,195575.0,South America,3807.77899543379
Suriname,SUR,2003,17383.502,South America,SUR,72.5,4.38,195575.0,South America,3968.836073059361
Suriname,SUR,2004,18585.518,South America,SUR,90.0,4.38,513928.0,South America,4243.268949771689
Suriname,SUR,2005,19220.283,South America,SUR,90.0,4.38,513928.0,South America,4388.192465753425
Suriname,SUR,2006,20113.67,South America,SUR,90.0,4.38,513928.0,South America,4592.1621004566205
Suriname,SUR,2007,20902.139,South America,SUR,90.0,4.38,513928.0,South America,4772.177853881279
Suriname,SUR,2008,21515.812,South America,SUR,95.0,4.38,537252.0,South America,4912.285844748859
Suriname,SUR,2009,21906.41,South America,SUR,95.0,4.38,537252.0,South America,5001.463470319635
Suriname,SUR,2010,22772.475,South America,SUR,95.0,4.38,549931.0,South America,5199.195205479452
Suriname,SUR,2011,23829.533,South America,SUR,95.0,4.38,549931.0,South America,5440.532648401827
Suriname,SUR,2012,24193.842,South America,SUR,93.0,4.38,562640.0,South America,5523.708219178083
Suriname,SUR,2013,24624.021,South America,SUR,93.0,4.38,562640.0,South America,5621.922602739726
Suriname,SUR,2014,24414.355,South America,SUR,93.0,4.38,562640.0,South America,5574.053652968037
Suriname,SUR,2015,23327.525,South America,SUR,93.0,4.38,562640.0,South America,5325.91894977169
Suriname,SUR,2016,21950.412,South America,SUR,93.0,4.38,562640.0,South America,5011.509589041096
Suriname,SUR,2017,22070.514,South America,SUR,93.0,4.38,562640.0,South America,5038.9301369863015
Suriname,SUR,2018,22938.535,South America,SUR,93.0,4.38,562640.0,South America,5237.108447488585
Suriname,SUR,2019,22966.74,South America,SUR,93.0,4.38,562640.0,South America,5243.54794520548
Suriname,SUR,2020,19091.361,South America,SUR,93.0,4.38,562640.0,South America,4358.758219178082
Suriname,SUR,2021,18458.234,South America,SUR,93.0,4.38,562640.0,South America,4214.208675799087
Suriname,SUR,2022,18742.588,South America,SUR,93.0,4.38,562640.0,South America,4279.129680365297
Suriname,SUR,2023,19020.867,South America,SUR,93.0,4.38,562640.0,South America,4342.663698630136
Sweden,SWE,1990,40549.31,Europe,SWE,98.5,11.03,8558571.0,Europe,3676.274705349048
Sweden,SWE,1991,39812.316,Europe,SWE,98.5,11.03,8558571.0,Europe,3609.457479601088
Sweden,SWE,1992,39120.926,Europe,SWE,98.5,11.03,8558571.0,Europe,3546.7747960108795
Sweden,SWE,1993,38090.945,Europe,SWE,98.5,11.03,8558571.0,Europe,3453.3948322756123
Sweden,SWE,1994,39340.0,Europe,SWE,98.5,11.03,8558571.0,Europe,3566.6364460562104
Sweden,SWE,1995,40736.426,Europe,SWE,98.5,11.41,8826298.0,Europe,3570.2389132340054
Sweden,SWE,1996,41364.984,Europe,SWE,98.5,11.41,8826298.0,Europe,3625.3272567922872
Sweden,SWE,1997,42608.414,Europe,SWE,98.5,11.41,8826298.0,Europe,3734.304469763365
Sweden,SWE,1998,44392.844,Europe,SWE,98.5,11.41,8826298.0,Europe,3890.696231375986
Sweden,SWE,1999,46221.81,Europe,SWE,98.5,11.41,8826298.0,Europe,4050.9912357581065
Sweden,SWE,2000,48284.8,Europe,SWE,98.5,11.72,8872099.0,Europe,4119.863481228669
Sweden,SWE,2001,48810.645,Europe,SWE,98.5,11.72,8872099.0,Europe,4164.730802047781
Sweden,SWE,2002,49760.215,Europe,SWE,98.5,11.72,8872099.0,Europe,4245.7521331058015
Sweden,SWE,2003,50507.934,Europe,SWE,98.5,11.72,8872099.0,Europe,4309.550682593856
Sweden,SWE,2004,52412.41,Europe,SWE,98.5,11.72,8872099.0,Europe,4472.048634812287
Sweden,SWE,2005,53661.316,Europe,SWE,98.5,11.86,9029771.0,Europe,4524.562900505903
Sweden,SWE,2006,55855.496,Europe,SWE,98.5,11.86,9029771.0,Europe,4709.569645868465
Sweden,SWE,2007,57230.79,Europe,SWE,98.5,11.86,9029771.0,Europe,4825.530354131535
Sweden,SWE,2008,56262.47,Europe,SWE,98.5,11.86,9029771.0,Europe,4743.884485666105
Sweden,SWE,2009,53411.2,Europe,SWE,98.5,11.86,9029771.0,Europe,4503.473861720067
Sweden,SWE,2010,56003.27,Europe,SWE,98.5,11.95,9378234.0,Europe,4686.466108786611
Sweden,SWE,2011,57340.504,Europe,SWE,98.5,11.95,9378234.0,Europe,4798.368535564854
Sweden,SWE,2012,56682.02,Europe,SWE,98.5,11.95,9378234.0,Europe,4743.2652719665275
Sweden,SWE,2013,56843.164,Europe,SWE,98.5,11.95,9378234.0,Europe,4756.750125523013
Sweden,SWE,2014,57574.05,Europe,SWE,98.5,11.95,9378234.0,Europe,4817.912133891214
Sweden,SWE,2015,59468.355,Europe,SWE,98.5,11.89,9799483.0,Europe,5001.543734230446
Sweden,SWE,2016,59977.387,Europe,SWE,98.5,11.89,9799483.0,Europe,5044.35550883095
Sweden,SWE,2017,60288.8,Europe,SWE,98.5,11.89,9799483.0,Europe,5070.546677880572
Sweden,SWE,2018,60647.45,Europe,SWE,98.5,11.89,9799483.0,Europe,5100.710681244743
Sweden,SWE,2019,61601.63,Europe,SWE,98.5,11.89,9799483.0,Europe,5180.961312026913
Sweden,SWE,2020,59975.363,Europe,SWE,98.5,11.93,10353682.0,Europe,5027.272673931266
Sweden,SWE,2021,62731.7,Europe,SWE,98.5,11.93,10353682.0,Europe,5258.3151718357085
Sweden,SWE,2022,63088.42,Europe,SWE,98.5,11.93,10353682.0,Europe,5288.216261525566
Sweden,SWE,2023,62662.766,Europe,SWE,98.5,11.93,10353682.0,Europe,5252.5369656328585
Switzerland,CHE,1990,64010.758,Europe,CHE,98.5,10.54,6713168.0,Europe,6073.126944971537
Switzerland,CHE,1991,62636.773,Europe,CHE,98.5,10.54,6713168.0,Europe,5942.767836812145
Switzerland,CHE,1992,61922.89,Europe,CHE,98.5,10.54,6713168.0,Europe,5875.037001897534
Switzerland,CHE,1993,61284.203,Europe,CHE,98.5,10.54,6713168.0,Europe,5814.440512333967
Switzerland,CHE,1994,61569.598,Europe,CHE,98.5,10.54,6713168.0,Europe,5841.517836812144
Switzerland,CHE,1995,61453.63,Europe,CHE,98.5,10.41,7040481.0,Europe,5903.326609029778
Switzerland,CHE,1996,61471.168,Europe,CHE,98.5,10.41,7040481.0,Europe,5905.011335254562
Switzerland,CHE,1997,62709.99,Europe,CHE,98.5,10.41,7040481.0,Europe,6024.014409221902
Switzerland,CHE,1998,64418.387,Europe,CHE,98.5,10.41,7040481.0,Europe,6188.1255523535065
Switzerland,CHE,1999,65177.883,Europe,CHE,98.5,10.41,7040481.0,Europe,6261.08386167147
Switzerland,CHE,2000,67378.39,Europe,CHE,98.5,10.14,7184003.0,Europe,6644.8116370808675
Switzerland,CHE,2001,68008.34,Europe,CHE,98.5,10.14,7184003.0,Europe,6706.936883629191
Switzerland,CHE,2002,67446.41,Europe,CHE,98.5,10.14,7184003.0,Europe,6651.5197238658775
Switzerland,CHE,2003,66926.17,Europe,CHE,98.5,10.14,7184003.0,Europe,6600.214003944772
Switzerland,CHE,2004,68263.44,Europe,CHE,98.5,10.14,7184003.0,Europe,6732.094674556213
Switzerland,CHE,2005,69692.59,Europe,CHE,98.5,10.82,7431824.0,Europe,6441.089648798521
Switzerland,CHE,2006,72077.86,Europe,CHE,98.5,10.82,7431824.0,Europe,6661.539741219963
Switzerland,CHE,2007,74234.305,Europe,CHE,98.5,10.82,7431824.0,Europe,6860.841497227356
Switzerland,CHE,2008,75355.2,Europe,CHE,98.5,10.82,7431824.0,Europe,6964.436229205176
Switzerland,CHE,2009,72709.81,Europe,CHE,98.5,10.82,7431824.0,Europe,6719.945471349352
Switzerland,CHE,2010,74290.266,Europe,CHE,98.5,12.92,7825750.0,Europe,5750.020588235295
Switzerland,CHE,2011,74800.89,Europe,CHE,98.5,12.92,7825750.0,Europe,5789.542569659443
Switzerland,CHE,2012,74883.62,Europe,CHE,98.5,12.92,7825750.0,Europe,5795.945820433436
Switzerland,CHE,2013,75354.16,Europe,CHE,98.5,12.92,7825750.0,Europe,5832.3653250774
Switzerland,CHE,2014,76189.6,Europe,CHE,98.5,12.92,7825750.0,Europe,5897.027863777091
Switzerland,CHE,2015,76566.08,Europe,CHE,98.5,12.95,8283940.0,Europe,5912.438610038611
Switzerland,CHE,2016,77301.21,Europe,CHE,98.5,12.95,8283940.0,Europe,5969.205405405406
Switzerland,CHE,2017,77626.91,Europe,CHE,98.5,12.95,8283940.0,Europe,5994.355984555985
Switzerland,CHE,2018,79261.36,Europe,CHE,98.5,12.95,8283940.0,Europe,6120.568339768341
Switzerland,CHE,2019,79596.7,Europe,CHE,98.5,12.95,8283940.0,Europe,6146.463320463321
Switzerland,CHE,2020,77324.89,Europe,CHE,98.5,12.97,8640582.0,Europe,5961.8265227447955
Switzerland,CHE,2021,81001.414,Europe,CHE,98.5,12.97,8640582.0,Europe,6245.290208172706
Switzerland,CHE,2022,82777.3,Europe,CHE,98.5,12.97,8640582.0,Europe,6382.2127987663835
Switzerland,CHE,2023,82295.3,Europe,CHE,98.5,12.97,8640582.0,Europe,6345.050115651504
Syria,SYR,1990,5828.4053,Asia,SYR,56.0,4.68,12579212.0,Asia,1245.385747863248
Syria,SYR,1991,6081.089,Asia,SYR,56.0,4.68,12579212.0,Asia,1299.3779914529914
Syria,SYR,1992,6662.243,Asia,SYR,56.0,4.68,12579212.0,Asia,1423.5561965811967
Syria,SYR,1993,6861.795,Asia,SYR,56.0,4.68,12579212.0,Asia,1466.195512820513
Syria,SYR,1994,7142.9536,Asia,SYR,56.0,4.68,12579212.0,Asia,1526.2721367521367
Syria,SYR,1995,7431.354,Asia,SYR,56.0,4.77,14616804.0,Asia,1557.935849056604
Syria,SYR,1996,7943.4404,Asia,SYR,56.0,4.77,14616804.0,Asia,1665.291488469602
Syria,SYR,1997,8126.3657,Asia,SYR,56.0,4.77,14616804.0,Asia,1703.6406079664573
Syria,SYR,1998,8456.783,Asia,SYR,56.0,4.77,14616804.0,Asia,1772.9104821802935
Syria,SYR,1999,7951.39,Asia,SYR,56.0,4.77,14616804.0,Asia,1666.9580712788263
Syria,SYR,2000,7807.93,Asia,SYR,56.0,4.79,16637884.0,Asia,1630.0480167014614
Syria,SYR,2001,7698.397,Asia,SYR,56.0,4.79,16637884.0,Asia,1607.1810020876826
Syria,SYR,2002,7811.816,Asia,SYR,83.0,4.79,17468335.0,Asia,1630.8592901878915
Syria,SYR,2003,8177.545,Asia,SYR,83.0,4.79,17468335.0,Asia,1707.2118997912316
Syria,SYR,2004,8528.656,Asia,SYR,81.0,4.79,18336879.0,Asia,1780.5127348643007
Syria,SYR,2005,8828.946,Asia,SYR,81.0,6.12,18814092.0,Asia,1442.6382352941175
Syria,SYR,2006,8885.806,Asia,SYR,81.0,6.12,18814092.0,Asia,1451.9290849673203
Syria,SYR,2007,8829.309,Asia,SYR,81.0,6.12,18814092.0,Asia,1442.6975490196078
Syria,SYR,2008,8903.772,Asia,SYR,81.0,6.12,18814092.0,Asia,1454.864705882353
Syria,SYR,2009,9284.102,Asia,SYR,81.0,6.12,18814092.0,Asia,1517.0101307189543
Syria,SYR,2010,9546.561,Asia,SYR,81.0,7.07,22482417.0,Asia,1350.2915134370578
Syria,SYR,2011,9648.824,Asia,SYR,81.0,7.07,22482417.0,Asia,1364.7558698727016
Syria,SYR,2012,7144.3726,Asia,SYR,81.0,7.07,22482417.0,Asia,1010.5194625176803
Syria,SYR,2013,5530.9746,Asia,SYR,81.0,7.07,22482417.0,Asia,782.3160678925035
Syria,SYR,2014,5301.6255,Asia,SYR,81.0,7.07,22482417.0,Asia,749.8763083451203
Syria,SYR,2015,5302.074,Asia,SYR,81.0,7.44,19424615.0,Asia,712.6443548387095
Syria,SYR,2016,5022.113,Asia,SYR,81.0,7.44,19424615.0,Asia,675.015188172043
Syria,SYR,2017,4977.792,Asia,SYR,81.0,7.44,19424615.0,Asia,669.0580645161291
Syria,SYR,2018,4956.093,Asia,SYR,81.0,7.44,19424615.0,Asia,666.1415322580644
Syria,SYR,2019,4825.4062,Asia,SYR,81.0,7.44,19424615.0,Asia,648.5761021505376
Syria,SYR,2020,4633.3496,Asia,SYR,81.0,7.92,21049431.0,Asia,585.0188888888888
Syria,SYR,2021,4592.8384,Asia,SYR,94.0,7.92,21628837.0,Asia,579.9038383838383
Syria,SYR,2022,4454.8535,Asia,SYR,94.0,7.92,21628837.0,Asia,562.4815025252525
Taiwan,SYR,1990,4454.8535,Asia,TWN,94.0,8.68,20594907.0,Asia,513.231970046083
Taiwan,SYR,1995,4454.8535,Asia,TWN,94.0,9.55,21534497.0,Asia,466.4768062827225
Taiwan,SYR,2000,4454.8535,Asia,TWN,94.0,10.38,22332873.0,Asia,429.17663776493254
Taiwan,SYR,2005,4454.8535,Asia,TWN,94.0,11.35,22824932.0,Asia,392.49810572687227
Taiwan,SYR,2010,4454.8535,Asia,TWN,94.0,11.96,23224049.0,Asia,372.47938963210703
Taiwan,SYR,2015,4454.8535,Asia,TWN,94.0,12.37,23529260.0,Asia,360.1336701697656
Taiwan,SYR,2020,4454.8535,Asia,TWN,94.0,12.76,23663461.0,Asia,349.1264498432602
Tajikistan,TJK,1990,4173.046,Asia,TJK,98.0,12.76,5267255.0,Asia,327.04122257053297
Tajikistan,TJK,1991,3777.1074,Asia,TJK,98.0,12.76,5267255.0,Asia,296.0115517241379
Tajikistan,TJK,1992,2630.3865,Asia,TJK,98.0,12.76,5267255.0,Asia,206.14314263322885
Tajikistan,TJK,1993,2169.9675,Asia,TJK,98.0,12.76,5267255.0,Asia,170.06014890282134
Tajikistan,TJK,1994,1678.3385,Asia,TJK,98.0,12.76,5267255.0,Asia,131.5312304075235
Tajikistan,TJK,1995,1439.5028,Asia,TJK,98.0,12.76,5267255.0,Asia,112.81369905956113
Tajikistan,TJK,1996,1175.7941,Asia,TJK,98.0,12.76,5267255.0,Asia,92.14687304075235
Tajikistan,TJK,1997,1181.2811,Asia,TJK,98.0,12.76,5267255.0,Asia,92.57688871473354
Tajikistan,TJK,1998,1236.6755,Asia,TJK,98.0,12.76,5267255.0,Asia,96.91814263322884
Tajikistan,TJK,1999,1275.8225,Asia,TJK,98.0,12.76,5267255.0,Asia,99.98608934169279
Tajikistan,TJK,2000,1365.2333,Asia,TJK,99.0,12.76,6284737.0,Asia,106.99320532915361
Tajikistan,TJK,2001,1467.3988,Asia,TJK,99.0,12.76,6284737.0,Asia,114.99990595611285
Tajikistan,TJK,2002,1594.939,Asia,TJK,99.0,12.76,6284737.0,Asia,124.99521943573669
Tajikistan,TJK,2003,1736.6404,Asia,TJK,99.0,12.76,6284737.0,Asia,136.1003448275862
Tajikistan,TJK,2004,1878.287,Asia,TJK,99.0,12.76,6284737.0,Asia,147.20117554858933
Tajikistan,TJK,2005,1965.3002,Asia,TJK,99.0,12.76,6284737.0,Asia,154.02039184952977
Tajikistan,TJK,2006,2063.2886,Asia,TJK,99.0,12.76,6284737.0,Asia,161.69973354231973
Tajikistan,TJK,2007,2181.898,Asia,TJK,99.0,12.76,6284737.0,Asia,170.99514106583072
Tajikistan,TJK,2008,2308.0942,Asia,TJK,99.0,12.76,6284737.0,Asia,180.88512539184953
Tajikistan,TJK,2009,2349.5002,Asia,TJK,99.0,12.76,6284737.0,Asia,184.13010971786835
Tajikistan,TJK,2010,2449.2737,Asia,TJK,99.0,12.76,6284737.0,Asia,191.9493495297806
Tajikistan,TJK,2011,2572.4807,Asia,TJK,99.0,12.76,6284737.0,Asia,201.60507053291536
Tajikistan,TJK,2012,2700.0955,Asia,TJK,99.0,12.76,6284737.0,Asia,211.6062304075235
Tajikistan,TJK,2013,2828.3855,Asia,TJK,99.0,12.76,6284737.0,Asia,221.66030564263323
Tajikistan,TJK,2014,2943.0886,Asia,TJK,99.0,12.76,6284737.0,Asia,230.64957680250785
Tajikistan,TJK,2015,3041.4448,Asia,TJK,99.0,10.16,8643839.0,Asia,299.3548031496063
Tajikistan,TJK,2016,3169.9668,Asia,TJK,99.0,10.16,8643839.0,Asia,312.0046062992126
Tajikistan,TJK,2017,3312.712,Asia,TJK,99.0,10.16,8643839.0,Asia,326.05433070866144
Tajikistan,TJK,2018,3479.6924,Asia,TJK,99.0,10.16,8643839.0,Asia,342.4894094488189
Tajikistan,TJK,2019,3649.8838,Asia,TJK,99.0,10.16,8643839.0,Asia,359.240531496063
Tajikistan,TJK,2020,3724.749,Asia,TJK,99.0,10.12,9749312.0,Asia,368.0582015810277
Tajikistan,TJK,2021,3985.9126,Asia,TJK,99.0,10.12,9749312.0,Asia,393.86488142292495
Tajikistan,TJK,2022,4213.7563,Asia,TJK,99.0,10.12,9749312.0,Asia,416.379081027668
Tajikistan,TJK,2023,4472.324,Asia,TJK,99.0,10.12,9749312.0,Asia,441.9292490118577
Tanzania,TZA,1990,1794.2046,Africa,TZA,59.0,10.12,24769690.0,Africa,177.29294466403164
Tanzania,TZA,1991,1785.664,Africa,TZA,59.0,10.12,24769690.0,Africa,176.44901185770752
Tanzania,TZA,1992,1751.9185,Africa,TZA,59.0,10.12,24769690.0,Africa,173.11447628458498
Tanzania,TZA,1993,1718.3931,Africa,TZA,59.0,10.12,24769690.0,Africa,169.80168972332018
Tanzania,TZA,1994,1679.6624,Africa,TZA,59.0,10.12,24769690.0,Africa,165.97454545454545
Tanzania,TZA,1995,1685.8511,Africa,TZA,59.0,10.12,24769690.0,Africa,166.58607707509884
Tanzania,TZA,1996,1730.5546,Africa,TZA,59.0,10.12,24769690.0,Africa,171.003418972332
Tanzania,TZA,1997,1755.8037,Africa,TZA,59.0,10.12,24769690.0,Africa,173.49838932806324
Tanzania,TZA,1998,1773.7242,Africa,TZA,59.0,10.12,24769690.0,Africa,175.26918972332018
Tanzania,TZA,1999,1810.9716,Africa,TZA,59.0,10.12,24769690.0,Africa,178.94976284584982
Tanzania,TZA,2000,1839.9366,Africa,TZA,59.0,10.12,24769690.0,Africa,181.81191699604744
Tanzania,TZA,2001,1899.7454,Africa,TZA,59.0,10.12,24769690.0,Africa,187.72187747035574
Tanzania,TZA,2002,1982.6443,Africa,TZA,69.0,10.12,36121301.0,Africa,195.91346837944664
Tanzania,TZA,2003,2059.8374,Africa,TZA,69.0,10.12,36121301.0,Africa,203.54124505928854
Tanzania,TZA,2004,2155.2415,Africa,TZA,69.0,10.12,36121301.0,Africa,212.9685276679842
Tanzania,TZA,2005,2253.0933,Africa,TZA,69.0,10.12,36121301.0,Africa,222.63767786561266
Tanzania,TZA,2006,2334.1045,Africa,TZA,69.0,10.12,36121301.0,Africa,230.6427371541502
Tanzania,TZA,2007,2423.616,Africa,TZA,69.0,10.12,36121301.0,Africa,239.48774703557314
Tanzania,TZA,2008,2493.2593,Africa,TZA,69.0,10.12,36121301.0,Africa,246.36949604743086
Tanzania,TZA,2009,2560.811,Africa,TZA,69.0,10.12,36121301.0,Africa,253.04456521739135
Tanzania,TZA,2010,2654.8035,Africa,TZA,69.0,10.12,36121301.0,Africa,262.3323616600791
Tanzania,TZA,2011,2779.7078,Africa,TZA,69.0,10.12,36121301.0,Africa,274.67468379446643
Tanzania,TZA,2012,2822.4854,Africa,TZA,78.0,10.12,47374261.0,Africa,278.90171936758895
Tanzania,TZA,2013,2924.8633,Africa,TZA,78.0,10.12,47374261.0,Africa,289.01811264822135
Tanzania,TZA,2014,3027.569,Africa,TZA,78.0,10.12,47374261.0,Africa,299.1668972332016
Tanzania,TZA,2015,3111.4446,Africa,TZA,78.0,6.41,52020958.0,Africa,485.4047737909516
Tanzania,TZA,2016,3214.2468,Africa,TZA,78.0,6.41,52020958.0,Africa,501.4425585023401
Tanzania,TZA,2017,3318.2883,Africa,TZA,78.0,6.41,52020958.0,Africa,517.6736817472699
Tanzania,TZA,2018,3392.6887,Africa,TZA,78.0,6.41,52020958.0,Africa,529.280608424337
Tanzania,TZA,2019,3484.6326,Africa,TZA,78.0,6.41,52020958.0,Africa,543.624430577223
Tanzania,TZA,2020,3449.8215,Africa,TZA,78.0,6.87,60972803.0,Africa,502.15742358078603
Tanzania,TZA,2021,3493.083,Africa,TZA,78.0,6.87,60972803.0,Africa,508.45458515283843
Tanzania,TZA,2022,3546.981,Africa,TZA,78.0,6.87,60972803.0,Africa,516.3000000000001
Tanzania,TZA,2023,3620.7935,Africa,TZA,78.0,6.87,60972803.0,Africa,527.0441775836972
Thailand,THA,1990,8701.954,Asia,THA,88.0,5.21,54738329.0,Asia,1670.2406909788867
Thailand,THA,1991,9294.031,Asia,THA,88.0,5.21,54738329.0,Asia,1783.8831094049906
Thailand,THA,1992,9886.899,Asia,THA,88.0,5.21,54738329.0,Asia,1897.6773512476007
Thailand,THA,1993,10538.816,Asia,THA,88.0,5.21,54738329.0,Asia,2022.8053742802306
Thailand,THA,1994,11215.037,Asia,THA,88.0,5.21,54738329.0,Asia,2152.5982725527833
Thailand,THA,1995,11953.92,Asia,THA,88.0,5.79,59098231.0,Asia,2064.580310880829
Thailand,THA,1996,12456.329,Asia,THA,88.0,5.79,59098231.0,Asia,2151.352158894646
Thailand,THA,1997,11952.85,Asia,THA,88.0,5.79,59098231.0,Asia,2064.3955094991366
Thailand,THA,1998,10897.153,Asia,THA,88.0,5.79,59098231.0,Asia,1882.0644214162348
Thailand,THA,1999,11253.388,Asia,THA,88.0,5.79,59098231.0,Asia,1943.5903281519863
Thailand,THA,2000,11622.525,Asia,THA,93.0,6.09,63007815.0,Asia,1908.460591133005
Thailand,THA,2001,11901.318,Asia,THA,93.0,6.09,63007815.0,Asia,1954.239408866995
Thailand,THA,2002,12512.184,Asia,THA,93.0,6.09,63007815.0,Asia,2054.5458128078817
Thailand,THA,2003,13287.305,Asia,THA,93.0,6.09,63007815.0,Asia,2181.823481116585
Thailand,THA,2004,13997.001,Asia,THA,93.0,6.09,63007815.0,Asia,2298.358128078818
Thailand,THA,2005,14458.255,Asia,THA,94.0,7.46,66017415.0,Asia,1938.1038873994637
Thailand,THA,2006,15051.061,Asia,THA,94.0,7.46,66017415.0,Asia,2017.5684986595174
Thailand,THA,2007,15742.655,Asia,THA,94.0,7.46,66017415.0,Asia,2110.275469168901
Thailand,THA,2008,15891.782,Asia,THA,94.0,7.46,66017415.0,Asia,2130.2656836461124
Thailand,THA,2009,15665.903,Asia,THA,94.0,7.46,66017415.0,Asia,2099.986997319035
Thailand,THA,2010,16730.37,Asia,THA,96.0,8.47,68579443.0,Asia,1975.2502951593858
Thailand,THA,2011,16766.348,Asia,THA,96.0,8.47,68579443.0,Asia,1979.4979929161748
Thailand,THA,2012,17869.637,Asia,THA,96.0,8.47,68579443.0,Asia,2109.756434474616
Thailand,THA,2013,18242.426,Asia,THA,94.0,8.47,69845112.0,Asia,2153.7693034238487
Thailand,THA,2014,18324.615,Asia,THA,94.0,8.47,69845112.0,Asia,2163.472845336482
Thailand,THA,2015,18811.998,Asia,THA,93.0,8.71,70540787.0,Asia,2159.81607347876
Thailand,THA,2016,19370.61,Asia,THA,91.9814,8.71,70859835.0,Asia,2223.950631458094
Thailand,THA,2017,20094.678,Asia,THA,91.9814,8.71,70859835.0,Asia,2307.0812858783006
Thailand,THA,2018,20879.902,Asia,THA,94.0,8.71,71376081.0,Asia,2397.2332950631453
Thailand,THA,2019,21277.84,Asia,THA,91.26915,8.71,71522264.0,Asia,2442.920780711825
Thailand,THA,2020,19957.258,Asia,THA,91.26915,9.32,71641484.0,Asia,2141.33669527897
Thailand,THA,2021,20242.77,Asia,THA,91.26915,9.32,71641484.0,Asia,2171.9710300429183
Thailand,THA,2022,20762.795,Asia,THA,91.09987,9.32,71735321.0,Asia,2227.7677038626607
Thailand,THA,2023,21191.453,Asia,THA,91.09987,9.32,71735321.0,Asia,2273.761051502146
Togo,TGO,1990,2237.5999,Africa,TGO,7.5,4.3,3714023.0,Africa,520.3720697674419
Togo,TGO,1991,2158.8792,Africa,TGO,7.5,4.3,3714023.0,Africa,502.06493023255814
Togo,TGO,1992,2015.1356,Africa,TGO,7.5,4.3,3714023.0,Africa,468.6361860465117
Togo,TGO,1993,1721.5737,Africa,TGO,7.5,4.3,3714023.0,Africa,400.36597674418607
Togo,TGO,1994,1972.2474,Africa,TGO,7.5,4.3,3714023.0,Africa,458.66218604651164
Togo,TGO,1995,2036.3816,Africa,TGO,7.5,4.62,4110452.0,Africa,440.7752380952381
Togo,TGO,1996,2135.4558,Africa,TGO,7.5,4.62,4110452.0,Africa,462.2198701298702
Togo,TGO,1997,2366.4028,Africa,TGO,7.5,4.62,4110452.0,Africa,512.2083982683982
Togo,TGO,1998,2247.3489,Africa,TGO,7.5,4.62,4110452.0,Africa,486.43915584415583
Togo,TGO,1999,2238.935,Africa,TGO,7.5,4.62,4110452.0,Africa,484.6179653679653
Togo,TGO,2000,2160.9893,Africa,TGO,53.0,5.05,4783721.0,Africa,427.91867326732677
Togo,TGO,2001,2122.0806,Africa,TGO,53.0,5.05,4783721.0,Africa,420.2139801980198
Togo,TGO,2002,2147.9744,Africa,TGO,53.0,5.05,4783721.0,Africa,425.3414653465347
Togo,TGO,2003,2234.9773,Africa,TGO,53.0,5.05,4783721.0,Africa,442.56976237623763
Togo,TGO,2004,2157.0276,Africa,TGO,53.0,5.05,4783721.0,Africa,427.1341782178218
Togo,TGO,2005,2004.2585,Africa,TGO,53.0,5.44,5413151.0,Africa,368.42987132352937
Togo,TGO,2006,2000.5417,Africa,TGO,57.0,5.44,5569659.0,Africa,367.7466360294117
Togo,TGO,2007,1920.2693,Africa,TGO,57.0,5.44,5569659.0,Africa,352.9906801470588
Togo,TGO,2008,1941.1549,Africa,TGO,57.0,5.44,5569659.0,Africa,356.82994485294114
Togo,TGO,2009,1989.83,Africa,TGO,57.0,5.44,6130944.0,Africa,365.7775735294117
Togo,TGO,2010,2049.7805,Africa,TGO,57.0,6.09,6325791.0,Africa,336.58136288998355
Togo,TGO,2011,2111.4749,Africa,TGO,60.0,6.09,6500577.0,Africa,346.7118062397373
Togo,TGO,2012,2186.3096,Africa,TGO,60.0,6.09,6500577.0,Africa,358.999934318555
Togo,TGO,2013,2254.9883,Africa,TGO,60.0,6.09,6500577.0,Africa,370.2772249589491
Togo,TGO,2014,2322.404,Africa,TGO,60.0,6.09,6500577.0,Africa,381.3471264367816
Togo,TGO,2015,2388.426,Africa,TGO,64.0,6.85,7071500.0,Africa,348.6753284671533
Togo,TGO,2016,2427.3003,Africa,TGO,64.0,6.85,7071500.0,Africa,354.3504087591241
Togo,TGO,2017,2462.2773,Africa,TGO,64.0,6.85,7071500.0,Africa,359.45654014598546
Togo,TGO,2018,2517.3489,Africa,TGO,64.0,6.85,7071500.0,Africa,367.4961897810219
Togo,TGO,2019,2577.516,Africa,TGO,67.0,6.85,7619916.0,Africa,376.27970802919714
Togo,TGO,2020,2570.4832,Africa,TGO,67.0,7.68,7788058.0,Africa,334.6983333333334
Togo,TGO,2021,2638.811,Africa,TGO,67.0,7.68,7788058.0,Africa,343.5951822916667
Togo,TGO,2022,2739.6882,Africa,TGO,72.59589,7.68,8068616.0,Africa,356.730234375
Togo,TGO,2023,2842.2307,Africa,TGO,72.59589,7.68,8068616.0,Africa,370.0821223958334
Tonga,TON,1990,4487.8193,Oceania,TON,100.0,7.68,95343.0,Oceania,584.3514713541667
Tonga,TON,1991,4766.388,Oceania,TON,100.0,7.68,95343.0,Oceania,620.6234375
Tonga,TON,1992,4772.331,Oceania,TON,100.0,7.68,95343.0,Oceania,621.397265625
Tonga,TON,1993,4946.718,Oceania,TON,100.0,7.68,95343.0,Oceania,644.10390625
Tonga,TON,1994,5188.4395,Oceania,TON,100.0,7.68,95343.0,Oceania,675.5780598958335
Tonga,TON,1995,5508.3394,Oceania,TON,100.0,7.68,95343.0,Oceania,717.2316927083333
Tonga,TON,1996,5510.7085,Oceania,TON,99.0,7.68,100294.0,Oceania,717.5401692708333
Tonga,TON,1997,5455.9053,Oceania,TON,99.0,7.68,100294.0,Oceania,710.4043359375
Tonga,TON,1998,5541.683,Oceania,TON,99.0,7.68,100294.0,Oceania,721.5733072916667
Tonga,TON,1999,5632.7227,Oceania,TON,99.0,7.68,100294.0,Oceania,733.4274348958334
Tonga,TON,2000,5808.265,Oceania,TON,99.0,7.68,100294.0,Oceania,756.2845052083334
Tonga,TON,2001,5860.0806,Oceania,TON,99.0,7.68,100294.0,Oceania,763.0313281250001
Tonga,TON,2002,6085.1133,Oceania,TON,99.0,7.68,100294.0,Oceania,792.3324609375001
Tonga,TON,2003,6053.88,Oceania,TON,99.0,7.68,100294.0,Oceania,788.265625
Tonga,TON,2004,5900.4575,Oceania,TON,99.0,7.68,100294.0,Oceania,768.2887369791667
Tonga,TON,2005,5828.3706,Oceania,TON,99.0,7.68,100294.0,Oceania,758.9024218750001
Tonga,TON,2006,5670.914,Oceania,TON,99.0,7.68,106266.0,Oceania,738.4002604166667
Tonga,TON,2007,5506.652,Oceania,TON,99.0,7.68,106266.0,Oceania,717.0119791666667
Tonga,TON,2008,5758.5684,Oceania,TON,99.0,7.68,106266.0,Oceania,749.81359375
Tonga,TON,2009,5453.875,Oceania,TON,99.0,7.68,106266.0,Oceania,710.1399739583334
Tonga,TON,2010,5488.7505,Oceania,TON,99.0,7.68,106266.0,Oceania,714.6810546875
Tonga,TON,2011,5847.444,Oceania,TON,99.0,7.68,107584.0,Oceania,761.3859375000001
Tonga,TON,2012,5907.267,Oceania,TON,99.0,7.68,107584.0,Oceania,769.175390625
Tonga,TON,2013,5951.6943,Oceania,TON,99.0,7.68,107584.0,Oceania,774.9601953125
Tonga,TON,2014,6096.869,Oceania,TON,99.0,7.68,107584.0,Oceania,793.8631510416667
Tonga,TON,2015,6194.639,Oceania,TON,99.0,11.22,106110.0,Oceania,552.106862745098
Tonga,TON,2016,6639.1367,Oceania,TON,97.0,11.22,105536.0,Oceania,591.7234135472371
Tonga,TON,2017,6862.669,Oceania,TON,97.0,11.22,105536.0,Oceania,611.6460784313725
Tonga,TON,2018,6885.1025,Oceania,TON,97.0,11.22,105536.0,Oceania,613.6454991087344
Tonga,TON,2019,6858.839,Oceania,TON,91.05162,11.22,105688.0,Oceania,611.3047237076648
Tonga,TON,2020,6980.41,Oceania,TON,91.05162,11.42,105721.0,Oceania,611.2443082311734
Tonga,TON,2021,6929.177,Oceania,TON,91.05162,11.42,105721.0,Oceania,606.7580560420315
Tonga,TON,2022,6810.61,Oceania,TON,91.05162,11.42,105721.0,Oceania,596.3756567425569
Tonga,TON,2023,7030.419,Oceania,TON,91.05162,11.42,105721.0,Oceania,615.6233800350262
Trinidad And Tobago,TTO,1990,11869.528,North America,TTO,97.0,8.71,1252215.0,North America,1362.747187141217
Trinidad And Tobago,TTO,1991,12142.349,North America,TTO,97.0,8.71,1252215.0,North America,1394.0699196326061
Trinidad And Tobago,TTO,1992,13267.978,North America,TTO,97.0,8.71,1252215.0,North America,1523.3040183696899
Trinidad And Tobago,TTO,1993,13088.707,North America,TTO,97.0,8.71,1252215.0,North America,1502.7218140068885
Trinidad And Tobago,TTO,1994,13472.746,North America,TTO,97.0,8.71,1252215.0,North America,1546.8135476463833
Trinidad And Tobago,TTO,1995,13912.313,North America,TTO,97.0,9.22,1295167.0,North America,1508.9276572668111
Trinidad And Tobago,TTO,1996,14838.902,North America,TTO,97.0,9.22,1295167.0,North America,1609.4253796095443
Trinidad And Tobago,TTO,1997,15895.244,North America,TTO,97.0,9.22,1295167.0,North America,1723.9960954446854
Trinidad And Tobago,TTO,1998,17129.092,North America,TTO,97.0,9.22,1295167.0,North America,1857.8190889370933
Trinidad And Tobago,TTO,1999,18440.574,North America,TTO,97.0,9.22,1295167.0,North America,2000.0622559652927
Trinidad And Tobago,TTO,2000,19637.555,North America,TTO,97.0,9.72,1319781.0,North America,2020.3245884773662
Trinidad And Tobago,TTO,2001,20366.754,North America,TTO,97.0,9.72,1319781.0,North America,2095.345061728395
Trinidad And Tobago,TTO,2002,21876.854,North America,TTO,97.0,9.72,1319781.0,North America,2250.7051440329215
Trinidad And Tobago,TTO,2003,24910.822,North America,TTO,97.0,9.72,1319781.0,North America,2562.841769547325
Trinidad And Tobago,TTO,2004,26757.908,North America,TTO,97.0,9.72,1319781.0,North America,2752.8711934156377
Trinidad And Tobago,TTO,2005,29536.44,North America,TTO,97.0,10.27,1352040.0,North America,2875.9922103213244
Trinidad And Tobago,TTO,2006,33348.75,North America,TTO,97.0,10.27,1352040.0,North America,3247.200584225901
Trinidad And Tobago,TTO,2007,34793.645,North America,TTO,97.0,10.27,1352040.0,North America,3387.8914313534565
Trinidad And Tobago,TTO,2008,35825.332,North America,TTO,97.0,10.27,1352040.0,North America,3488.3478091528727
Trinidad And Tobago,TTO,2009,34212.27,North America,TTO,97.0,10.27,1352040.0,North America,3331.2823758519958
Trinidad And Tobago,TTO,2010,35145.125,North America,TTO,97.0,10.96,1386657.0,North America,3206.6719890510944
Trinidad And Tobago,TTO,2011,34769.76,North America,TTO,97.0,10.96,1386657.0,North America,3172.4233576642337
Trinidad And Tobago,TTO,2012,36903.69,North America,TTO,97.0,10.96,1386657.0,North America,3367.125
Trinidad And Tobago,TTO,2013,37994.07,North America,TTO,97.0,10.96,1386657.0,North America,3466.612226277372
Trinidad And Tobago,TTO,2014,39248.656,North America,TTO,97.0,10.96,1386657.0,North America,3581.0817518248173
Trinidad And Tobago,TTO,2015,38963.965,North America,TTO,97.0,11.0,1429190.0,North America,3542.178636363636
Trinidad And Tobago,TTO,2016,35914.99,North America,TTO,97.0,11.0,1429190.0,North America,3264.9990909090907
Trinidad And Tobago,TTO,2017,34095.99,North America,TTO,97.0,11.0,1429190.0,North America,3099.635454545454
Trinidad And Tobago,TTO,2018,33710.02,North America,TTO,97.0,11.0,1429190.0,North America,3064.5472727272722
Trinidad And Tobago,TTO,2019,33748.707,North America,TTO,97.0,11.0,1429190.0,North America,3068.064272727273
Trinidad And Tobago,TTO,2020,30720.887,North America,TTO,97.0,11.28,1481026.0,North America,2723.482890070922
Trinidad And Tobago,TTO,2021,30482.121,North America,TTO,97.0,11.28,1481026.0,North America,2702.3156914893616
Trinidad And Tobago,TTO,2022,30784.111,North America,TTO,97.0,11.28,1481026.0,North America,2729.0878546099293
Trinidad And Tobago,TTO,2023,31196.604,North America,TTO,97.0,11.28,1481026.0,North America,2765.6563829787233
Tunisia,TUN,1990,6742.5845,Africa,TUN,48.0,4.68,8324509.0,Africa,1440.723183760684
Tunisia,TUN,1991,6859.7344,Africa,TUN,48.0,4.68,8324509.0,Africa,1465.7552136752138
Tunisia,TUN,1992,7241.291,Africa,TUN,48.0,4.68,8324509.0,Africa,1547.284401709402
Tunisia,TUN,1993,7253.336,Africa,TUN,48.0,4.68,8324509.0,Africa,1549.85811965812
Tunisia,TUN,1994,7350.656,Africa,TUN,48.0,4.68,8324509.0,Africa,1570.6529914529915
Tunisia,TUN,1995,7406.239,Africa,TUN,48.0,5.48,9161263.0,Africa,1351.5034671532844
Tunisia,TUN,1996,7821.792,Africa,TUN,48.0,5.48,9161263.0,Africa,1427.334306569343
Tunisia,TUN,1997,8136.3374,Africa,TUN,48.0,5.48,9161263.0,Africa,1484.733102189781
Tunisia,TUN,1998,8417.985,Africa,TUN,48.0,5.48,9161263.0,Africa,1536.1286496350365
Tunisia,TUN,1999,8821.988,Africa,TUN,48.0,5.48,9161263.0,Africa,1609.851824817518
Tunisia,TUN,2000,9134.415,Africa,TUN,48.0,6.32,9764940.0,Africa,1445.318829113924
Tunisia,TUN,2001,9380.563,Africa,TUN,48.0,6.32,9764940.0,Africa,1484.2662974683544
Tunisia,TUN,2002,9407.557,Africa,TUN,48.0,6.32,9764940.0,Africa,1488.5375000000001
Tunisia,TUN,2003,9752.024,Africa,TUN,48.0,6.32,9764940.0,Africa,1543.0417721518986
Tunisia,TUN,2004,10263.806,Africa,TUN,74.0,6.32,10166170.0,Africa,1624.0199367088608
Tunisia,TUN,2005,10529.16,Africa,TUN,74.0,7.21,10255474.0,Africa,1460.3550624133147
Tunisia,TUN,2006,10983.922,Africa,TUN,74.0,7.21,10255474.0,Africa,1523.4288488210818
Tunisia,TUN,2007,11613.925,Africa,TUN,77.0,7.21,10441705.0,Africa,1610.8079056865463
Tunisia,TUN,2008,11990.196,Africa,TUN,78.0,7.21,10542637.0,Africa,1662.9952843273231
Tunisia,TUN,2009,12229.775,Africa,TUN,78.0,7.21,10542637.0,Africa,1696.2239944521498
Tunisia,TUN,2010,12458.271,Africa,TUN,79.0,8.0,10765984.0,Africa,1557.283875
Tunisia,TUN,2011,12068.714,Africa,TUN,80.0,8.0,10886041.0,Africa,1508.58925
Tunisia,TUN,2012,12436.3955,Africa,TUN,80.0,8.0,11009649.0,Africa,1554.5494375
Tunisia,TUN,2013,12587.995,Africa,TUN,80.0,8.0,11009649.0,Africa,1573.499375
Tunisia,TUN,2014,12824.003,Africa,TUN,79.0,8.0,11274295.0,Africa,1603.000375
Tunisia,TUN,2015,12802.792,Africa,TUN,79.0,8.63,11402270.0,Africa,1483.521668597914
Tunisia,TUN,2016,12803.88,Africa,TUN,79.0,8.63,11402270.0,Africa,1483.6477404403242
Tunisia,TUN,2017,12955.401,Africa,TUN,79.0,8.63,11402270.0,Africa,1501.2052143684818
Tunisia,TUN,2018,13163.195,Africa,TUN,79.47511,8.63,11765515.0,Africa,1525.2833140208572
Tunisia,TUN,2019,13243.902,Africa,TUN,81.0,8.63,11875084.0,Africa,1534.6352259559674
Tunisia,TUN,2020,11955.599,Africa,TUN,81.0,9.29,11974058.0,Africa,1286.9320775026913
Tunisia,TUN,2021,12444.326,Africa,TUN,83.68263,9.29,12048625.0,Africa,1339.5399354144242
Tunisia,TUN,2022,12712.224,Africa,TUN,83.68263,9.29,12048625.0,Africa,1368.3771797631864
Tunisia,TUN,2023,12650.962,Africa,TUN,86.24682,9.29,12200434.0,Africa,1361.7827771797633
Turkey,TUR,1990,12184.199,Asia,TUR,79.0,5.22,56015627.0,Asia,2334.1377394636015
Turkey,TUR,1991,12057.936,Asia,TUR,79.0,5.22,56015627.0,Asia,2309.9494252873565
Turkey,TUR,1992,12451.045,Asia,TUR,79.0,5.22,56015627.0,Asia,2385.257662835249
Turkey,TUR,1993,13174.467,Asia,TUR,79.0,5.22,56015627.0,Asia,2523.8442528735636
Turkey,TUR,1994,12343.004,Asia,TUR,79.0,5.22,56015627.0,Asia,2364.5601532567052
Turkey,TUR,1995,13099.258,Asia,TUR,79.0,5.88,61024501.0,Asia,2227.7649659863946
Turkey,TUR,1996,13826.92,Asia,TUR,79.0,5.88,61024501.0,Asia,2351.517006802721
Turkey,TUR,1997,14631.296,Asia,TUR,79.0,5.88,61024501.0,Asia,2488.3156462585034
Turkey,TUR,1998,14704.339,Asia,TUR,79.0,5.88,61024501.0,Asia,2500.737925170068
Turkey,TUR,1999,14066.189,Asia,TUR,79.0,5.88,61024501.0,Asia,2392.209013605442
Turkey,TUR,2000,14856.915,Asia,TUR,79.0,6.37,65425957.0,Asia,2332.3257456828887
Turkey,TUR,2001,13872.129,Asia,TUR,79.0,6.37,65425957.0,Asia,2177.728257456829
Turkey,TUR,2002,14587.895,Asia,TUR,79.0,6.37,65425957.0,Asia,2290.0934065934066
Turkey,TUR,2003,15255.718,Asia,TUR,79.0,6.37,65425957.0,Asia,2394.9321821036106
Turkey,TUR,2004,16583.883,Asia,TUR,87.0,6.37,68592621.0,Asia,2603.4353218210363
Turkey,TUR,2005,17902.596,Asia,TUR,88.0,6.86,69329557.0,Asia,2609.7078717201166
Turkey,TUR,2006,18972.01,Asia,TUR,88.0,6.86,70045351.0,Asia,2765.599125364431
Turkey,TUR,2007,19909.084,Asia,TUR,89.0,6.86,70750593.0,Asia,2902.198833819242
Turkey,TUR,2008,19839.584,Asia,TUR,89.0,6.86,70750593.0,Asia,2892.067638483965
Turkey,TUR,2009,18612.193,Asia,TUR,91.0,6.86,72464846.0,Asia,2713.1476676384837
Turkey,TUR,2010,19897.447,Asia,TUR,93.0,7.44,73346766.0,Asia,2674.3880376344086
Turkey,TUR,2011,21760.43,Asia,TUR,94.0,7.44,74215203.0,Asia,2924.7889784946237
Turkey,TUR,2012,22517.715,Asia,TUR,95.0,7.44,75197196.0,Asia,3026.574596774193
Turkey,TUR,2013,24117.312,Asia,TUR,95.0,7.44,76403032.0,Asia,3241.574193548387
Turkey,TUR,2014,24888.852,Asia,TUR,95.0,7.44,78036154.0,Asia,3345.2758064516124
Turkey,TUR,2015,25984.803,Asia,TUR,96.0,8.13,80014222.0,Asia,3196.162730627306
Turkey,TUR,2016,26489.645,Asia,TUR,96.0,8.13,81652087.0,Asia,3258.258917589176
Turkey,TUR,2017,28194.688,Asia,TUR,96.0,8.13,83083667.0,Asia,3467.981303813038
Turkey,TUR,2018,28780.303,Asia,TUR,96.0,8.13,83083667.0,Asia,3540.012669126691
Turkey,TUR,2019,28741.053,Asia,TUR,97.0,8.13,85357670.0,Asia,3535.184870848708
Turkey,TUR,2020,28976.719,Asia,TUR,97.0,8.49,86091691.0,Asia,3413.0411071849235
Turkey,TUR,2021,32105.547,Asia,TUR,97.0,8.49,86686254.0,Asia,3781.5720848056535
Turkey,TUR,2022,33520.812,Asia,TUR,97.0,8.49,86686254.0,Asia,3948.2699646643105
Turkey,TUR,2023,35069.17,Asia,TUR,97.0,8.49,86686254.0,Asia,4130.644287396937
Turkmenistan,TKM,1990,7925.498,Asia,TUR,97.0,8.49,86686254.0,Asia,933.5097762073026
Turkmenistan,TKM,1991,7373.584,Asia,TUR,97.0,8.49,86686254.0,Asia,868.5022379269728
Turkmenistan,TKM,1992,6128.9155,Asia,TUR,97.0,8.49,86686254.0,Asia,721.8981743227326
Turkmenistan,TKM,1993,6085.5254,Asia,TUR,97.0,8.49,86686254.0,Asia,716.7874440518257
Turkmenistan,TKM,1994,4929.734,Asia,TUR,97.0,8.49,86686254.0,Asia,580.6518256772674
Turkmenistan,TKM,1995,4493.4277,Asia,TKM,99.0,8.49,4191207.0,Asia,529.2612131919906
Turkmenistan,TKM,1996,4712.8335,Asia,TKM,99.0,8.49,4191207.0,Asia,555.1040636042402
Turkmenistan,TKM,1997,4105.369,Asia,TKM,99.0,8.49,4191207.0,Asia,483.5534746760895
Turkmenistan,TKM,1998,4323.302,Asia,TKM,99.0,8.49,4191207.0,Asia,509.22285041224967
Turkmenistan,TKM,1999,4945.0854,Asia,TKM,99.0,8.49,4191207.0,Asia,582.4599999999999
Turkmenistan,TKM,2000,5112.5293,Asia,TKM,99.0,8.49,4191207.0,Asia,602.1824852767962
Turkmenistan,TKM,2001,5228.803,Asia,TKM,99.0,8.49,4191207.0,Asia,615.8778563015312
Turkmenistan,TKM,2002,5138.871,Asia,TKM,99.0,8.49,4191207.0,Asia,605.2851590106008
Turkmenistan,TKM,2003,5203.8545,Asia,TKM,99.0,8.49,4191207.0,Asia,612.9392815076561
Turkmenistan,TKM,2004,5360.224,Asia,TKM,99.0,8.49,4191207.0,Asia,631.3573616018846
Turkmenistan,TKM,2005,5945.9526,Asia,TKM,99.0,8.49,4191207.0,Asia,700.3477738515901
Turkmenistan,TKM,2006,6476.828,Asia,TKM,99.0,8.49,4191207.0,Asia,762.8772673733805
Turkmenistan,TKM,2007,7060.1484,Asia,TKM,99.0,8.49,4191207.0,Asia,831.5840282685513
Turkmenistan,TKM,2008,7944.996,Asia,TKM,99.0,8.49,4191207.0,Asia,935.8063604240283
Turkmenistan,TKM,2009,8264.865,Asia,TKM,99.0,8.49,4191207.0,Asia,973.482332155477
Turkmenistan,TKM,2010,8842.333,Asia,TKM,99.0,8.49,4191207.0,Asia,1041.4997644287398
Turkmenistan,TKM,2011,9929.689,Asia,TKM,99.0,8.49,4191207.0,Asia,1169.5746760895172
Turkmenistan,TKM,2012,10794.233,Asia,TKM,99.0,8.49,4191207.0,Asia,1271.4055359246172
Turkmenistan,TKM,2013,11633.291,Asia,TKM,99.0,8.49,4191207.0,Asia,1370.2345111896348
Turkmenistan,TKM,2014,12544.398,Asia,TKM,99.0,8.49,4191207.0,Asia,1477.5498233215546
Turkmenistan,TKM,2015,13057.83,Asia,TKM,99.0,8.49,4191207.0,Asia,1538.0247349823321
Turkmenistan,TKM,2016,13552.848,Asia,TKM,99.0,8.49,4191207.0,Asia,1596.33074204947
Turkmenistan,TKM,2017,14107.667,Asia,TKM,99.0,8.49,4191207.0,Asia,1661.6804475853944
Turkmenistan,TKM,2018,14648.136,Asia,TKM,99.0,8.49,4191207.0,Asia,1725.339929328622
Turkmenistan,TKM,2019,15231.306,Asia,TKM,99.0,8.49,4191207.0,Asia,1794.0289752650176
Turkmenistan,TKM,2020,15791.178,Asia,TKM,99.0,8.49,4191207.0,Asia,1859.973851590106
Turkmenistan,TKM,2021,16434.14,Asia,TKM,99.0,8.49,4191207.0,Asia,1935.7055359246172
Turkmenistan,TKM,2022,17119.574,Asia,TKM,99.0,8.49,4191207.0,Asia,2016.4398115429917
Turkmenistan,TKM,2023,17866.404,Asia,TKM,99.0,8.49,4191207.0,Asia,2104.405653710247
Turks And Caicos Islands,TCA,2007,21878.82,North America,TKM,99.0,8.49,4191207.0,Asia,2577.010600706714
Turks And Caicos Islands,TCA,2008,22689.316,North America,TKM,99.0,8.49,4191207.0,Asia,2672.4753828032976
Turks And Caicos Islands,TCA,2009,17512.197,North America,TKM,99.0,8.49,4191207.0,Asia,2062.6851590106007
Turks And Caicos Islands,TCA,2010,17000.223,North America,TKM,99.0,8.49,4191207.0,Asia,2002.3819787985867
Turks And Caicos Islands,TCA,2011,17147.424,North America,TKM,99.0,8.49,4191207.0,Asia,2019.720141342756
Turks And Caicos Islands,TCA,2012,16024.691,North America,TKM,99.0,8.49,4191207.0,Asia,1887.478327444052
Turks And Caicos Islands,TCA,2013,15461.873,North America,TKM,99.0,8.49,4191207.0,Asia,1821.1864546525323
Turks And Caicos Islands,TCA,2014,16138.849,North America,TKM,99.0,8.49,4191207.0,Asia,1900.9244994110718
Turks And Caicos Islands,TCA,2015,17201.771,North America,TKM,99.0,8.49,4191207.0,Asia,2026.121436984688
Turks And Caicos Islands,TCA,2016,17625.72,North America,TKM,99.0,8.49,4191207.0,Asia,2076.0565371024736
Turks And Caicos Islands,TCA,2017,29540.354,North America,TKM,99.0,8.49,4191207.0,Asia,3479.429210836278
Turks And Caicos Islands,TCA,2018,30286.12,North America,TKM,99.0,8.49,4191207.0,Asia,3567.2697290930505
Turks And Caicos Islands,TCA,2019,30611.213,North America,TKM,99.0,8.49,4191207.0,Asia,3605.5610129564193
Turks And Caicos Islands,TCA,2020,19702.537,North America,TKM,99.0,8.49,4191207.0,Asia,2320.6757361601885
Turks And Caicos Islands,TCA,2021,25056.488,North America,TKM,99.0,8.49,4191207.0,Asia,2951.2942285041227
Turks And Caicos Islands,TCA,2022,28209.625,North America,TKM,99.0,8.49,4191207.0,Asia,3322.6884570082448
Turks And Caicos Islands,TCA,2023,31839.371,North America,TKM,99.0,8.49,4191207.0,Asia,3750.2203769140165
Tuvalu,TUV,1990,2984.2856,Oceania,TKM,99.0,8.49,4191207.0,Asia,351.50595995288575
Tuvalu,TUV,1991,3046.9717,Oceania,TKM,99.0,8.49,4191207.0,Asia,358.88948174322735
Tuvalu,TUV,1992,3093.827,Oceania,TKM,99.0,8.49,4191207.0,Asia,364.4083627797409
Tuvalu,TUV,1993,3189.949,Oceania,TKM,99.0,8.49,4191207.0,Asia,375.7301531213192
Tuvalu,TUV,1994,3487.0337,Oceania,TKM,99.0,8.49,4191207.0,Asia,410.7224617196702
Tuvalu,TUV,1995,3286.469,Oceania,TKM,99.0,8.49,4191207.0,Asia,387.09882214369844
Tuvalu,TUV,1996,3070.0393,Oceania,TKM,99.0,8.49,4191207.0,Asia,361.60651354534747
Tuvalu,TUV,1997,3356.3071,Oceania,TKM,99.0,8.49,4191207.0,Asia,395.32474676089515
Tuvalu,TUV,1998,3855.6548,Oceania,TKM,99.0,8.49,4191207.0,Asia,454.1407302709069
Tuvalu,TUV,1999,3777.3718,Oceania,TKM,99.0,8.49,4191207.0,Asia,444.9201177856301
Tuvalu,TUV,2000,3721.8994,Oceania,TKM,99.0,8.49,4191207.0,Asia,438.3862661955241
Tuvalu,TUV,2001,3705.5923,Oceania,TKM,99.0,8.49,4191207.0,Asia,436.4655241460541
Tuvalu,TUV,2002,4042.9011,Oceania,TKM,99.0,8.49,4191207.0,Asia,476.19565371024737
Tuvalu,TUV,2003,3838.4036,Oceania,TKM,99.0,8.49,4191207.0,Asia,452.1087868080094
Tuvalu,TUV,2004,3704.9272,Oceania,TKM,99.0,8.49,4191207.0,Asia,436.38718492343935
Tuvalu,TUV,2005,3488.5364,Oceania,TKM,99.0,8.49,4191207.0,Asia,410.8994581861013
Tuvalu,TUV,2006,3532.3994,Oceania,TKM,99.0,8.49,4191207.0,Asia,416.0658892815076
Tuvalu,TUV,2007,3737.8787,Oceania,TKM,99.0,8.49,4191207.0,Asia,440.26839811542993
Tuvalu,TUV,2008,3933.374,Oceania,TKM,99.0,8.49,4191207.0,Asia,463.2949352179034
Tuvalu,TUV,2009,3638.1875,Oceania,TKM,99.0,8.49,4191207.0,Asia,428.52620730270905
Tuvalu,TUV,2010,3506.0603,Oceania,TKM,99.0,8.49,4191207.0,Asia,412.9635217903416
Tuvalu,TUV,2011,3687.4392,Oceania,TKM,99.0,8.49,4191207.0,Asia,434.3273498233215
Tuvalu,TUV,2012,3558.1523,Oceania,TKM,99.0,8.49,4191207.0,Asia,419.09921083627796
Tuvalu,TUV,2013,3690.242,Oceania,TKM,99.0,8.49,4191207.0,Asia,434.65747938751474
Tuvalu,TUV,2014,3695.9534,Oceania,TKM,99.0,8.49,4191207.0,Asia,435.3302002355712
Tuvalu,TUV,2015,4088.7659,Oceania,TKM,99.0,8.49,4191207.0,Asia,481.5978680800942
Tuvalu,TUV,2016,4333.249,Oceania,TKM,99.0,8.49,4191207.0,Asia,510.39446407538276
Tuvalu,TUV,2017,4464.259,Oceania,TKM,99.0,8.49,4191207.0,Asia,525.8255594817432
Tuvalu,TUV,2018,4575.869,Oceania,TKM,99.0,8.49,4191207.0,Asia,538.9716136631331
Tuvalu,TUV,2019,5292.0303,Oceania,TKM,99.0,8.49,4191207.0,Asia,623.3251236749117
Tuvalu,TUV,2020,5154.4595,Oceania,TKM,99.0,8.49,4191207.0,Asia,607.1212603062426
Tuvalu,TUV,2021,5352.9785,Oceania,TKM,99.0,8.49,4191207.0,Asia,630.5039458186101
Tuvalu,TUV,2022,5498.1846,Oceania,TKM,99.0,8.49,4191207.0,Asia,647.6071378091872
Tuvalu,TUV,2023,5812.3994,Oceania,TKM,99.0,8.49,4191207.0,Asia,684.6171260306243
Uganda,UGA,1990,1080.0383,Africa,UGA,27.5,3.71,17569895.0,Africa,291.1154447439353
Uganda,UGA,1991,1103.229,Africa,UGA,56.0,3.71,18155901.0,Africa,297.36630727762804
Uganda,UGA,1992,1102.73,Africa,UGA,56.0,3.71,18155901.0,Africa,297.2318059299191
Uganda,UGA,1993,1153.9937,Africa,UGA,56.0,3.71,18155901.0,Africa,311.0495148247978
Uganda,UGA,1994,1187.3678,Africa,UGA,56.0,3.71,18155901.0,Africa,320.04522911051214
Uganda,UGA,1995,1288.5089,Africa,UGA,56.0,4.17,20665673.0,Africa,308.9949400479616
Uganda,UGA,1996,1367.9457,Africa,UGA,56.0,4.17,20665673.0,Africa,328.0445323741007
Uganda,UGA,1997,1396.6311,Africa,UGA,56.0,4.17,20665673.0,Africa,334.92352517985614
Uganda,UGA,1998,1422.2079,Africa,UGA,56.0,4.17,20665673.0,Africa,341.05705035971226
Uganda,UGA,1999,1487.7579,Africa,UGA,56.0,4.17,20665673.0,Africa,356.7764748201439
Uganda,UGA,2000,1487.005,Africa,UGA,56.0,4.56,24000158.0,Africa,326.0975877192983
Uganda,UGA,2001,1516.9642,Africa,UGA,56.0,4.56,24000158.0,Africa,332.66758771929824
Uganda,UGA,2002,1598.5829,Africa,UGA,68.0,4.56,25532872.0,Africa,350.5664254385965
Uganda,UGA,2003,1649.1483,Africa,UGA,68.0,4.56,25532872.0,Africa,361.65532894736845
Uganda,UGA,2004,1709.3616,Africa,UGA,68.0,4.56,25532872.0,Africa,374.86
Uganda,UGA,2005,1765.0378,Africa,UGA,68.0,5.11,27963287.0,Africa,345.4085714285714
Uganda,UGA,2006,1898.9791,Africa,UGA,71.0,5.11,28794005.0,Africa,371.6201761252446
Uganda,UGA,2007,1999.0625,Africa,UGA,71.0,5.11,28794005.0,Africa,391.20596868884536
Uganda,UGA,2008,2110.1006,Africa,UGA,71.0,5.11,28794005.0,Africa,412.93553816046966
Uganda,UGA,2009,2188.299,Africa,UGA,71.0,5.11,28794005.0,Africa,428.2385518590998
Uganda,UGA,2010,2244.606,Africa,UGA,73.0,5.87,32390801.0,Africa,382.38603066439526
Uganda,UGA,2011,2384.4653,Africa,UGA,73.0,5.87,32390801.0,Africa,406.2121465076661
Uganda,UGA,2012,2405.0945,Africa,UGA,70.0,5.87,34337436.0,Africa,409.7264906303237
Uganda,UGA,2013,2420.8882,Africa,UGA,70.0,5.87,34337436.0,Africa,412.417069846678
Uganda,UGA,2014,2470.504,Africa,UGA,70.0,5.87,34337436.0,Africa,420.86950596252126
Uganda,UGA,2015,2520.02,Africa,UGA,70.0,6.27,37531444.0,Africa,401.9170653907496
Uganda,UGA,2016,2554.2278,Africa,UGA,69.10132,6.27,38799153.0,Africa,407.37285486443386
Uganda,UGA,2017,2543.8477,Africa,UGA,69.10132,6.27,38799153.0,Africa,405.717336523126
Uganda,UGA,2018,2613.88,Africa,UGA,69.10132,6.27,38799153.0,Africa,416.8867623604466
Uganda,UGA,2019,2689.4102,Africa,UGA,69.10132,6.27,38799153.0,Africa,428.93304625199363
Uganda,UGA,2020,2678.009,Africa,UGA,69.10132,6.69,44457148.0,Africa,400.30029895366215
Uganda,UGA,2021,2684.9204,Africa,UGA,69.10132,6.69,44457148.0,Africa,401.33339312406576
Uganda,UGA,2022,2724.906,Africa,UGA,69.10132,6.69,44457148.0,Africa,407.31031390134524
Uganda,UGA,2023,2791.0557,Africa,UGA,69.10132,6.69,44457148.0,Africa,417.1981614349775
Ukraine,UKR,1990,22815.799,Europe,UGA,69.10132,6.69,44457148.0,Africa,3410.433333333333
Ukraine,UKR,1991,20784.16,Europe,UGA,69.10132,6.69,44457148.0,Africa,3106.7503736920776
Ukraine,UKR,1992,18671.873,Europe,UGA,69.10132,6.69,44457148.0,Africa,2791.0124065769805
Ukraine,UKR,1993,16012.372,Europe,UGA,69.10132,6.69,44457148.0,Africa,2393.4786248131536
Ukraine,UKR,1994,12410.525,Europe,UGA,69.10132,6.69,44457148.0,Africa,1855.0859491778772
Ukraine,UKR,1995,10983.009,Europe,UGA,69.10132,6.69,44457148.0,Africa,1641.705381165919
Ukraine,UKR,1996,9969.501,Europe,UGA,69.10132,6.69,44457148.0,Africa,1490.2094170403586
Ukraine,UKR,1997,9754.05,Europe,UGA,69.10132,6.69,44457148.0,Africa,1458.0044843049325
Ukraine,UKR,1998,9646.055,Europe,UGA,69.10132,6.69,44457148.0,Africa,1441.8617339312407
Ukraine,UKR,1999,9704.445,Europe,UGA,69.10132,6.69,44457148.0,Africa,1450.5896860986545
Ukraine,UKR,2000,10364.0625,Europe,UGA,69.10132,6.69,44457148.0,Africa,1549.1872197309417
Ukraine,UKR,2001,11379.386,Europe,UKR,99.0,6.69,49106854.0,Europe,1700.9545590433484
Ukraine,UKR,2002,12092.789,Europe,UKR,99.0,6.69,49106854.0,Europe,1807.5917787742899
Ukraine,UKR,2003,13342.88,Europe,UKR,99.0,6.69,49106854.0,Europe,1994.4514200298952
Ukraine,UKR,2004,15021.066,Europe,UKR,99.0,6.69,49106854.0,Europe,2245.3013452914797
Ukraine,UKR,2005,15610.573,Europe,UKR,99.0,6.69,49106854.0,Europe,2333.4189835575485
Ukraine,UKR,2006,16901.508,Europe,UKR,99.0,6.69,49106854.0,Europe,2526.3838565022425
Ukraine,UKR,2007,18374.014,Europe,UKR,99.0,6.69,49106854.0,Europe,2746.489387144992
Ukraine,UKR,2008,18883.986,Europe,UKR,99.0,6.69,49106854.0,Europe,2822.7183856502243
Ukraine,UKR,2009,16092.796,Europe,UKR,99.0,6.69,49106854.0,Europe,2405.500149476831
Ukraine,UKR,2010,16811.795,Europe,UKR,99.0,6.69,49106854.0,Europe,2512.9738415545585
Ukraine,UKR,2011,17783.957,Europe,UKR,99.0,6.69,49106854.0,Europe,2658.289536621823
Ukraine,UKR,2012,17848.74,Europe,UKR,99.0,6.69,49106854.0,Europe,2667.973094170404
Ukraine,UKR,2013,17889.092,Europe,UKR,99.0,6.69,49106854.0,Europe,2674.0047832585947
Ukraine,UKR,2014,16978.812,Europe,UKR,99.0,6.69,49106854.0,Europe,2537.939013452915
Ukraine,UKR,2015,15403.71,Europe,UKR,99.0,10.81,45784904.0,Europe,1424.9500462534688
Ukraine,UKR,2016,15856.8125,Europe,UKR,99.0,10.81,45784904.0,Europe,1466.8651711378352
Ukraine,UKR,2017,16310.36,Europe,UKR,99.0,10.81,45784904.0,Europe,1508.8214616096207
Ukraine,UKR,2018,16978.984,Europe,UKR,99.0,10.81,45784904.0,Europe,1570.6738205365402
Ukraine,UKR,2019,17636.555,Europe,UKR,99.0,10.81,45784904.0,Europe,1631.5037002775207
Ukraine,UKR,2020,17092.54,Europe,UKR,99.0,10.82,44680008.0,Europe,1579.7171903881701
Ukraine,UKR,2021,17846.408,Europe,UKR,99.0,10.82,44680008.0,Europe,1649.3907578558224
Ukraine,UKR,2022,13787.121,Europe,UKR,99.0,10.82,44680008.0,Europe,1274.2256007393714
Ukraine,UKR,2023,15916.958,Europe,UKR,99.0,10.82,44680008.0,Europe,1471.0682070240296
United Arab Emirates,ARE,1990,111377.05,Asia,ARE,71.0,10.82,1377918.0,Asia,10293.627541589649
United Arab Emirates,ARE,1991,106266.195,Asia,ARE,71.0,10.82,1377918.0,Asia,9821.27495378928
United Arab Emirates,ARE,1992,104206.76,Asia,ARE,71.0,10.82,1377918.0,Asia,9630.939001848428
United Arab Emirates,ARE,1993,100422.63,Asia,ARE,71.0,10.82,1377918.0,Asia,9281.204251386322
United Arab Emirates,ARE,1994,102456.1,Asia,ARE,71.0,10.82,1377918.0,Asia,9469.140480591497
United Arab Emirates,ARE,1995,104527.92,Asia,ARE,71.0,10.82,1377918.0,Asia,9660.621072088725
United Arab Emirates,ARE,1996,103653.48,Asia,ARE,71.0,10.82,1377918.0,Asia,9579.804066543438
United Arab Emirates,ARE,1997,103392.44,Asia,ARE,71.0,10.82,1377918.0,Asia,9555.678373382625
United Arab Emirates,ARE,1998,96088.49,Asia,ARE,71.0,10.82,1377918.0,Asia,8880.636783733826
United Arab Emirates,ARE,1999,92047.59,Asia,ARE,71.0,10.82,1377918.0,Asia,8507.170979667282
United Arab Emirates,ARE,2000,95390.7,Asia,ARE,71.0,10.82,1377918.0,Asia,8816.146025878003
United Arab Emirates,ARE,2001,90750.34,Asia,ARE,71.0,10.82,1377918.0,Asia,8387.277264325323
United Arab Emirates,ARE,2002,87479.24,Asia,ARE,71.0,10.82,1377918.0,Asia,8084.957486136784
United Arab Emirates,ARE,2003,89828.555,Asia,ARE,71.0,10.82,1377918.0,Asia,8302.084565619223
United Arab Emirates,ARE,2004,93166.15,Asia,ARE,71.0,10.82,1377918.0,Asia,8610.549907578557
United Arab Emirates,ARE,2005,92750.914,Asia,ARE,90.0,10.82,4664797.0,Asia,8572.173197781885
United Arab Emirates,ARE,2006,94872.54,Asia,ARE,90.0,10.82,4664797.0,Asia,8768.256931608132
United Arab Emirates,ARE,2007,87180.61,Asia,ARE,90.0,10.82,4664797.0,Asia,8057.357670979667
United Arab Emirates,ARE,2008,80285.19,Asia,ARE,90.0,10.82,4664797.0,Asia,7420.073012939002
United Arab Emirates,ARE,2009,71488.99,Asia,ARE,90.0,10.82,4664797.0,Asia,6607.1155268022185
United Arab Emirates,ARE,2010,70913.78,Asia,ARE,90.0,10.82,4664797.0,Asia,6553.953789279112
United Arab Emirates,ARE,2011,73190.4,Asia,ARE,90.0,10.82,4664797.0,Asia,6764.3622920517555
United Arab Emirates,ARE,2012,73644.055,Asia,ARE,90.0,10.82,4664797.0,Asia,6806.289741219962
United Arab Emirates,ARE,2013,74237.22,Asia,ARE,90.0,10.82,4664797.0,Asia,6861.110905730129
United Arab Emirates,ARE,2014,74145.11,Asia,ARE,90.0,10.82,4664797.0,Asia,6852.597966728281
United Arab Emirates,ARE,2015,75238.555,Asia,ARE,90.0,9.35,8674633.0,Asia,8046.904278074866
United Arab Emirates,ARE,2016,75671.055,Asia,ARE,90.0,9.35,8674633.0,Asia,8093.160962566844
United Arab Emirates,ARE,2017,72529.055,Asia,ARE,90.0,9.35,8674633.0,Asia,7757.118181818181
United Arab Emirates,ARE,2018,72671.06,Asia,ARE,90.0,9.35,8674633.0,Asia,7772.305882352941
United Arab Emirates,ARE,2019,72822.97,Asia,ARE,98.0,9.35,9377855.0,Asia,7788.552941176471
United Arab Emirates,ARE,2020,66808.65,Asia,ARE,98.0,9.57,9448529.0,Asia,6981.050156739811
United Arab Emirates,ARE,2021,68580.15,Asia,ARE,98.0,9.57,9789055.0,Asia,7166.15987460815
United Arab Emirates,ARE,2022,70075.63,Asia,ARE,98.0,9.57,10242085.0,Asia,7322.427377220481
United Arab Emirates,ARE,2023,70239.85,Asia,ARE,98.0,9.57,10642089.0,Asia,7339.587251828631
United Kingdom,GBR,1990,32993.168,Europe,GBR,98.5,9.28,57367867.0,Europe,3555.298275862069
United Kingdom,GBR,1991,32466.195,Europe,GBR,98.5,9.28,57367867.0,Europe,3498.5123922413795
United Kingdom,GBR,1992,32797.73,Europe,GBR,98.5,9.28,57367867.0,Europe,3534.2381465517246
United Kingdom,GBR,1993,33861.254,Europe,GBR,98.5,9.28,57367867.0,Europe,3648.8420258620695
United Kingdom,GBR,1994,35448.18,Europe,GBR,98.5,9.28,57367867.0,Europe,3819.846982758621
United Kingdom,GBR,1995,36603.74,Europe,GBR,98.5,9.67,58154632.0,Europe,3785.2885211995863
United Kingdom,GBR,1996,37465.38,Europe,GBR,98.5,9.67,58154632.0,Europe,3874.3929679420885
United Kingdom,GBR,1997,39192.61,Europe,GBR,98.5,9.67,58154632.0,Europe,4053.010341261634
United Kingdom,GBR,1998,40347.18,Europe,GBR,98.5,9.67,58154632.0,Europe,4172.407445708376
United Kingdom,GBR,1999,41396.938,Europe,GBR,98.5,9.67,58154632.0,Europe,4280.965667011375
United Kingdom,GBR,2000,43115.562,Europe,GBR,98.5,9.97,59057333.0,Europe,4324.529789368104
United Kingdom,GBR,2001,43976.84,Europe,GBR,98.5,9.97,59057333.0,Europe,4410.916750250752
United Kingdom,GBR,2002,44539.465,Europe,GBR,98.5,9.97,59057333.0,Europe,4467.34854563691
United Kingdom,GBR,2003,45759.402,Europe,GBR,98.5,9.97,59057333.0,Europe,4589.709327983952
United Kingdom,GBR,2004,46558.13,Europe,GBR,98.5,9.97,59057333.0,Europe,4669.822467402206
United Kingdom,GBR,2005,47529.938,Europe,GBR,98.5,11.57,60596107.0,Europe,4108.032670700087
United Kingdom,GBR,2006,48215.047,Europe,GBR,98.5,11.57,60596107.0,Europe,4167.246931719965
United Kingdom,GBR,2007,49243.25,Europe,GBR,98.5,11.57,60596107.0,Europe,4256.114952463267
United Kingdom,GBR,2008,48833.07,Europe,GBR,98.5,11.57,60596107.0,Europe,4220.662921348315
United Kingdom,GBR,2009,46241.805,Europe,GBR,98.5,11.57,60596107.0,Europe,3996.6987899740707
United Kingdom,GBR,2010,46917.89,Europe,GBR,98.5,12.46,63006482.0,Europe,3765.4807383627603
United Kingdom,GBR,2011,46949.02,Europe,GBR,98.5,12.46,63006482.0,Europe,3767.979133226324
United Kingdom,GBR,2012,47328.21,Europe,GBR,98.5,12.46,63006482.0,Europe,3798.411717495987
United Kingdom,GBR,2013,47820.28,Europe,GBR,98.5,12.46,63006482.0,Europe,3837.903691813804
United Kingdom,GBR,2014,48964.285,Europe,GBR,98.5,12.46,63006482.0,Europe,3929.717897271268
United Kingdom,GBR,2015,49652.72,Europe,GBR,98.5,12.67,65382107.0,Europe,3918.9202841357537
United Kingdom,GBR,2016,50346.86,Europe,GBR,98.5,12.67,65382107.0,Europe,3973.7063930544596
United Kingdom,GBR,2017,51586.676,Europe,GBR,98.5,12.67,65382107.0,Europe,4071.5608524072613
United Kingdom,GBR,2018,52131.695,Europe,GBR,98.5,12.67,65382107.0,Europe,4114.577348066298
United Kingdom,GBR,2019,52515.684,Europe,GBR,98.5,12.67,65382107.0,Europe,4144.884293606946
United Kingdom,GBR,2020,47158.984,Europe,GBR,98.5,12.9,67351860.0,Europe,3655.7351937984495
United Kingdom,GBR,2021,51004.426,Europe,GBR,98.5,12.9,67351860.0,Europe,3953.8314728682167
United Kingdom,GBR,2022,53139.152,Europe,GBR,98.5,12.9,67351860.0,Europe,4119.314108527132
United Kingdom,GBR,2023,52592.684,Europe,GBR,98.5,12.9,67351860.0,Europe,4076.9522480620153
United States,USA,1990,44378.523,North America,USA,96.5,12.55,253373387.0,North America,3536.1372908366534
United States,USA,1991,43742.027,North America,USA,96.5,12.55,253373387.0,North America,3485.4204780876494
United States,USA,1992,44659.152,North America,USA,96.5,12.55,253373387.0,North America,3558.4981673306775
United States,USA,1993,45286.934,North America,USA,96.5,12.55,253373387.0,North America,3608.520637450199
United States,USA,1994,46537.355,North America,USA,96.5,12.55,253373387.0,North America,3708.1557768924304
United States,USA,1995,47220.957,North America,USA,96.5,12.83,268205796.0,North America,3680.511067809821
United States,USA,1996,48435.7,North America,USA,96.5,12.83,268205796.0,North America,3775.1909586905686
United States,USA,1997,49984.27,North America,USA,96.5,12.83,268205796.0,North America,3895.8901013250193
United States,USA,1998,51619.87,North America,USA,96.5,12.83,268205796.0,North America,4023.3725643024163
United States,USA,1999,53474.047,North America,USA,96.5,12.83,268205796.0,North America,4167.891426344505
United States,USA,2000,55038.62,North America,USA,96.5,13.1,281484126.0,North America,4201.421374045802
United States,USA,2001,55017.305,North America,USA,96.5,13.1,281484126.0,North America,4199.79427480916
United States,USA,2002,55436.117,North America,USA,96.5,13.1,281484126.0,North America,4231.76465648855
United States,USA,2003,56498.207,North America,USA,96.5,13.1,281484126.0,North America,4312.840229007634
United States,USA,2004,58131.633,North America,USA,96.5,13.1,281484126.0,North America,4437.529236641221
United States,USA,2005,59604.754,North America,USA,96.5,13.01,295716666.0,North America,4581.456879323598
United States,USA,2006,60676.566,North America,USA,96.5,13.01,295716666.0,North America,4663.840584166026
United States,USA,2007,61306.598,North America,USA,96.5,13.01,295716666.0,North America,4712.267332820907
United States,USA,2008,60798.434,North America,USA,96.5,13.01,295716666.0,North America,4673.207840122983
United States,USA,2009,58714.973,North America,USA,96.5,13.01,295716666.0,North America,4513.06479631053
United States,USA,2010,59789.414,North America,USA,96.5,13.24,311062785.0,North America,4515.816767371601
United States,USA,2011,60245.484,North America,USA,96.5,13.24,311062785.0,North America,4550.263141993957
United States,USA,2012,61134.53,North America,USA,96.5,13.24,311062785.0,North America,4617.411631419939
United States,USA,2013,61958.723,North America,USA,96.5,13.24,311062785.0,North America,4679.661858006042
United States,USA,2014,63018.805,North America,USA,96.5,13.24,311062785.0,North America,4759.728474320242
United States,USA,2015,64359.473,North America,USA,96.5,13.29,326126496.0,North America,4842.699247554552
United States,USA,2016,65017.656,North America,USA,96.5,13.29,326126496.0,North America,4892.223927765238
United States,USA,2017,66155.555,North America,USA,96.5,13.29,326126496.0,North America,4977.844620015048
United States,USA,2018,67719.766,North America,USA,96.5,13.29,326126496.0,North America,5095.542964635065
United States,USA,2019,69112.6,North America,USA,96.5,13.29,326126496.0,North America,5200.3461249059455
United States,USA,2020,67342.07,North America,USA,96.5,13.32,339436156.0,North America,5055.7109609609615
United States,USA,2021,71307.4,North America,USA,96.5,13.32,339436156.0,North America,5353.408408408408
United States,USA,2022,72679.26,North America,USA,96.5,13.32,339436156.0,North America,5456.4009009009005
United States,USA,2023,74158.72,North America,USA,96.5,13.32,339436156.0,North America,5567.471471471472
United States Virgin Islands,VIR,2002,54299.23,North America,VIR,87.5,13.32,27104.0,North America,4076.518768768769
United States Virgin Islands,VIR,2003,54086.156,North America,VIR,87.5,13.32,27104.0,North America,4060.5222222222224
United States Virgin Islands,VIR,2004,55883.453,North America,VIR,87.5,13.32,27104.0,North America,4195.454429429429
United States Virgin Islands,VIR,2005,57838.098,North America,VIR,87.5,13.32,27104.0,North America,4342.199549549549
United States Virgin Islands,VIR,2006,59911.723,North America,VIR,87.5,13.32,27104.0,North America,4497.877102102102
United States Virgin Islands,VIR,2007,62332.945,North America,VIR,87.5,13.32,27104.0,North America,4679.650525525525
United States Virgin Islands,VIR,2008,63057.625,North America,VIR,87.5,13.32,27104.0,North America,4734.055930930931
United States Virgin Islands,VIR,2009,58895.305,North America,VIR,87.5,13.32,27104.0,North America,4421.569444444444
United States Virgin Islands,VIR,2010,59272.246,North America,VIR,87.5,13.32,27104.0,North America,4449.868318318318
United States Virgin Islands,VIR,2011,54443.07,North America,VIR,87.5,13.32,27104.0,North America,4087.3175675675675
United States Virgin Islands,VIR,2012,46422.414,North America,VIR,87.5,13.32,27104.0,North America,3485.166216216216
United States Virgin Islands,VIR,2013,43563.887,North America,VIR,87.5,13.32,27104.0,North America,3270.562087087087
United States Virgin Islands,VIR,2014,42853.9,North America,VIR,87.5,13.32,27104.0,North America,3217.2597597597596
United States Virgin Islands,VIR,2015,42739.082,North America,VIR,87.5,13.32,27104.0,North America,3208.63978978979
United States Virgin Islands,VIR,2016,43502.434,North America,VIR,87.5,13.32,27104.0,North America,3265.9484984984983
United States Virgin Islands,VIR,2017,43277.156,North America,VIR,87.5,13.32,27104.0,North America,3249.0357357357357
United States Virgin Islands,VIR,2018,44205.406,North America,VIR,87.5,13.32,27104.0,North America,3318.724174174174
United States Virgin Islands,VIR,2019,45632.637,North America,VIR,87.5,13.32,27104.0,North America,3425.8736486486487
United States Virgin Islands,VIR,2020,45055.78,North America,VIR,87.5,13.32,27104.0,North America,3382.566066066066
United States Virgin Islands,VIR,2021,46893.55,North America,VIR,87.5,13.32,27104.0,North America,3520.5367867867867
United States Virgin Islands,VIR,2022,46479.3,North America,VIR,87.5,13.32,27104.0,North America,3489.436936936937
Upper-Middle-Income Countries,OWID_UMC,1990,5959.997,North America,OWID_UMC,81.04114,13.32,2133212546.0,North America,447.44722222222225
Upper-Middle-Income Countries,OWID_UMC,1991,5984.3267,North America,OWID_UMC,81.58651,13.32,2167382314.0,North America,449.27377627627624
Upper-Middle-Income Countries,OWID_UMC,1992,6093.581,North America,OWID_UMC,82.15758,13.32,2197406055.0,North America,457.47605105105106
Upper-Middle-Income Countries,OWID_UMC,1993,6281.1333,North America,OWID_UMC,82.6979,13.32,2225369861.0,North America,471.55655405405406
Upper-Middle-Income Countries,OWID_UMC,1994,6434.979,North America,OWID_UMC,83.23142,13.32,2251652283.0,North America,483.1065315315315
Upper-Middle-Income Countries,OWID_UMC,1995,6596.9785,North America,OWID_UMC,83.80124,13.32,2277401663.0,North America,495.26865615615617
Upper-Middle-Income Countries,OWID_UMC,1996,6887.3223,North America,OWID_UMC,84.31269,13.32,2302891501.0,North America,517.0662387387387
Upper-Middle-Income Countries,OWID_UMC,1997,7184.325,North America,OWID_UMC,88.7168,13.32,2327613637.0,North America,539.3637387387387
Upper-Middle-Income Countries,OWID_UMC,1998,7250.5654,North America,OWID_UMC,89.1177,13.32,2351662004.0,North America,544.3367417417418
Upper-Middle-Income Countries,OWID_UMC,1999,7382.556,North America,OWID_UMC,89.47645,13.32,2375149846.0,North America,554.2459459459459
Upper-Middle-Income Countries,OWID_UMC,2000,7738.539,North America,OWID_UMC,89.87667,13.32,2398658002.0,North America,580.9713963963964
Upper-Middle-Income Countries,OWID_UMC,2001,7918.8364,North America,OWID_UMC,90.19642,13.32,2421698836.0,North America,594.5072372372373
Upper-Middle-Income Countries,OWID_UMC,2002,8217.251,North America,OWID_UMC,90.54139,13.32,2443169936.0,North America,616.9107357357358
Upper-Middle-Income Countries,OWID_UMC,2003,8605.562,North America,OWID_UMC,90.98183,13.32,2464250116.0,North America,646.0632132132132
Upper-Middle-Income Countries,OWID_UMC,2004,9197.692,North America,OWID_UMC,91.3237,13.32,2485797097.0,North America,690.5174174174174
Upper-Middle-Income Countries,OWID_UMC,2005,9763.25,North America,OWID_UMC,91.58416,13.32,2507751547.0,North America,732.9767267267267
Upper-Middle-Income Countries,OWID_UMC,2006,10470.8545,North America,OWID_UMC,91.86817,13.32,2529346002.0,North America,786.1001876876876
Upper-Middle-Income Countries,OWID_UMC,2007,11315.484,North America,OWID_UMC,92.87729,13.32,2550034553.0,North America,849.5108108108108
Upper-Middle-Income Countries,OWID_UMC,2008,11880.056,North America,OWID_UMC,93.30886,13.32,2571616096.0,North America,891.8960960960961
Upper-Middle-Income Countries,OWID_UMC,2009,12087.708,North America,OWID_UMC,93.40503,13.32,2594532094.0,North America,907.4855855855856
Upper-Middle-Income Countries,OWID_UMC,2010,12967.51,North America,OWID_UMC,93.60919,13.32,2617657240.0,North America,973.5367867867868
Upper-Middle-Income Countries,OWID_UMC,2011,13710.941,North America,OWID_UMC,93.75011,13.32,2640400163.0,North America,1029.349924924925
Upper-Middle-Income Countries,OWID_UMC,2012,14318.651,North America,OWID_UMC,93.99739,13.32,2664517398.0,North America,1074.9737987987987
Upper-Middle-Income Countries,OWID_UMC,2013,14943.774,North America,OWID_UMC,94.06516,13.32,2689585465.0,North America,1121.904954954955
Upper-Middle-Income Countries,OWID_UMC,2014,15484.943,North America,OWID_UMC,94.41684,13.32,2713983279.0,North America,1162.5332582582582
Upper-Middle-Income Countries,OWID_UMC,2015,15974.421,North America,OWID_UMC,94.53935,13.32,2737646890.0,North America,1199.2808558558559
Upper-Middle-Income Countries,OWID_UMC,2016,16542.852,North America,OWID_UMC,94.76116,13.32,2759890904.0,North America,1241.9558558558558
Upper-Middle-Income Countries,OWID_UMC,2017,17244.504,North America,OWID_UMC,94.77168,13.32,2781778743.0,North America,1294.6324324324326
Upper-Middle-Income Countries,OWID_UMC,2018,17907.459,North America,OWID_UMC,94.92602,13.32,2801804568.0,North America,1344.4038288288286
Upper-Middle-Income Countries,OWID_UMC,2019,18493.598,North America,OWID_UMC,95.21391,13.32,2818594893.0,North America,1388.4082582582585
Upper-Middle-Income Countries,OWID_UMC,2020,18242.543,North America,OWID_UMC,95.32048,13.32,2832101028.0,North America,1369.5602852852853
Upper-Middle-Income Countries,OWID_UMC,2021,19507.21,North America,OWID_UMC,95.35308,13.32,2841892610.0,North America,1464.5052552552552
Upper-Middle-Income Countries,OWID_UMC,2022,20094.838,North America,OWID_UMC,95.49537,13.32,2847730001.0,North America,1508.6214714714715
Upper-Middle-Income Countries,OWID_UMC,2023,20950.184,North America,OWID_UMC,95.61952,13.32,2852870890.0,North America,1572.8366366366367
Uruguay,URY,1990,14060.846,South America,URY,95.0,7.71,3104404.0,South America,1823.7154345006484
Uruguay,URY,1991,14474.732,South America,URY,95.0,7.71,3104404.0,South America,1877.3971465629054
Uruguay,URY,1992,15536.487,South America,URY,95.0,7.71,3104404.0,South America,2015.108560311284
Uruguay,URY,1993,15865.277,South America,URY,95.0,7.71,3104404.0,South America,2057.75317769131
Uruguay,URY,1994,16932.03,South America,URY,95.0,7.71,3104404.0,South America,2196.1128404669257
Uruguay,URY,1995,16600.04,South America,URY,95.0,8.08,3189438.0,South America,2054.460396039604
Uruguay,URY,1996,17433.693,South America,URY,97.0,8.08,3206329.0,South America,2157.6352722772276
Uruguay,URY,1997,18823.941,South America,URY,97.0,8.08,3206329.0,South America,2329.6956683168314
Uruguay,URY,1998,19577.79,South America,URY,97.0,8.08,3206329.0,South America,2422.9938118811883
Uruguay,URY,1999,19192.717,South America,URY,97.0,8.08,3206329.0,South America,2375.3362623762378
Uruguay,URY,2000,18752.059,South America,URY,97.0,8.36,3266212.0,South America,2243.069258373206
Uruguay,URY,2001,17986.9,South America,URY,97.0,8.36,3266212.0,South America,2151.543062200957
Uruguay,URY,2002,16572.79,South America,URY,97.0,8.36,3266212.0,South America,1982.3911483253592
Uruguay,URY,2003,16694.44,South America,URY,97.0,8.36,3266212.0,South America,1996.9425837320573
Uruguay,URY,2004,17519.379,South America,URY,97.0,8.36,3266212.0,South America,2095.619497607656
Uruguay,URY,2005,18811.32,South America,URY,97.0,8.5,3285776.0,South America,2213.096470588235
Uruguay,URY,2006,19560.082,South America,URY,98.0,8.5,3289508.0,South America,2301.186117647059
Uruguay,URY,2007,20803.893,South America,URY,98.0,8.5,3295155.0,South America,2447.516823529412
Uruguay,URY,2008,22249.383,South America,URY,98.0,8.5,3302184.0,South America,2617.5744705882353
Uruguay,URY,2009,23138.082,South America,URY,98.0,8.5,3310093.0,South America,2722.1272941176467
Uruguay,URY,2010,24879.836,South America,URY,98.0,8.61,3318581.0,South America,2889.6441347270616
Uruguay,URY,2011,26099.322,South America,URY,98.0,8.61,3326829.0,South America,3031.2801393728223
Uruguay,URY,2012,26953.281,South America,URY,98.0,8.61,3335406.0,South America,3130.462369337979
Uruguay,URY,2013,28119.482,South America,URY,98.0,8.61,3345335.0,South America,3265.9096399535424
Uruguay,URY,2014,28935.098,South America,URY,98.0,8.61,3356343.0,South America,3360.63855981417
Uruguay,URY,2015,28941.629,South America,URY,99.0,8.65,3368022.0,South America,3345.853063583815
Uruguay,URY,2016,29332.566,South America,URY,99.0,8.65,3379279.0,South America,3391.0480924855488
Uruguay,URY,2017,29762.434,South America,URY,99.0,8.65,3388444.0,South America,3440.7438150289017
Uruguay,URY,2018,29757.94,South America,URY,99.0,8.65,3394538.0,South America,3440.224277456647
Uruguay,URY,2019,30010.574,South America,URY,99.0,8.65,3397206.0,South America,3469.430520231214
Uruguay,URY,2020,27788.186,South America,URY,99.0,8.76,3398966.0,South America,3172.167351598174
Uruguay,URY,2021,29431.885,South America,URY,99.0,8.76,3398966.0,South America,3359.8042237442924
Uruguay,URY,2022,30804.703,South America,URY,99.0,8.76,3390913.0,South America,3516.5186073059363
Uruguay,URY,2023,31059.254,South America,URY,99.0,8.76,3390913.0,South America,3545.5769406392697
Uzbekistan,UZB,1990,4214.584,Asia,URY,99.0,8.76,3390913.0,South America,481.11689497716895
Uzbekistan,UZB,1991,4094.2273,Asia,URY,99.0,8.76,3390913.0,South America,467.3775456621005
Uzbekistan,UZB,1992,3547.3115,Asia,URY,99.0,8.76,3390913.0,South America,404.9442351598173
Uzbekistan,UZB,1993,3386.4622,Asia,URY,99.0,8.76,3390913.0,South America,386.5824429223744
Uzbekistan,UZB,1994,3142.4329,Asia,URY,99.0,8.76,3390913.0,South America,358.72521689497717
Uzbekistan,UZB,1995,3052.4187,Asia,URY,99.0,8.76,3390913.0,South America,348.4496232876713
Uzbekistan,UZB,1996,3046.5637,Asia,URY,99.0,8.76,3390913.0,South America,347.7812442922375
Uzbekistan,UZB,1997,3150.0852,Asia,URY,99.0,8.76,3390913.0,South America,359.5987671232877
Uzbekistan,UZB,1998,3234.3574,Asia,URY,99.0,8.76,3390913.0,South America,369.2188812785388
Uzbekistan,UZB,1999,3326.4253,Asia,URY,99.0,8.76,3390913.0,South America,379.72891552511413
Uzbekistan,UZB,2000,3410.6504,Asia,UZB,99.0,8.76,24787052.0,Asia,389.34365296803657
Uzbekistan,UZB,2001,3509.7285,Asia,UZB,99.0,8.76,24787052.0,Asia,400.6539383561644
Uzbekistan,UZB,2002,3604.6934,Asia,UZB,99.0,8.76,24787052.0,Asia,411.4946803652968
Uzbekistan,UZB,2003,3711.7786,Asia,UZB,99.0,8.76,24787052.0,Asia,423.7190182648402
Uzbekistan,UZB,2004,3939.5305,Asia,UZB,99.0,8.76,24787052.0,Asia,449.71809360730595
Uzbekistan,UZB,2005,4160.955,Asia,UZB,99.0,8.76,24787052.0,Asia,474.99486301369865
Uzbekistan,UZB,2006,4413.7227,Asia,UZB,99.0,8.76,24787052.0,Asia,503.84962328767125
Uzbekistan,UZB,2007,4764.564,Asia,UZB,99.0,8.76,24787052.0,Asia,543.9000000000001
Uzbekistan,UZB,2008,5115.644,Asia,UZB,99.0,8.76,24787052.0,Asia,583.9776255707762
Uzbekistan,UZB,2009,5439.551,Asia,UZB,99.0,8.76,24787052.0,Asia,620.9533105022832
Uzbekistan,UZB,2010,5760.805,Asia,UZB,99.0,8.76,24787052.0,Asia,657.6261415525115
Uzbekistan,UZB,2011,6100.251,Asia,UZB,99.0,8.76,24787052.0,Asia,696.3756849315068
Uzbekistan,UZB,2012,6435.5645,Asia,UZB,99.0,8.76,24787052.0,Asia,734.6534817351599
Uzbekistan,UZB,2013,6797.775,Asia,UZB,100.0,8.76,29724065.0,Asia,776.0017123287671
Uzbekistan,UZB,2014,7145.11,Asia,UZB,100.0,8.76,30222994.0,Asia,815.6518264840182
Uzbekistan,UZB,2015,7529.7637,Asia,UZB,100.0,8.76,30749349.0,Asia,859.5620662100457
Uzbekistan,UZB,2016,7839.978,Asia,UZB,100.0,8.76,31284565.0,Asia,894.9746575342466
Uzbekistan,UZB,2017,8047.0537,Asia,UZB,100.0,8.76,31284565.0,Asia,918.6134360730595
Uzbekistan,UZB,2018,8348.961,Asia,UZB,100.0,8.76,32373489.0,Asia,953.0777397260273
Uzbekistan,UZB,2019,8755.126,Asia,UZB,100.0,8.76,32964700.0,Asia,999.4436073059361
Uzbekistan,UZB,2020,8727.411,Asia,UZB,100.0,8.76,32964700.0,Asia,996.279794520548
Uzbekistan,UZB,2021,9247.644,Asia,UZB,100.0,8.76,34243696.0,Asia,1055.6671232876713
Uzbekistan,UZB,2022,9607.562,Asia,UZB,100.0,8.76,34938953.0,Asia,1096.7536529680365
Uzbekistan,UZB,2023,10007.686,Asia,UZB,100.0,8.76,34938953.0,Asia,1142.429908675799
Vanuatu,VUT,1990,3101.6807,Oceania,VUT,53.0,8.76,113061.0,Oceania,354.0731392694064
Vanuatu,VUT,1991,3120.6938,Oceania,VUT,53.0,8.76,113061.0,Oceania,356.24358447488584
Vanuatu,VUT,1992,3122.8894,Oceania,VUT,53.0,8.76,113061.0,Oceania,356.49422374429224
Vanuatu,VUT,1993,3069.806,Oceania,VUT,53.0,8.76,113061.0,Oceania,350.43447488584474
Vanuatu,VUT,1994,3269.6284,Oceania,VUT,53.0,8.76,113061.0,Oceania,373.2452511415525
Vanuatu,VUT,1995,3226.915,Oceania,VUT,53.0,8.76,113061.0,Oceania,368.36929223744295
Vanuatu,VUT,1996,3229.1023,Oceania,VUT,53.0,8.76,113061.0,Oceania,368.6189840182648
Vanuatu,VUT,1997,3315.4814,Oceania,VUT,53.0,8.76,113061.0,Oceania,378.47961187214617
Vanuatu,VUT,1998,3285.1384,Oceania,VUT,53.0,8.76,113061.0,Oceania,375.01579908675797
Vanuatu,VUT,1999,3228.5918,Oceania,VUT,74.0,8.76,182056.0,Oceania,368.5607077625571
Vanuatu,VUT,2000,3342.1672,Oceania,VUT,74.0,8.76,182056.0,Oceania,381.52593607305937
Vanuatu,VUT,2001,3148.3347,Oceania,VUT,74.0,8.76,182056.0,Oceania,359.39893835616436
Vanuatu,VUT,2002,2911.0413,Oceania,VUT,74.0,8.76,182056.0,Oceania,332.3106506849315
Vanuatu,VUT,2003,2962.031,Oceania,VUT,74.0,8.76,182056.0,Oceania,338.13139269406395
Vanuatu,VUT,2004,3005.7974,Oceania,VUT,74.0,8.76,182056.0,Oceania,343.12755707762557
Vanuatu,VUT,2005,3089.437,Oceania,VUT,74.0,8.76,182056.0,Oceania,352.67545662100457
Vanuatu,VUT,2006,3270.7024,Oceania,VUT,74.0,8.76,182056.0,Oceania,373.36785388127856
Vanuatu,VUT,2007,3283.3655,Oceania,VUT,74.0,8.76,182056.0,Oceania,374.8134132420091
Vanuatu,VUT,2008,3381.3857,Oceania,VUT,74.0,8.76,182056.0,Oceania,386.00293378995434
Vanuatu,VUT,2009,3396.736,Oceania,VUT,74.0,8.76,182056.0,Oceania,387.7552511415525
Vanuatu,VUT,2010,3359.8496,Oceania,VUT,74.0,8.76,182056.0,Oceania,383.54447488584475
Vanuatu,VUT,2011,3390.961,Oceania,VUT,74.0,8.76,182056.0,Oceania,387.09600456621
Vanuatu,VUT,2012,3350.771,Oceania,VUT,74.0,8.76,182056.0,Oceania,382.5081050228311
Vanuatu,VUT,2013,3292.2341,Oceania,VUT,74.0,8.76,182056.0,Oceania,375.8258105022831
Vanuatu,VUT,2014,3302.2917,Oceania,VUT,74.0,8.76,182056.0,Oceania,376.9739383561644
Vanuatu,VUT,2015,3357.639,Oceania,VUT,74.0,8.76,182056.0,Oceania,383.29212328767125
Vanuatu,VUT,2016,3397.7673,Oceania,VUT,74.0,8.76,182056.0,Oceania,387.8729794520548
Vanuatu,VUT,2017,3465.9197,Oceania,VUT,74.0,8.76,182056.0,Oceania,395.6529337899543
Vanuatu,VUT,2018,3482.0227,Oceania,VUT,74.0,8.76,182056.0,Oceania,397.49117579908676
Vanuatu,VUT,2019,3512.072,Oceania,VUT,74.0,8.76,182056.0,Oceania,400.9214611872146
Vanuatu,VUT,2020,3259.9954,Oceania,VUT,74.0,8.76,182056.0,Oceania,372.1455936073059
Vanuatu,VUT,2021,3135.8367,Oceania,VUT,74.0,8.76,182056.0,Oceania,357.97222602739726
Vanuatu,VUT,2022,3222.836,Oceania,VUT,74.0,8.76,182056.0,Oceania,367.9036529680365
Vanuatu,VUT,2023,3214.7024,Oceania,VUT,87.96032,8.76,320422.0,Oceania,366.9751598173516
Venezuela,VUT,1990,3172.0476,Oceania,VEN,90.0,5.26,19827005.0,South America,603.0508745247148
Venezuela,VUT,1995,3172.0476,Oceania,VEN,90.0,6.11,22193822.0,South America,519.1567266775777
Venezuela,VUT,2000,3172.0476,Oceania,VEN,90.0,7.01,24526707.0,South America,452.5032239657632
Venezuela,VUT,2001,3172.0476,Oceania,VEN,93.0,7.01,24979934.0,South America,452.5032239657632
Venezuela,VUT,2005,3172.0476,Oceania,VEN,93.0,7.8,26785797.0,South America,406.67276923076923
Venezuela,VUT,2007,3172.0476,Oceania,VEN,95.0,7.8,27649369.0,South America,406.67276923076923
Venezuela,VUT,2009,3172.0476,Oceania,VEN,96.0,7.8,28438296.0,South America,406.67276923076923
Venezuela,VUT,2010,3172.0476,Oceania,VEN,96.0,8.78,28813101.0,South America,361.2810478359909
Venezuela,VUT,2011,3172.0476,Oceania,VEN,95.0,8.78,29185220.0,South America,361.2810478359909
Venezuela,VUT,2015,3172.0476,Oceania,VEN,97.0,9.02,30573968.0,South America,351.66824833702884
Venezuela,VUT,2016,3172.0476,Oceania,VEN,97.0,9.02,30765719.0,South America,351.66824833702884
Venezuela,VUT,2020,3172.0476,Oceania,VEN,97.0,9.33,28444080.0,South America,339.98366559485527
Vietnam,VNM,1990,2467.9646,Asia,VNM,88.0,9.33,64147354.0,Asia,264.5192497320471
Vietnam,VNM,1991,2560.8438,Asia,VNM,88.0,9.33,64147354.0,Asia,274.4741479099679
Vietnam,VNM,1992,2726.4736,Asia,VNM,88.0,9.33,64147354.0,Asia,292.2265380493033
Vietnam,VNM,1993,2890.4243,Asia,VNM,88.0,9.33,64147354.0,Asia,309.7989603429796
Vietnam,VNM,1994,3089.6094,Asia,VNM,88.0,9.33,64147354.0,Asia,331.147845659164
Vietnam,VNM,1995,3328.2148,Asia,VNM,88.0,9.33,64147354.0,Asia,356.7218435155413
Vietnam,VNM,1996,3584.029,Asia,VNM,88.0,9.33,64147354.0,Asia,384.14030010718113
Vietnam,VNM,1997,3820.3025,Asia,VNM,88.0,9.33,64147354.0,Asia,409.46436227224007
Vietnam,VNM,1998,3982.958,Asia,VNM,88.0,9.33,64147354.0,Asia,426.8979635584137
Vietnam,VNM,1999,4119.0537,Asia,VNM,90.0,9.33,76287454.0,Asia,441.4848553054663
Vietnam,VNM,2000,4349.2236,Asia,VNM,90.0,9.33,77154016.0,Asia,466.1547266881029
Vietnam,VNM,2001,4570.2686,Asia,VNM,90.0,9.33,77154016.0,Asia,489.8465809217578
Vietnam,VNM,2002,4809.6216,Asia,VNM,90.0,9.33,77154016.0,Asia,515.5007073954985
Vietnam,VNM,2003,5090.29,Asia,VNM,90.0,9.33,77154016.0,Asia,545.583065380493
Vietnam,VNM,2004,5421.097,Asia,VNM,90.0,9.33,77154016.0,Asia,581.039335476956
Vietnam,VNM,2005,5776.3633,Asia,VNM,90.0,9.33,77154016.0,Asia,619.11718113612
Vietnam,VNM,2006,6098.245,Asia,VNM,90.0,9.33,77154016.0,Asia,653.6168274383708
Vietnam,VNM,2007,6418.544,Asia,VNM,90.0,9.33,77154016.0,Asia,687.9468381564844
Vietnam,VNM,2008,6659.1357,Asia,VNM,90.0,9.33,77154016.0,Asia,713.733729903537
Vietnam,VNM,2009,6914.339,Asia,VNM,94.0,9.33,86460023.0,Asia,741.0867095391211
Vietnam,VNM,2010,7274.733,Asia,VNM,94.0,9.33,86460023.0,Asia,779.7141479099679
Vietnam,VNM,2011,7652.619,Asia,VNM,94.0,9.33,86460023.0,Asia,820.2163987138264
Vietnam,VNM,2012,7979.868,Asia,VNM,94.0,9.33,86460023.0,Asia,855.2913183279743
Vietnam,VNM,2013,8324.198,Asia,VNM,94.0,9.33,86460023.0,Asia,892.1969989281887
Vietnam,VNM,2014,8751.883,Asia,VNM,94.0,9.33,86460023.0,Asia,938.0367631296891
Vietnam,VNM,2015,9248.024,Asia,VNM,94.0,7.99,92823254.0,Asia,1157.4498122653315
Vietnam,VNM,2016,9743.188,Asia,VNM,94.0,7.99,92823254.0,Asia,1219.4227784730913
Vietnam,VNM,2017,10290.549,Asia,VNM,94.0,7.99,92823254.0,Asia,1287.928535669587
Vietnam,VNM,2018,10936.894,Asia,VNM,94.0,7.99,92823254.0,Asia,1368.8227784730914
Vietnam,VNM,2019,11628.614,Asia,VNM,96.0,7.99,97173778.0,Asia,1455.395994993742
Vietnam,VNM,2020,11851.396,Asia,VNM,96.0,8.35,98079196.0,Asia,1419.3288622754492
Vietnam,VNM,2021,12048.902,Asia,VNM,96.0,8.35,98079196.0,Asia,1442.982275449102
Vietnam,VNM,2022,12979.764,Asia,VNM,96.0,8.35,99680656.0,Asia,1554.462754491018
Vietnam,VNM,2023,13545.935,Asia,VNM,96.0,8.35,99680656.0,Asia,1622.2676646706586
World,OWID_WRL,1990,11257.437,Asia,VNM,31.0,8.35,99680656.0,Asia,1348.1960479041916
World,OWID_WRL,1991,11166.51,Asia,VNM,31.0,8.35,99680656.0,Asia,1337.3065868263475
World,OWID_WRL,1992,11132.38,Asia,VNM,31.0,8.35,99680656.0,Asia,1333.2191616766468
World,OWID_WRL,1993,11125.656,Asia,VNM,31.0,8.35,99680656.0,Asia,1332.413892215569
World,OWID_WRL,1994,11251.216,Asia,VNM,31.0,8.35,99680656.0,Asia,1347.451017964072
World,OWID_WRL,1995,11429.359,Asia,VNM,31.0,8.35,99680656.0,Asia,1368.785508982036
World,OWID_WRL,1996,11679.153,Asia,VNM,31.0,8.35,99680656.0,Asia,1398.7009580838323
World,OWID_WRL,1997,11964.178,Asia,VNM,31.0,8.35,99680656.0,Asia,1432.8356886227546
World,OWID_WRL,1998,12088.102,Asia,VNM,31.0,8.35,99680656.0,Asia,1447.676886227545
World,OWID_WRL,1999,12351.548,Asia,VNM,31.0,8.35,99680656.0,Asia,1479.2273053892218
World,OWID_WRL,2000,12769.831,Asia,VNM,31.0,8.35,99680656.0,Asia,1529.3210778443115
World,OWID_WRL,2001,12904.862,Asia,VNM,31.0,8.35,99680656.0,Asia,1545.4924550898204
World,OWID_WRL,2002,13093.065,Asia,VNM,31.0,8.35,99680656.0,Asia,1568.0317365269461
World,OWID_WRL,2003,13402.992,Asia,VNM,31.0,8.35,99680656.0,Asia,1605.14874251497
World,OWID_WRL,2004,13914.812,Asia,VNM,31.0,8.35,99680656.0,Asia,1666.4445508982037
World,OWID_WRL,2005,14370.885,Asia,VNM,31.0,8.35,99680656.0,Asia,1721.0640718562875
World,OWID_WRL,2006,14927.549,Asia,VNM,31.0,8.35,99680656.0,Asia,1787.7304191616768
World,OWID_WRL,2007,15510.866,Asia,VNM,31.0,8.35,99680656.0,Asia,1857.5887425149701
World,OWID_WRL,2008,15747.7295,Asia,VNM,31.0,8.35,99680656.0,Asia,1885.955628742515
World,OWID_WRL,2009,15452.501,Asia,VNM,31.0,8.35,99680656.0,Asia,1850.5989221556888
World,OWID_WRL,2010,16047.989,Asia,VNM,31.0,8.35,99680656.0,Asia,1921.9148502994012
World,OWID_WRL,2011,16479.488,Asia,VNM,31.0,8.35,99680656.0,Asia,1973.5913772455092
World,OWID_WRL,2012,16784.95,Asia,VNM,31.0,8.35,99680656.0,Asia,2010.173652694611
World,OWID_WRL,2013,17122.045,Asia,VNM,31.0,8.35,99680656.0,Asia,2050.5443113772453
World,OWID_WRL,2014,17500.176,Asia,VNM,31.0,8.35,99680656.0,Asia,2095.8294610778444
World,OWID_WRL,2015,17868.092,Asia,VNM,31.0,8.35,99680656.0,Asia,2139.89125748503
World,OWID_WRL,2016,18232.727,Asia,VNM,31.0,8.35,99680656.0,Asia,2183.560119760479
World,OWID_WRL,2017,18714.94,Asia,VNM,31.0,8.35,99680656.0,Asia,2241.3101796407186
World,OWID_WRL,2018,19189.02,Asia,VNM,31.0,8.35,99680656.0,Asia,2298.0862275449103
World,OWID_WRL,2019,19552.084,Asia,VNM,31.0,8.35,99680656.0,Asia,2341.5669461077846
World,OWID_WRL,2020,18811.494,Asia,VNM,31.0,8.35,99680656.0,Asia,2252.8735329341316
World,OWID_WRL,2021,19866.768,Asia,VNM,31.0,8.35,99680656.0,Asia,2379.253652694611
World,OWID_WRL,2022,20409.441,Asia,VNM,31.0,8.35,99680656.0,Asia,2444.2444311377244
World,OWID_WRL,2023,20918.305,Asia,VNM,31.0,8.35,99680656.0,Asia,2505.1862275449103
Yemen,OWID_WRL,1990,21405.117,Asia,YEM,3.0,1.25,13887863.0,Asia,17124.0936
Yemen,OWID_WRL,1994,21405.117,Asia,YEM,37.0,1.25,16149147.0,Asia,17124.0936
Yemen,OWID_WRL,1995,21405.117,Asia,YEM,37.0,1.77,16740057.0,Asia,12093.286440677964
Yemen,OWID_WRL,2000,21405.117,Asia,YEM,37.0,2.45,19624139.0,Asia,8736.782448979591
Yemen,OWID_WRL,2005,21405.117,Asia,YEM,37.0,3.12,22790082.0,Asia,6860.614423076922
Yemen,OWID_WRL,2010,21405.117,Asia,YEM,37.0,3.84,26754383.0,Asia,5574.24921875
Yemen,OWID_WRL,2015,21405.117,Asia,YEM,37.0,4.64,31159378.0,Asia,4613.17176724138
Yemen,OWID_WRL,2020,21405.117,Asia,YEM,37.0,5.56,36134867.0,Asia,3849.8411870503596
Zambia,ZMB,1990,2425.1113,Africa,ZMB,65.0,5.02,7786163.0,Africa,483.0899003984064
Zambia,ZMB,1991,2364.8623,Africa,ZMB,65.0,5.02,7786163.0,Africa,471.0881075697211
Zambia,ZMB,1992,2268.498,Africa,ZMB,65.0,5.02,7786163.0,Africa,451.89203187251
Zambia,ZMB,1993,2365.6296,Africa,ZMB,65.0,5.02,7786163.0,Africa,471.2409561752989
Zambia,ZMB,1994,2110.5833,Africa,ZMB,65.0,5.02,7786163.0,Africa,420.4349203187251
Zambia,ZMB,1995,2119.9565,Africa,ZMB,65.0,6.03,8785768.0,Africa,351.5682421227197
Zambia,ZMB,1996,2197.1956,Africa,ZMB,65.0,6.03,8785768.0,Africa,364.3773797678275
Zambia,ZMB,1997,2223.4575,Africa,ZMB,65.0,6.03,8785768.0,Africa,368.7325870646766
Zambia,ZMB,1998,2157.5735,Africa,ZMB,65.0,6.03,8785768.0,Africa,357.8065505804312
Zambia,ZMB,1999,2198.1892,Africa,ZMB,68.0,6.03,9740013.0,Africa,364.5421558872305
Zambia,ZMB,2000,2220.5654,Africa,ZMB,68.0,6.35,10017633.0,Africa,349.69533858267715
Zambia,ZMB,2001,2268.9697,Africa,ZMB,68.0,6.35,10017633.0,Africa,357.31806299212604
Zambia,ZMB,2002,2299.333,Africa,ZMB,69.0,6.35,10647955.0,Africa,362.0996850393701
Zambia,ZMB,2003,2383.8762,Africa,ZMB,69.0,6.35,10647955.0,Africa,375.41357480314963
Zambia,ZMB,2004,2471.7207,Africa,ZMB,69.0,6.35,10647955.0,Africa,389.2473543307087
Zambia,ZMB,2005,2564.4756,Africa,ZMB,69.0,6.59,11718819.0,Africa,389.1465250379363
Zambia,ZMB,2006,2673.4614,Africa,ZMB,69.0,6.59,11718819.0,Africa,405.68458270106225
Zambia,ZMB,2007,2796.353,Africa,ZMB,69.0,6.59,11718819.0,Africa,424.33277693474963
Zambia,ZMB,2008,2908.1436,Africa,ZMB,69.0,6.59,11718819.0,Africa,441.2964491654021
Zambia,ZMB,2009,3065.8442,Africa,ZMB,69.0,6.59,11718819.0,Africa,465.2267374810319
Zambia,ZMB,2010,3266.5076,Africa,ZMB,83.0,7.4,13965592.0,Africa,441.4199459459459
Zambia,ZMB,2011,3335.6433,Africa,ZMB,83.0,7.4,13965592.0,Africa,450.7626081081081
Zambia,ZMB,2012,3474.5525,Africa,ZMB,83.0,7.4,13965592.0,Africa,469.5341216216216
Zambia,ZMB,2013,3535.2246,Africa,ZMB,83.0,7.4,13965592.0,Africa,477.73305405405404
Zambia,ZMB,2014,3585.5774,Africa,ZMB,83.0,7.4,13965592.0,Africa,484.5374864864865
Zambia,ZMB,2015,3576.9255,Africa,ZMB,83.0,7.9,16399092.0,Africa,452.7753797468354
Zambia,ZMB,2016,3598.1716,Africa,ZMB,83.0,7.9,16399092.0,Africa,455.4647594936709
Zambia,ZMB,2017,3612.5059,Africa,ZMB,83.0,7.9,16399092.0,Africa,457.27922784810124
Zambia,ZMB,2018,3646.9597,Africa,ZMB,71.1323,7.9,17973574.0,Africa,461.64046835443037
Zambia,ZMB,2019,3591.5642,Africa,ZMB,71.1323,7.9,17973574.0,Africa,454.6283797468354
Zambia,ZMB,2020,3391.5955,Africa,ZMB,71.1323,8.37,19059394.0,Africa,405.20854241338117
Zambia,ZMB,2021,3503.035,Africa,ZMB,71.1323,8.37,19059394.0,Africa,418.52270011947434
Zambia,ZMB,2022,3585.1238,Africa,ZMB,71.1323,8.37,19059394.0,Africa,428.33020310633214
Zambia,ZMB,2023,3673.4841,Africa,ZMB,71.1323,8.37,19059394.0,Africa,438.8869892473119
Zimbabwe,ZWE,1990,6082.8423,Africa,ZWE,78.0,5.97,10137287.0,Africa,1018.9015577889448
Zimbabwe,ZWE,1991,6254.275,Africa,ZWE,78.0,5.97,10137287.0,Africa,1047.6172529313233
Zimbabwe,ZWE,1992,5532.0376,Africa,ZWE,84.0,5.97,10702697.0,Africa,926.6394639865996
Zimbabwe,ZWE,1993,5509.083,Africa,ZWE,84.0,5.97,10702697.0,Africa,922.794472361809
Zimbabwe,ZWE,1994,6010.742,Africa,ZWE,84.0,5.97,10702697.0,Africa,1006.8244556113904
Zimbabwe,ZWE,1995,5964.5894,Africa,ZWE,84.0,6.85,10974607.0,Africa,870.7429781021898
Zimbabwe,ZWE,1996,6474.16,Africa,ZWE,84.0,6.85,10974607.0,Africa,945.1328467153285
Zimbabwe,ZWE,1997,6524.0625,Africa,ZWE,84.0,6.85,10974607.0,Africa,952.4178832116788
Zimbabwe,ZWE,1998,6582.3486,Africa,ZWE,84.0,6.85,10974607.0,Africa,960.9268029197082
Zimbabwe,ZWE,1999,6423.709,Africa,ZWE,84.0,6.85,10974607.0,Africa,937.7677372262774
Zimbabwe,ZWE,2000,6170.334,Africa,ZWE,84.0,7.26,11892055.0,Africa,849.9082644628099
Zimbabwe,ZWE,2001,6217.4116,Africa,ZWE,84.0,7.26,11892055.0,Africa,856.3927823691461
Zimbabwe,ZWE,2002,5610.1914,Africa,ZWE,84.0,7.26,11892055.0,Africa,772.7536363636364
Zimbabwe,ZWE,2003,4601.6606,Africa,ZWE,84.0,7.26,11892055.0,Africa,633.8375482093664
Zimbabwe,ZWE,2004,4287.598,Africa,ZWE,84.0,7.26,11892055.0,Africa,590.5782369146006
Zimbabwe,ZWE,2005,4004.6646,Africa,ZWE,84.0,7.65,12483433.0,Africa,523.485568627451
Zimbabwe,ZWE,2006,3819.2334,Africa,ZWE,84.0,7.65,12483433.0,Africa,499.24619607843135
Zimbabwe,ZWE,2007,3631.5376,Africa,ZWE,84.0,7.65,12483433.0,Africa,474.71079738562094
Zimbabwe,ZWE,2008,2954.0994,Africa,ZWE,84.0,7.65,12483433.0,Africa,386.1567843137255
Zimbabwe,ZWE,2009,3299.4138,Africa,ZWE,84.0,7.65,12483433.0,Africa,431.2959215686274
Zimbabwe,ZWE,2010,3885.3938,Africa,ZWE,84.0,7.86,13356551.0,Africa,494.32491094147576
Zimbabwe,ZWE,2011,4358.926,Africa,ZWE,84.0,7.86,13356551.0,Africa,554.570737913486
Zimbabwe,ZWE,2012,5003.4873,Africa,ZWE,84.0,7.86,13356551.0,Africa,636.5759923664122
Zimbabwe,ZWE,2013,5031.6875,Africa,ZWE,84.0,7.86,13356551.0,Africa,640.1638040712468
Zimbabwe,ZWE,2014,5081.1123,Africa,ZWE,84.0,7.86,13356551.0,Africa,646.4519465648855
Zimbabwe,ZWE,2015,5102.7144,Africa,ZWE,84.0,8.03,14399008.0,Africa,635.4563387297634
Zimbabwe,ZWE,2016,5070.4023,Africa,ZWE,84.0,8.03,14399008.0,Africa,631.4324159402241
Zimbabwe,ZWE,2017,5234.384,Africa,ZWE,84.0,8.03,14399008.0,Africa,651.8535491905355
Zimbabwe,ZWE,2018,5415.4697,Africa,ZWE,84.0,8.03,14399008.0,Africa,674.4046948941469
Zimbabwe,ZWE,2019,4993.8438,Africa,ZWE,93.22755,8.03,15271377.0,Africa,621.8983561643836
Zimbabwe,ZWE,2020,4527.7197,Africa,ZWE,93.22755,8.32,15526887.0,Africa,544.197079326923
Zimbabwe,ZWE,2021,4827.089,Africa,ZWE,93.22755,8.32,15526887.0,Africa,580.1789663461539
Zimbabwe,ZWE,2022,5036.761,Africa,ZWE,93.22755,8.32,15526887.0,Africa,605.3799278846154
Zimbabwe,ZWE,2023,5218.0225,Africa,ZWE,93.22755,8.32,15526887.0,Africa,627.1661658653846
