Entity,code_x,Year,Adult Literacy Rate,code_y,Youth Literacy Rate Male,Youth Literacy Rate Female,owid_region,Youth Literacy Average,Literacy Gender Gap,Years of Schooling,Education Index,Literacy Growth Rate
Afghanistan,AFG,2011,31.0,AFG,62.0,32.0,Asia,47.0,30.0,3.93,27.310000000000002,
Afghanistan,AFG,2015,33.75384,AFG,57.73505,25.48416,Asia,41.609605,32.25089,4.81,26.724481666666666,8.883354838709657
Afghanistan,AFG,2021,37.0,AFG,71.0,42.0,Asia,56.5,29.0,5.69,33.06333333333333,9.61715763302784
Afghanistan,AFG,2022,37.0,AFG,83.4,44.17171,Asia,63.785855,39.22829000000001,5.69,35.491951666666665,0.0
Albania,ALB,2001,99.0,ALB,99.0,99.0,Europe,99.0,0.0,9.93,69.31,
Albania,ALB,2005,99.0,ALB,99.0,99.49,Europe,99.245,-0.4899999999999949,10.24,69.495,0.0
Albania,ALB,2008,96.0,ALB,99.0,99.0,Europe,99.0,0.0,10.24,68.41333333333334,-3.0303030303030276
Albania,ALB,2009,96.0,ALB,94.82,96.61,Europe,95.715,-1.7900000000000063,10.24,67.31833333333334,0.0
Albania,ALB,2011,97.0,ALB,99.0,99.0,Europe,99.0,0.0,10.44,68.81333333333333,1.041666666666674
Albania,ALB,2012,97.0,ALB,99.0,99.0,Europe,99.0,0.0,10.44,68.81333333333333,0.0
Albania,ALB,2017,98.81623,ALB,98.58999,99.52556,Europe,99.05777499999999,-0.9355699999999985,9.99,69.28800166666667,1.8724020618556825
Algeria,DZA,2002,70.0,DZA,94.0,86.0,Africa,90.0,8.0,6.06,55.35333333333333,
Algeria,DZA,2006,73.0,DZA,94.0,89.0,Africa,91.5,5.0,6.43,56.97666666666667,4.285714285714293
Algeria,DZA,2008,75.0,DZA,96.0,92.0,Africa,94.0,4.0,6.43,58.47666666666667,2.7397260273972712
Algeria,DZA,2019,75.0,DZA,64.79,97.9897,Africa,81.38985,-33.19969999999999,7.55,54.64661666666667,0.0
Angola,AGO,2001,67.0,AGO,84.0,63.0,Africa,73.5,21.0,8.18,49.56,
Angola,AGO,2014,66.0,AGO,85.0,71.0,Africa,78.0,14.0,8.18,50.72666666666667,-1.4925373134328401
Angola,AGO,2015,66.23586,AGO,83.96919,67.4276,Africa,75.698395,16.54159,8.18,50.038085,0.3573636363636501
Antigua And Barbuda,ATG,2001,99.0,AIA,99.0,99.0,North America,99.0,0.0,8.18,68.72666666666667,
Argentina,ARG,1991,96.0,ARG,98.0,99.0,South America,98.5,-1.0,8.67,67.72333333333333,
Argentina,ARG,2001,97.0,ARG,99.0,99.0,South America,99.0,0.0,9.08,68.36,1.041666666666674
Armenia,ARM,2000,99.0,ARM,100.0,100.0,Asia,100.0,0.0,9.86,69.62,
Armenia,ARM,2001,99.0,ARM,100.0,100.0,Asia,100.0,0.0,9.86,69.62,0.0
Armenia,ARM,2011,100.0,ARM,100.0,100.0,Asia,100.0,0.0,9.86,69.95333333333333,1.0101010101010166
Armenia,ARM,2016,100.0,ARM,100.0,100.0,Asia,100.0,0.0,10.45,70.14999999999999,0.0
Armenia,ARM,2017,100.0,ARM,100.0,100.0,Asia,100.0,0.0,10.45,70.14999999999999,0.0
Armenia,ARM,2020,100.0,ARM,100.0,100.0,Asia,100.0,0.0,10.54,70.17999999999999,0.0
Armenia,ARM,2022,99.825,ARM,99.64871,99.91656,Asia,99.782635,-0.2678500000000099,10.54,70.04921166666666,-0.17499999999999183
Aruba,ABW,2000,97.0,ABW,99.0,99.0,North America,99.0,0.0,10.54,68.84666666666666,
Aruba,ABW,2010,97.0,ABW,99.0,99.0,North America,99.0,0.0,10.54,68.84666666666666,0.0
Azerbaijan,AZE,1999,99.0,AZE,100.0,100.0,Asia,100.0,0.0,10.39,69.79666666666667,
Azerbaijan,AZE,2006,99.0,AZE,100.0,100.0,Asia,100.0,0.0,10.39,69.79666666666667,0.0
Azerbaijan,AZE,2007,100.0,AZE,100.0,100.0,Asia,100.0,0.0,10.39,70.13,1.0101010101010166
Azerbaijan,AZE,2009,100.0,AZE,100.0,100.0,Asia,100.0,0.0,10.39,70.13,0.0
Azerbaijan,AZE,2010,100.0,AZE,100.0,100.0,Asia,100.0,0.0,10.39,70.13,0.0
Azerbaijan,AZE,2011,100.0,AZE,100.0,100.0,Asia,100.0,0.0,10.39,70.13,0.0
Azerbaijan,AZE,2012,100.0,AZE,100.0,100.0,Asia,100.0,0.0,10.39,70.13,0.0
Azerbaijan,AZE,2013,100.0,AZE,100.0,100.0,Asia,100.0,0.0,10.39,70.13,0.0
Azerbaijan,AZE,2014,100.0,AZE,100.0,100.0,Asia,100.0,0.0,10.39,70.13,0.0
Azerbaijan,AZE,2015,100.0,AZE,100.0,100.0,Asia,100.0,0.0,10.39,70.13,0.0
Azerbaijan,AZE,2016,100.0,AZE,100.0,100.0,Asia,100.0,0.0,10.39,70.13,0.0
Azerbaijan,AZE,2017,100.0,AZE,100.0,100.0,Asia,100.0,0.0,10.39,70.13,0.0
Azerbaijan,AZE,2019,100.0,AZE,100.0,100.0,Asia,100.0,0.0,10.39,70.13,0.0
Azerbaijan,AZE,2023,100.0,AZE,100.0,100.0,Asia,100.0,0.0,10.39,70.13,0.0
Bahrain,BHR,1991,84.0,BHR,97.0,97.0,Asia,97.0,0.0,10.39,63.79666666666666,
Bahrain,BHR,2001,87.0,BHR,97.0,97.0,Asia,97.0,0.0,10.39,64.79666666666667,3.571428571428581
Bahrain,BHR,2022,98.0,BHR,99.0,99.0,Asia,99.0,0.0,8.21,68.40333333333334,12.643678160919535
Bahrain,BHR,2023,98.0,BHR,99.0,99.0,Asia,99.0,0.0,8.21,68.40333333333334,0.0
Bangladesh,BGD,1991,35.0,BGD,52.0,38.0,Asia,45.0,14.0,3.15,27.71666666666667,
Bangladesh,BGD,2000,35.0,BGD,100.0,100.0,Asia,100.0,0.0,4.77,46.59,0.0
Bangladesh,BGD,2001,47.0,BGD,67.0,60.0,Asia,63.5,7.0,4.77,38.42333333333333,34.28571428571428
Bangladesh,BGD,2006,47.0,BGD,67.0,87.2,Asia,77.1,-20.200000000000003,5.51,43.203333333333326,0.0
Bangladesh,BGD,2007,47.0,BGD,90.51,77.09,Asia,83.80000000000001,13.420000000000002,5.51,45.43666666666667,0.0
Bangladesh,BGD,2011,59.0,BGD,76.0,80.0,Asia,78.0,-4.0,6.22,47.74,25.531914893617014
Bangladesh,BGD,2012,58.0,BGD,76.0,79.0,Asia,77.5,-3.0,6.22,47.24,-1.6949152542372836
Bangladesh,BGD,2013,61.0,BGD,84.0,87.0,Asia,85.5,-3.0,6.22,50.906666666666666,5.1724137931034475
Bangladesh,BGD,2014,61.0,BGD,85.0,86.0,Asia,85.5,-1.0,6.22,50.906666666666666,0.0
Bangladesh,BGD,2015,65.0,BGD,86.0,90.0,Asia,88.0,-4.0,6.76,53.25333333333333,6.557377049180335
Bangladesh,BGD,2016,73.0,BGD,91.0,94.0,Asia,92.5,-3.0,6.76,57.419999999999995,12.307692307692308
Bangladesh,BGD,2017,73.0,BGD,92.0,94.0,Asia,93.0,-2.0,6.76,57.586666666666666,0.0
Bangladesh,BGD,2018,74.0,BGD,92.0,95.0,Asia,93.5,-3.0,6.76,58.086666666666666,1.3698630136986356
Bangladesh,BGD,2019,75.0,BGD,94.0,96.0,Asia,95.0,-2.0,6.76,58.919999999999995,1.3513513513513598
Bangladesh,BGD,2020,75.0,BGD,93.0,96.0,Asia,94.5,-3.0,7.23,58.91,0.0
Bangladesh,BGD,2021,76.0,BGD,94.0,96.0,Asia,95.0,-2.0,7.23,59.41,1.333333333333342
Bangladesh,BGD,2022,79.0,BGD,92.0,94.0,Asia,93.0,-2.0,7.23,59.74333333333333,3.9473684210526327
Barbados,BRB,2012,99.0,BRB,100.0,100.0,North America,100.0,0.0,9.57,69.52333333333333,
Belarus,BLR,1999,100.0,BLR,100.0,100.0,Europe,100.0,0.0,9.67,69.89,
Belarus,BLR,2005,100.0,BLR,100.0,99.98,Europe,99.99000000000001,0.01999999999999602,9.67,69.88666666666667,0.0
Belarus,BLR,2009,100.0,BLR,100.0,100.0,Europe,100.0,0.0,9.67,69.89,0.0
Belarus,BLR,2012,100.0,BLR,100.0,100.0,Europe,100.0,0.0,9.67,69.89,0.0
Belarus,BLR,2019,100.0,BLR,100.0,100.0,Europe,100.0,0.0,9.67,69.89,0.0
Belize,BLZ,1991,70.0,BLZ,77.0,78.0,North America,77.5,-1.0,8.97,52.156666666666666,
Belize,BLZ,2006,70.0,BLZ,77.0,95.13,North America,86.065,-18.129999999999995,10.77,55.61166666666667,0.0
Belize,BLZ,2011,70.0,BLZ,77.0,96.6,North America,86.8,-19.599999999999994,11.28,56.02666666666667,0.0
Belize,BLZ,2015,90.91604,BLZ,97.82818,98.07905,North America,97.953615,-0.25086999999999193,10.56,66.47655166666667,29.88005714285713
Benin,BEN,1992,27.0,BEN,55.0,27.0,Africa,41.0,28.0,2.24,23.41333333333333,
Benin,BEN,2001,27.0,BEN,61.08,31.85,Africa,46.465,29.229999999999997,3.31,25.59166666666667,0.0
Benin,BEN,2002,35.0,BEN,59.0,33.0,Africa,46.0,26.0,3.31,28.103333333333335,29.629629629629626
Benin,BEN,2006,35.0,BEN,72.07,39.53,Africa,55.8,32.53999999999999,3.85,31.549999999999997,0.0
Benin,BEN,2017,38.87121,BEN,66.79979,50.98536,Africa,58.892575,15.814430000000002,5.42,34.394595,11.060599999999997
Benin,BEN,2019,48.99828,BEN,76.35444,62.76271,Africa,69.55857499999999,13.591729999999998,5.42,41.32561833333333,26.052880782460864
Benin,BEN,2021,43.83417,BEN,70.96799,59.18644,Africa,65.077215,11.781550000000003,6.27,38.393795,-10.539369953394285
Benin,BEN,2022,51.37877,BEN,74.60011,67.93813,Africa,71.26912,6.66198,6.27,42.97263,17.211686681873985
Bhutan,BTN,2005,53.0,BTN,80.0,68.0,Asia,74.0,12.0,6.27,44.42333333333334,
Bhutan,BTN,2010,53.0,BTN,80.0,63.34,Asia,71.67,16.659999999999997,6.27,43.64666666666667,0.0
Bhutan,BTN,2012,55.0,BTN,90.0,82.0,Asia,86.0,8.0,6.27,49.09,3.7735849056603765
Bhutan,BTN,2017,67.0,BTN,93.0,93.0,Asia,93.0,0.0,6.27,55.42333333333334,21.818181818181827
Bolivia,BOL,1992,80.0,BOL,96.0,92.0,South America,94.0,4.0,7.63,60.54333333333333,
Bolivia,BOL,2000,80.0,BOL,98.4,96.3,South America,97.35,2.1000000000000085,8.73,62.026666666666664,0.0
Bolivia,BOL,2001,87.0,BOL,98.2,96.5,South America,97.35,1.7000000000000028,8.73,64.36,8.749999999999991
Bolivia,BOL,2002,87.0,BOL,99.1,97.1,South America,98.1,2.0,8.73,64.61,0.0
Bolivia,BOL,2003,87.0,BOL,99.47,96.67,South America,98.07,2.799999999999997,8.73,64.6,0.0
Bolivia,BOL,2004,87.0,BOL,99.6,98.6,South America,99.1,1.0,8.73,64.94333333333333,0.0
Bolivia,BOL,2005,87.0,BOL,99.3,98.4,South America,98.85,0.8999999999999915,8.77,64.87333333333333,0.0
Bolivia,BOL,2006,87.0,BOL,99.4,97.4,South America,98.4,2.0,8.77,64.72333333333334,0.0
Bolivia,BOL,2007,91.0,BOL,99.8,99.1,South America,99.44999999999999,0.7000000000000028,8.77,66.40666666666667,4.597701149425282
Bolivia,BOL,2008,91.0,BOL,99.4,99.0,South America,99.2,0.4000000000000057,8.77,66.32333333333334,0.0
Bolivia,BOL,2009,91.0,BOL,99.7,99.1,South America,99.4,0.6000000000000085,8.77,66.39,0.0
Bolivia,BOL,2011,92.0,BOL,99.3,98.8,South America,99.05,0.5,8.57,66.54,1.098901098901095
Bolivia,BOL,2012,94.0,BOL,99.5,99.2,South America,99.35,0.29999999999999716,8.57,67.30666666666666,2.1739130434782705
Bolivia,BOL,2013,94.0,BOL,99.5,99.2,South America,99.35,0.29999999999999716,8.57,67.30666666666666,0.0
Bolivia,BOL,2014,94.0,BOL,99.7,99.2,South America,99.45,0.5,8.57,67.33999999999999,0.0
Bolivia,BOL,2015,92.0,BOL,99.4,99.4,South America,99.4,0.0,8.62,66.67333333333333,-2.127659574468088
Bolivia,BOL,2016,92.0,BOL,99.5,99.3,South America,99.4,0.20000000000000284,8.62,66.67333333333333,0.0
Bolivia,BOL,2017,92.0,BOL,99.4,99.3,South America,99.35,0.10000000000000853,8.62,66.65666666666667,0.0
Bolivia,BOL,2018,92.0,BOL,99.7,99.4,South America,99.55000000000001,0.29999999999999716,8.62,66.72333333333334,0.0
Bolivia,BOL,2019,92.0,BOL,99.7,99.4,South America,99.55000000000001,0.29999999999999716,8.62,66.72333333333334,0.0
Bolivia,BOL,2020,94.0,BOL,99.6,99.5,South America,99.55,0.09999999999999432,9.06,67.53666666666668,2.1739130434782705
Bolivia,BOL,2021,94.0,BOL,99.5,99.5,South America,99.5,0.0,9.06,67.52,0.0
Bosnia And Herzegovina,BIH,1991,89.0,BIH,99.0,99.0,Europe,99.0,0.0,9.06,65.68666666666667,
Bosnia And Herzegovina,BIH,2000,97.0,BIH,100.0,100.0,Europe,100.0,0.0,9.06,68.68666666666667,8.98876404494382
Bosnia And Herzegovina,BIH,2006,97.0,BIH,100.0,99.82,Europe,99.91,0.18000000000000682,9.06,68.65666666666667,0.0
Bosnia And Herzegovina,BIH,2013,97.0,BIH,100.0,100.0,Europe,100.0,0.0,9.06,68.68666666666667,0.0
Botswana,BWA,1991,69.0,BWA,86.0,92.0,Africa,89.0,-6.0,9.06,55.68666666666667,
Botswana,BWA,2003,81.0,BWA,92.0,96.0,Africa,94.0,-4.0,9.06,61.35333333333333,17.391304347826097
Brazil,BRA,2000,86.0,BRA,93.0,96.0,South America,94.5,-3.0,6.76,62.419999999999995,
Brazil,BRA,2001,86.0,BRA,94.7,96.9,South America,95.80000000000001,-2.200000000000003,6.76,62.85333333333333,0.0
Brazil,BRA,2002,86.0,BRA,95.1,97.5,South America,96.3,-2.4000000000000057,6.76,63.02,0.0
Brazil,BRA,2003,86.0,BRA,95.6,97.7,South America,96.65,-2.1000000000000085,6.76,63.13666666666666,0.0
Brazil,BRA,2004,89.0,BRA,95.7,97.9,South America,96.80000000000001,-2.200000000000003,6.76,64.18666666666667,3.488372093023262
Brazil,BRA,2005,89.0,BRA,96.1,98.1,South America,97.1,-2.0,7.67,64.58999999999999,0.0
Brazil,BRA,2006,90.0,BRA,96.8,98.3,South America,97.55,-1.5,7.67,65.07333333333334,1.1235955056179803
Brazil,BRA,2007,90.0,BRA,97.0,98.6,South America,97.8,-1.5999999999999943,7.67,65.15666666666667,0.0
Brazil,BRA,2008,90.0,BRA,97.2,98.5,South America,97.85,-1.2999999999999972,7.67,65.17333333333333,0.0
Brazil,BRA,2009,90.0,BRA,97.4,98.7,South America,98.05000000000001,-1.2999999999999972,7.67,65.24,0.0
Brazil,BRA,2010,90.0,BRA,97.0,98.0,South America,97.5,-1.0,8.17,65.22333333333333,0.0
Brazil,BRA,2011,91.0,BRA,97.9,99.1,South America,98.5,-1.1999999999999886,8.17,65.89,1.1111111111111072
Brazil,BRA,2012,91.0,BRA,98.2,99.0,South America,98.6,-0.7999999999999972,8.17,65.92333333333333,0.0
Brazil,BRA,2013,91.0,BRA,98.3,99.2,South America,98.75,-0.9000000000000057,8.17,65.97333333333333,0.0
Brazil,BRA,2014,92.0,BRA,98.4,99.3,South America,98.85,-0.8999999999999915,8.17,66.33999999999999,1.098901098901095
Brazil,BRA,2015,92.0,BRA,98.6,99.3,South America,98.94999999999999,-0.7000000000000028,7.66,66.20333333333333,0.0
Brazil,BRA,2016,93.0,BRA,98.7,99.5,South America,99.1,-0.7999999999999972,7.66,66.58666666666666,1.0869565217391353
Brazil,BRA,2017,93.0,BRA,98.8,99.5,South America,99.15,-0.7000000000000028,7.66,66.60333333333334,0.0
Brazil,BRA,2018,93.0,BRA,98.7,99.4,South America,99.05000000000001,-0.7000000000000028,7.66,66.57000000000001,0.0
Brazil,BRA,2019,93.0,BRA,98.7,99.5,South America,99.1,-0.7999999999999972,7.66,66.58666666666666,0.0
Brazil,BRA,2020,93.0,BRA,99.0,99.5,South America,99.25,-0.5,8.0,66.75,0.0
Brazil,BRA,2021,93.0,BRA,99.1,99.5,South America,99.3,-0.4000000000000057,8.0,66.76666666666667,0.0
Brazil,BRA,2022,93.0,BRA,99.0,99.6,South America,99.3,-0.5999999999999943,8.0,66.76666666666667,0.0
Brazil,BRA,2023,93.0,BRA,99.0,99.6,South America,99.3,-0.5999999999999943,8.0,66.76666666666667,0.0
Brunei,BRN,1991,88.0,BRN,98.0,98.0,Asia,98.0,0.0,8.0,64.66666666666667,
Brunei,BRN,2001,93.0,BRN,99.0,99.0,Asia,99.0,0.0,8.0,66.66666666666667,5.681818181818188
Brunei,BRN,2011,96.0,BRN,99.0,100.0,Asia,99.5,-1.0,8.0,67.83333333333333,3.2258064516129004
Bulgaria,BGR,2001,98.0,BGR,98.0,98.0,Europe,98.0,0.0,9.65,68.55,
Bulgaria,BGR,2011,98.0,BGR,98.0,98.0,Europe,98.0,0.0,11.07,69.02333333333333,0.0
Burkina Faso,BFA,1991,14.0,BFA,27.0,14.0,Africa,20.5,13.0,10.75,15.083333333333334,
Burkina Faso,BFA,1996,13.0,BFA,25.0,14.0,Africa,19.5,11.0,10.75,14.416666666666666,-7.14285714285714
Burkina Faso,BFA,2003,22.0,BFA,38.0,25.0,Africa,31.5,13.0,10.75,21.416666666666668,69.23076923076923
Burkina Faso,BFA,2005,24.0,BFA,40.0,26.0,Africa,33.0,14.0,10.75,22.583333333333332,9.090909090909083
Burkina Faso,BFA,2006,22.0,BFA,40.0,27.0,Africa,33.5,13.0,10.75,22.083333333333332,-8.333333333333337
Burkina Faso,BFA,2007,28.0,BFA,47.0,33.0,Africa,40.0,14.0,10.75,26.25,27.27272727272727
Burkina Faso,BFA,2010,28.0,BFA,47.04,27.24,Africa,37.14,19.8,10.75,25.296666666666667,0.0
Burkina Faso,BFA,2014,35.0,BFA,57.0,44.0,Africa,50.5,13.0,10.75,32.083333333333336,25.0
Burkina Faso,BFA,2018,39.0,BFA,64.0,54.0,Africa,59.0,10.0,10.75,36.25,11.428571428571432
Burkina Faso,BFA,2019,30.0,BFA,51.0,44.0,Africa,47.5,7.0,10.75,29.416666666666668,-23.076923076923073
Burkina Faso,BFA,2021,36.96738,BFA,66.64593,58.758,Africa,62.701965,7.887930000000004,10.75,36.80644833333333,23.224599999999995
Burkina Faso,BFA,2022,40.92361,BFA,65.47311,60.56925,Africa,63.02118,4.903860000000009,10.75,38.23159666666667,10.701948582777575
Burundi,BDI,1990,37.0,BDI,59.0,48.0,Africa,53.5,11.0,10.75,33.75,
Burundi,BDI,2000,59.0,BDI,77.0,70.0,Africa,73.5,7.0,10.75,47.75,59.45945945945945
Burundi,BDI,2005,59.0,BDI,77.0,52.83,Africa,64.91499999999999,24.17,10.75,44.88833333333333,0.0
Burundi,BDI,2008,48.0,BDI,67.0,57.0,Africa,62.0,10.0,10.75,40.25,-18.644067796610166
Burundi,BDI,2010,48.0,BDI,82.66,66.51,Africa,74.58500000000001,16.14999999999999,10.75,44.445,0.0
Burundi,BDI,2014,62.0,BDI,85.0,75.0,Africa,80.0,10.0,10.75,50.916666666666664,29.166666666666675
Burundi,BDI,2016,65.68774,BDI,86.7551,82.08605,Africa,84.420575,4.669049999999999,4.3,51.469438333333336,5.947967741935489
Burundi,BDI,2017,68.0,BDI,91.0,86.0,Africa,88.5,5.0,4.3,53.6,3.520078480398303
Cambodia,KHM,1998,67.0,KHM,82.0,71.0,Asia,76.5,11.0,3.41,48.97,
Cambodia,KHM,2000,67.0,KHM,82.0,54.67,Asia,68.33500000000001,27.33,3.64,46.324999999999996,0.0
Cambodia,KHM,2004,74.0,KHM,88.0,79.0,Asia,83.5,9.0,3.64,53.71333333333333,10.447761194029859
Cambodia,KHM,2005,74.0,KHM,100.0,67.33,Asia,83.66499999999999,32.67,4.26,53.974999999999994,0.0
Cambodia,KHM,2008,77.0,KHM,89.0,86.0,Asia,87.5,3.0,4.26,56.25333333333333,4.054054054054057
Cambodia,KHM,2009,76.0,KHM,88.0,86.0,Asia,87.0,2.0,4.26,55.75333333333333,-1.2987012987012991
Cambodia,KHM,2010,76.0,KHM,80.6,78.02,Asia,79.31,2.5799999999999983,4.94,53.416666666666664,0.0
Cambodia,KHM,2014,78.0,KHM,90.0,90.0,Asia,90.0,0.0,4.94,57.64666666666667,2.6315789473684292
Cambodia,KHM,2015,81.0,KHM,92.0,93.0,Asia,92.5,-1.0,5.32,59.60666666666666,3.8461538461538547
Cambodia,KHM,2021,71.92725,KHM,90.30829,93.50569,Asia,91.90699000000001,-3.197400000000002,5.81,56.548080000000006,-11.200925925925919
Cameroon,CMR,2000,68.0,CMR,88.0,78.0,Africa,83.0,10.0,5.76,52.25333333333333,
Cameroon,CMR,2004,68.0,CMR,81.39,67.65,Africa,74.52000000000001,13.739999999999995,5.76,49.42666666666667,0.0
Cameroon,CMR,2006,68.0,CMR,81.39,64.67,Africa,73.03,16.72,6.06,49.03,0.0
Cameroon,CMR,2007,71.0,CMR,89.0,77.0,Africa,83.0,12.0,6.06,53.35333333333333,4.4117647058823595
Cameroon,CMR,2010,71.0,CMR,85.0,76.0,Africa,80.5,9.0,6.41,52.63666666666666,0.0
Cameroon,CMR,2011,71.0,CMR,86.92,73.41,Africa,80.16499999999999,13.510000000000005,6.41,52.525,0.0
Cameroon,CMR,2014,71.0,CMR,86.92,100.0,Africa,93.46000000000001,-13.079999999999998,6.41,56.95666666666667,0.0
Cameroon,CMR,2018,72.54713,CMR,87.59698,76.3945,Africa,81.99574,11.202480000000008,7.05,53.864290000000004,2.1790563380281736
Cape Verde,CPV,1990,63.0,CPV,90.0,86.0,Africa,88.0,4.0,12.93,54.64333333333334,
Cape Verde,CPV,2012,85.0,CPV,98.0,98.0,Africa,98.0,0.0,12.93,65.31,34.92063492063493
Cape Verde,CPV,2015,87.0,CPV,98.0,99.0,Africa,98.5,-1.0,12.93,66.14333333333333,2.35294117647058
Cayman Islands,CYM,2007,99.0,CYM,99.0,99.0,North America,99.0,0.0,12.93,70.31,
Central African Republic,CAF,2000,51.0,CAF,73.0,49.0,Africa,61.0,24.0,12.93,41.64333333333334,
Central African Republic,CAF,2006,51.0,CAF,73.0,21.51,Africa,47.255,51.489999999999995,12.93,37.06166666666667,0.0
Central African Republic,CAF,2010,51.0,CAF,73.0,27.63,Africa,50.315,45.370000000000005,12.93,38.08166666666667,0.0
Central African Republic,CAF,2019,42.44279,CAF,64.90382,36.67682,Africa,50.790319999999994,28.226999999999997,4.21,32.48103666666666,-16.778843137254896
Central And Southern Asia (Sdg),CAF,1990,48.32116,CAF,70.41392,49.24991,Africa,59.831915,21.164010000000005,4.64,37.59769166666667,
Central And Southern Asia (Sdg),CAF,1991,49.05992,CAF,71.12513,50.83163,Africa,60.97838,20.2935,4.64,38.226099999999995,1.5288540258553418
Central And Southern Asia (Sdg),CAF,1992,50.02463,CAF,72.52291,52.2682,Africa,62.395555,20.254709999999996,4.64,39.02006166666667,1.9663913027171853
Central And Southern Asia (Sdg),CAF,1993,50.96456,CAF,73.86445,53.6906,Africa,63.777525000000004,20.17385,4.64,39.79402833333334,1.8789344368963734
Central And Southern Asia (Sdg),CAF,1994,51.65748,CAF,74.50486,55.22097,Africa,64.862915,19.283889999999992,4.64,40.38679833333334,1.3596114633384504
Central And Southern Asia (Sdg),CAF,1995,52.48868,CAF,75.20815,56.90365,Africa,66.05590000000001,18.304500000000004,4.64,41.06152666666667,1.60906029484984
Central And Southern Asia (Sdg),CAF,1996,53.27746,CAF,75.8941,58.44146,Africa,67.16778,17.452639999999995,4.64,41.69508,1.5027621193750562
Central And Southern Asia (Sdg),CAF,1997,54.06332,CAF,76.53233,59.79875,Africa,68.16554,16.733580000000003,4.64,42.28962,1.4750327812174113
Central And Southern Asia (Sdg),CAF,1998,58.53805,CAF,80.47533,62.4221,Africa,71.44871499999999,18.05323,4.64,44.875588333333326,8.276831685512477
Central And Southern Asia (Sdg),CAF,1999,59.31843,CAF,81.09931,64.21235,Africa,72.65583000000001,16.886960000000002,4.64,45.538086666666665,1.3331158109981533
Central And Southern Asia (Sdg),CAF,2000,60.08303,CAF,81.62344,65.90239,Africa,73.76291499999999,15.721050000000005,4.64,46.16198166666666,1.2889754499571193
Central And Southern Asia (Sdg),CAF,2001,60.84338,CAF,82.06134,67.50308,Africa,74.78220999999999,14.558260000000004,4.64,46.755196666666656,1.2654987606317558
Central And Southern Asia (Sdg),CAF,2002,61.62705,CAF,82.56851,69.10661,Africa,75.83756,13.4619,4.64,47.36820333333333,1.288011941479894
Central And Southern Asia (Sdg),CAF,2003,62.51307,CAF,83.6186,70.32368,Africa,76.97113999999999,13.294920000000005,4.64,48.04140333333333,1.437712822534909
Central And Southern Asia (Sdg),CAF,2004,63.28101,CAF,84.02438,71.84613,Africa,77.935255,12.178249999999991,4.64,48.61875499999999,1.228447107140962
Central And Southern Asia (Sdg),CAF,2005,63.14516,CAF,85.62037,72.0607,Africa,78.84053499999999,13.559669999999997,4.64,48.87523166666666,-0.21467735739364446
Central And Southern Asia (Sdg),CAF,2006,63.28799,CAF,84.61482,73.06606,Africa,78.84044,11.548760000000001,4.64,48.92281,0.22619310807037163
Central And Southern Asia (Sdg),CAF,2007,64.09655,CAF,84.8928,74.62511,Africa,79.758955,10.267689999999988,4.64,49.49850166666666,1.277588370242122
Central And Southern Asia (Sdg),CAF,2008,65.15713,CAF,85.80285,76.26355,Africa,81.0332,9.539300000000011,4.64,50.276776666666656,1.6546600402049805
Central And Southern Asia (Sdg),CAF,2009,65.98215,CAF,86.28822,77.79943,Africa,82.043825,8.488789999999995,4.64,50.88865833333333,1.2662006445035345
Central And Southern Asia (Sdg),CAF,2010,68.35281,CAF,87.72251,79.15094,Africa,83.436725,8.571569999999994,4.64,52.14317833333333,3.5928808018532266
Central And Southern Asia (Sdg),CAF,2011,68.73041,CAF,87.85644,80.23454,Africa,84.04549,7.621900000000011,4.64,52.47196666666667,0.5524279104253349
Central And Southern Asia (Sdg),CAF,2012,68.78113,CAF,88.13688,81.02616,Africa,84.58152000000001,7.110720000000001,4.64,52.667550000000006,0.07379557316768981
Central And Southern Asia (Sdg),CAF,2013,69.72007,CAF,89.19475,82.70196,Africa,85.94835499999999,6.492789999999999,4.64,53.436141666666664,1.3651127860214052
Central And Southern Asia (Sdg),CAF,2014,70.40182,CAF,89.51995,83.84325,Africa,86.6816,5.676699999999997,4.64,53.90780666666666,0.9778389493871664
Central And Southern Asia (Sdg),CAF,2015,71.63145,CAF,90.11613,85.22724,Africa,87.671685,4.8888900000000035,4.64,54.64771166666666,1.7465883694484097
Central And Southern Asia (Sdg),CAF,2016,72.85133,CAF,90.8607,86.58227,Africa,88.721485,4.27843,4.64,55.40427166666666,1.7029949833488045
Central And Southern Asia (Sdg),CAF,2017,73.37587,CAF,91.27249,87.15818,Africa,89.21533500000001,4.114310000000003,4.64,55.743734999999994,0.720014308592587
Central And Southern Asia (Sdg),CAF,2018,73.86521,CAF,91.21208,86.94566,Africa,89.07887,4.2664199999999965,4.64,55.86135999999999,0.6668949887749243
Central And Southern Asia (Sdg),CAF,2019,73.66493,CAF,93.88992,89.33263,Africa,91.611275,4.557290000000009,4.64,56.638735,-0.2711425311049731
Central And Southern Asia (Sdg),CAF,2020,74.33241,CAF,94.12073,89.98798,Africa,92.05435499999999,4.1327500000000015,4.64,57.00892166666665,0.9061028090300294
Central And Southern Asia (Sdg),CAF,2021,75.07198,CAF,94.41743,90.64738,Africa,92.532405,3.7700499999999977,4.64,57.41479499999999,0.9949495785216644
Central And Southern Asia (Sdg),CAF,2022,75.81275,CAF,94.68063,91.34677,Africa,93.0137,3.333859999999987,4.64,57.82214999999999,0.9867463199984883
Central And Southern Asia (Sdg),CAF,2023,76.51431,CAF,94.92773,91.97111,Africa,93.44942,2.956620000000001,4.64,58.20124333333333,0.9253852419283115
Chad,TCD,1993,11.0,TCD,26.0,9.0,Africa,17.5,17.0,4.64,11.046666666666667,
Chad,TCD,2000,26.0,TCD,56.0,23.0,Africa,39.5,33.0,4.64,23.38,136.36363636363637
Chad,TCD,2004,28.0,TCD,54.0,31.0,Africa,42.5,23.0,4.64,25.046666666666667,7.692307692307687
Chad,TCD,2010,28.0,TCD,54.0,16.88,Africa,35.44,37.120000000000005,4.64,22.69333333333333,0.0
Chad,TCD,2016,22.0,TCD,41.0,22.0,Africa,31.5,19.0,4.64,19.38,-21.42857142857143
Chad,TCD,2019,30.62792,TCD,56.26247,33.32039,Africa,44.791430000000005,22.942079999999997,4.64,26.686450000000004,39.217818181818174
Chile,CHL,1992,94.0,CHL,98.0,99.0,South America,98.5,-1.0,8.58,67.02666666666667,
Chile,CHL,2000,94.0,CHL,98.9,99.3,South America,99.1,-0.3999999999999915,9.41,67.50333333333333,0.0
Chile,CHL,2002,96.0,CHL,99.0,99.0,South America,99.0,0.0,9.41,68.13666666666667,2.127659574468077
Chile,CHL,2003,96.0,CHL,98.9,99.4,South America,99.15,-0.5,9.41,68.18666666666667,0.0
Chile,CHL,2006,96.0,CHL,98.9,99.3,South America,99.1,-0.3999999999999915,9.96,68.35333333333334,0.0
Chile,CHL,2009,96.0,CHL,99.2,99.5,South America,99.35,-0.29999999999999716,9.96,68.43666666666667,0.0
Chile,CHL,2011,97.0,CHL,99.2,99.6,South America,99.4,-0.3999999999999915,10.35,68.91666666666667,1.041666666666674
Chile,CHL,2013,96.0,CHL,99.0,99.1,South America,99.05,-0.09999999999999432,10.35,68.46666666666667,-1.0309278350515427
Chile,CHL,2015,97.0,CHL,99.3,99.4,South America,99.35,-0.10000000000000853,10.49,68.94666666666667,1.041666666666674
Chile,CHL,2017,96.0,CHL,99.0,99.0,South America,99.0,0.0,10.49,68.49666666666667,-1.0309278350515427
Chile,CHL,2022,96.0,CHL,99.1,99.5,South America,99.3,-0.4000000000000057,10.74,68.68,0.0
China,CHN,1990,78.0,CHN,97.0,91.0,Asia,94.0,6.0,6.45,59.48333333333333,
China,CHN,2000,91.0,CHN,99.0,99.0,Asia,99.0,0.0,7.79,65.92999999999999,16.666666666666675
China,CHN,2010,95.0,CHN,100.0,100.0,Asia,100.0,0.0,8.25,67.75,4.395604395604402
China,CHN,2020,97.0,CHN,100.0,100.0,Asia,100.0,0.0,8.99,68.66333333333334,2.1052631578947434
Colombia,COL,1993,91.0,COL,95.0,96.0,South America,95.5,-1.0,6.16,64.22,
Colombia,COL,1996,91.0,COL,96.0,98.0,South America,97.0,-2.0,6.68,64.89333333333333,0.0
Colombia,COL,2000,91.0,COL,96.0,100.0,South America,98.0,-4.0,7.12,65.37333333333333,0.0
Colombia,COL,2002,91.0,COL,96.9,98.0,South America,97.45,-1.0999999999999943,7.12,65.19,0.0
Colombia,COL,2003,91.0,COL,96.7,98.3,South America,97.5,-1.5999999999999943,7.12,65.20666666666666,0.0
Colombia,COL,2004,93.0,COL,97.5,98.4,South America,97.95,-0.9000000000000057,7.12,66.02333333333333,2.19780219780219
Colombia,COL,2005,93.0,COL,97.6,98.4,South America,98.0,-0.8000000000000114,7.56,66.18666666666667,0.0
Colombia,COL,2006,92.0,COL,98.0,98.0,South America,98.0,0.0,7.56,65.85333333333334,-1.0752688172043001
Colombia,COL,2007,93.0,COL,97.0,98.0,South America,97.5,-1.0,7.56,66.02,1.0869565217391353
Colombia,COL,2008,93.0,COL,97.5,98.4,South America,97.95,-0.9000000000000057,7.56,66.17,0.0
Colombia,COL,2009,93.0,COL,97.4,98.4,South America,97.9,-1.0,7.56,66.15333333333334,0.0
Colombia,COL,2010,93.0,COL,97.8,98.6,South America,98.19999999999999,-0.7999999999999972,9.35,66.85,0.0
Colombia,COL,2011,94.0,COL,97.8,98.8,South America,98.3,-1.0,9.35,67.21666666666667,1.0752688172043001
Colombia,COL,2012,94.0,COL,97.8,98.7,South America,98.25,-0.9000000000000057,9.35,67.2,0.0
Colombia,COL,2013,94.0,COL,97.8,98.8,South America,98.3,-1.0,9.35,67.21666666666667,0.0
Colombia,COL,2014,94.0,COL,98.1,98.9,South America,98.5,-0.8000000000000114,9.35,67.28333333333333,0.0
Colombia,COL,2015,94.0,COL,98.2,98.9,South America,98.55000000000001,-0.7000000000000028,9.78,67.44333333333334,0.0
Colombia,COL,2016,95.0,COL,98.3,99.0,South America,98.65,-0.7000000000000028,9.78,67.81,1.0638297872340496
Colombia,COL,2017,95.0,COL,98.3,99.0,South America,98.65,-0.7000000000000028,9.78,67.81,0.0
Colombia,COL,2018,95.0,COL,98.7,99.1,South America,98.9,-0.3999999999999915,9.78,67.89333333333333,0.0
Colombia,COL,2019,95.0,COL,98.5,99.2,South America,98.85,-0.7000000000000028,9.78,67.87666666666667,0.0
Colombia,COL,2020,96.0,COL,98.7,99.3,South America,99.0,-0.5999999999999943,10.2,68.39999999999999,1.0526315789473717
Colombia,COL,2021,96.0,COL,98.8,99.4,South America,99.1,-0.6000000000000085,10.2,68.43333333333332,0.0
Colombia,COL,2022,96.0,COL,98.6,99.2,South America,98.9,-0.6000000000000085,10.2,68.36666666666666,0.0
Colombia,COL,2023,96.0,COL,98.7,99.2,South America,98.95,-0.5,10.2,68.38333333333333,0.0
Comoros,COM,2000,68.0,COM,84.0,78.0,Africa,81.0,6.0,10.2,53.06666666666666,
Comoros,COM,2012,68.0,COM,85.0,78.59,Africa,81.795,6.409999999999997,10.2,53.33166666666667,0.0
Congo,COG,2005,76.0,COG,88.0,71.0,Africa,79.5,17.0,10.2,55.23333333333333,
Costa Rica,CRI,2000,95.0,CRI,97.0,98.0,North America,97.5,-1.0,7.96,66.82000000000001,
Costa Rica,CRI,2011,97.0,CRI,99.0,99.0,North America,99.0,0.0,8.43,68.14333333333333,2.1052631578947434
Costa Rica,CRI,2018,97.0,CRI,74.78,99.63372,North America,87.20686,-24.853719999999996,8.77,64.32562,0.0
Cote D'Ivoire,CIV,1998,36.0,CIV,54.0,40.0,Africa,47.0,14.0,3.46,28.819999999999997,
Cote D'Ivoire,CIV,2000,49.0,CIV,71.0,52.0,Africa,61.5,19.0,4.06,38.18666666666667,36.111111111111114
Cote D'Ivoire,CIV,2006,49.0,CIV,71.0,38.57,Africa,54.785,32.43,4.52,36.10166666666667,0.0
Cote D'Ivoire,CIV,2014,44.0,CIV,59.0,47.0,Africa,53.0,12.0,4.93,33.97666666666667,-10.204081632653061
Cote D'Ivoire,CIV,2016,50.03968,CIV,71.98823,54.73764,Africa,63.362935,17.250590000000003,5.4,39.60087166666667,13.726545454545459
Cote D'Ivoire,CIV,2019,90.0,CIV,93.0,76.0,Africa,84.5,17.0,5.4,59.96666666666667,79.85726527427835
Cote D'Ivoire,CIV,2021,50.00064,CIV,76.16145,58.31827,Africa,67.23986,17.843180000000004,6.05,41.09683333333333,-44.443733333333334
Croatia,HRV,1991,97.0,HRV,100.0,100.0,Europe,100.0,0.0,6.05,67.68333333333334,
Croatia,HRV,2001,98.0,HRV,100.0,100.0,Europe,100.0,0.0,6.05,68.01666666666667,1.0309278350515427
Cuba,CUB,2002,100.0,CUB,100.0,100.0,North America,100.0,0.0,9.88,69.96,
Cuba,CUB,2012,100.0,CUB,100.0,100.0,North America,100.0,0.0,11.06,70.35333333333334,0.0
Cuba,CUB,2019,97.65491,CUB,99.53119,99.70794,North America,99.619565,-0.1767499999999984,11.12,69.464825,-2.345089999999994
Cyprus,CYP,1992,94.0,CYP,100.0,100.0,Europe,100.0,0.0,9.85,67.95,
Cyprus,CYP,2001,97.0,CYP,100.0,100.0,Europe,100.0,0.0,10.82,69.27333333333333,3.1914893617021267
Cyprus,CYP,2011,99.0,CYP,100.0,100.0,Europe,100.0,0.0,11.76,70.25333333333333,2.0618556701030855
Democratic Republic Of Congo,COD,2001,67.0,COD,78.0,63.0,Africa,70.5,15.0,3.51,47.00333333333333,
Democratic Republic Of Congo,COD,2007,67.0,COD,87.36,62.97,Africa,75.16499999999999,24.39,3.63,48.59833333333333,0.0
Democratic Republic Of Congo,COD,2010,67.0,COD,87.36,64.32,Africa,75.84,23.040000000000006,3.79,48.876666666666665,0.0
Democratic Republic Of Congo,COD,2012,75.0,COD,91.0,77.0,Africa,84.0,14.0,3.79,54.26333333333333,11.940298507462677
Democratic Republic Of Congo,COD,2013,75.0,COD,92.56,76.58,Africa,84.57,15.980000000000004,3.79,54.453333333333326,0.0
Democratic Republic Of Congo,COD,2016,77.0,COD,91.0,80.0,Africa,85.5,11.0,4.3,55.6,2.6666666666666616
Democratic Republic Of Congo,COD,2018,73.55303,COD,90.81754,77.53746,Africa,84.1775,13.280079999999998,4.3,54.010176666666666,-4.476584415584406
Djibouti,COD,2006,73.55303,DJI,90.81754,51.81,Africa,71.31377,39.00753999999999,,,
Dominican Republic,DOM,2000,73.0,DOM,93.2,96.5,North America,94.85,-3.299999999999997,7.03,58.29333333333333,
Dominican Republic,DOM,2001,73.0,DOM,94.3,96.6,North America,95.44999999999999,-2.299999999999997,7.03,58.49333333333333,0.0
Dominican Republic,DOM,2002,87.0,DOM,93.8,96.5,North America,95.15,-2.700000000000003,7.03,63.06,19.17808219178083
Dominican Republic,DOM,2003,87.0,DOM,94.7,96.9,North America,95.80000000000001,-2.200000000000003,7.03,63.27666666666667,0.0
Dominican Republic,DOM,2004,87.0,DOM,95.2,96.7,North America,95.95,-1.5,7.03,63.32666666666666,0.0
Dominican Republic,DOM,2005,87.0,DOM,96.2,97.3,North America,96.75,-1.0999999999999943,7.54,63.76333333333333,0.0
Dominican Republic,DOM,2006,87.0,DOM,95.3,97.9,North America,96.6,-2.6000000000000085,7.54,63.71333333333333,0.0
Dominican Republic,DOM,2007,88.0,DOM,97.2,97.8,North America,97.5,-0.5999999999999943,7.54,64.34666666666666,1.1494252873563315
Dominican Republic,DOM,2008,88.0,DOM,95.6,97.4,North America,96.5,-1.8000000000000114,7.54,64.01333333333334,0.0
Dominican Republic,DOM,2009,88.0,DOM,96.2,98.4,North America,97.30000000000001,-2.200000000000003,7.54,64.28,0.0
Dominican Republic,DOM,2010,90.0,DOM,96.2,97.9,North America,97.05000000000001,-1.7000000000000028,8.12,65.05666666666667,2.2727272727272707
Dominican Republic,DOM,2011,90.0,DOM,96.5,98.6,North America,97.55,-2.0999999999999943,8.12,65.22333333333334,0.0
Dominican Republic,DOM,2012,90.0,DOM,96.7,98.0,North America,97.35,-1.2999999999999972,8.12,65.15666666666667,0.0
Dominican Republic,DOM,2013,91.0,DOM,97.6,98.3,North America,97.94999999999999,-0.7000000000000028,8.12,65.69,1.1111111111111072
Dominican Republic,DOM,2014,92.0,DOM,98.0,98.2,North America,98.1,-0.20000000000000284,8.12,66.07333333333334,1.098901098901095
Dominican Republic,DOM,2015,92.0,DOM,98.1,98.1,North America,98.1,0.0,8.48,66.19333333333333,0.0
Dominican Republic,DOM,2016,94.0,DOM,98.1,98.8,North America,98.44999999999999,-0.7000000000000028,8.48,66.97666666666666,2.1739130434782705
Dominican Republic,DOM,2017,94.0,DOM,97.8,98.4,North America,98.1,-0.6000000000000085,8.48,66.86,0.0
Dominican Republic,DOM,2018,94.0,DOM,98.0,99.1,North America,98.55,-1.0999999999999943,8.48,67.01,0.0
Dominican Republic,DOM,2019,94.0,DOM,98.3,99.1,North America,98.69999999999999,-0.7999999999999972,8.48,67.05999999999999,0.0
Dominican Republic,DOM,2020,94.0,DOM,98.6,99.1,North America,98.85,-0.5,9.04,67.29666666666667,0.0
Dominican Republic,DOM,2021,94.0,DOM,98.7,99.0,North America,98.85,-0.29999999999999716,9.04,67.29666666666667,0.0
Dominican Republic,DOM,2022,94.0,DOM,98.1,98.9,North America,98.5,-0.8000000000000114,9.04,67.17999999999999,0.0
Dominican Republic,DOM,2023,94.0,DOM,98.3,98.8,North America,98.55,-0.5,9.04,67.19666666666667,0.0
East Asia And Pacific (Wb),DOM,1990,81.17076,DOM,96.40288,92.07513,North America,94.23900499999999,4.327749999999995,9.04,61.48325499999999,
East Asia And Pacific (Wb),DOM,1991,81.71117,DOM,96.42215,92.39921,North America,94.41068,4.0229400000000055,9.04,61.720616666666665,0.6657692991909769
East Asia And Pacific (Wb),DOM,1992,82.22357,DOM,96.44241,92.70293,North America,94.57266999999999,3.7394800000000004,9.04,61.94541333333333,0.6270868474897551
East Asia And Pacific (Wb),DOM,1993,82.68984,DOM,96.4574,92.95647,North America,94.706935,3.500930000000011,9.04,62.14559166666666,0.5670758396892905
East Asia And Pacific (Wb),DOM,1994,83.24469,DOM,96.56721,93.35312,North America,94.960165,3.214089999999999,9.04,62.41495166666667,0.6710014192795599
East Asia And Pacific (Wb),DOM,1995,83.8043,DOM,96.69341,93.7574,North America,95.225405,2.936009999999996,9.04,62.68990166666666,0.6722470826667548
East Asia And Pacific (Wb),DOM,1996,84.29005,DOM,96.79782,94.08663,North America,95.44222500000001,2.711190000000002,9.04,62.92409166666667,0.5796241958944792
East Asia And Pacific (Wb),DOM,1997,89.27749,DOM,98.02458,96.96976,North America,97.49717,1.0548200000000065,9.04,65.27155333333333,5.916997320561568
East Asia And Pacific (Wb),DOM,1998,89.64291,DOM,98.0536,97.10172,North America,97.57766000000001,0.9518800000000027,9.04,65.42019,0.4093081021879108
East Asia And Pacific (Wb),DOM,1999,89.96028,DOM,98.07207,97.24602,North America,97.65904499999999,0.8260499999999951,9.04,65.55310833333333,0.3540380382564434
East Asia And Pacific (Wb),DOM,2000,90.32185,DOM,98.10066,97.24828,North America,97.67447,0.8523800000000108,9.04,65.67877333333333,0.4019218259436297
East Asia And Pacific (Wb),DOM,2001,90.63564,DOM,98.10212,97.37758,North America,97.73984999999999,0.7245400000000046,9.04,65.80516333333333,0.3474131674672254
East Asia And Pacific (Wb),DOM,2002,90.98982,DOM,98.14776,97.50698,North America,97.82737,0.6407800000000066,9.04,65.95239666666666,0.39077343084905625
East Asia And Pacific (Wb),DOM,2003,91.36144,DOM,98.21947,97.72554,North America,97.972505,0.493930000000006,9.04,66.12464833333333,0.4084193154794802
East Asia And Pacific (Wb),DOM,2004,91.69448,DOM,98.30039,97.84924,North America,98.074815,0.4511499999999984,9.04,66.26976499999999,0.36453015626722873
East Asia And Pacific (Wb),DOM,2005,92.02961,DOM,98.35316,97.97492,North America,98.16404,0.37824000000000524,9.04,66.41121666666666,0.36548546869996645
East Asia And Pacific (Wb),DOM,2006,92.37919,DOM,98.18339,97.8041,North America,97.993745,0.37928999999999746,9.04,66.47097833333332,0.3798560050401134
East Asia And Pacific (Wb),DOM,2007,93.5125,DOM,98.50984,98.20255,North America,98.356195,0.30728999999999473,9.04,66.969565,1.2268022700783643
East Asia And Pacific (Wb),DOM,2008,93.81618,DOM,98.81036,98.61238,North America,98.71137,0.19798000000000116,9.04,67.18918333333333,0.32474802833846184
East Asia And Pacific (Wb),DOM,2009,94.08518,DOM,98.74872,98.60713,North America,98.677925,0.14159000000000788,9.04,67.26770166666667,0.2867309242392757
East Asia And Pacific (Wb),DOM,2010,94.20017,DOM,98.69274,98.5755,North America,98.63412,0.11723999999999535,9.04,67.29143,0.1222190359842168
East Asia And Pacific (Wb),DOM,2011,93.8646,DOM,98.28942,98.15948,North America,98.22445,0.12994000000000483,9.04,67.04301666666666,-0.3562307796259878
East Asia And Pacific (Wb),DOM,2012,94.09502,DOM,98.32583,98.21486,North America,98.27034499999999,0.11096999999999468,9.04,67.13512166666666,0.2454812570447329
East Asia And Pacific (Wb),DOM,2013,94.20693,DOM,98.33456,98.28557,North America,98.31006500000001,0.04898999999998921,9.04,67.185665,0.1189329679721629
East Asia And Pacific (Wb),DOM,2014,94.71124,DOM,98.53776,98.5517,North America,98.54473,-0.01393999999999096,9.04,67.43199,0.5353215522467369
East Asia And Pacific (Wb),DOM,2015,94.92792,DOM,98.60747,98.5754,North America,98.591435,0.032070000000004484,9.04,67.519785,0.22877960419480647
East Asia And Pacific (Wb),DOM,2016,95.13196,DOM,98.6197,98.60907,North America,98.614385,0.010629999999991924,9.04,67.59544833333334,0.2149420318068751
East Asia And Pacific (Wb),DOM,2017,95.32305,DOM,98.61173,98.6212,North America,98.616465,-0.009470000000007417,9.04,67.65983833333333,0.20086835170849415
East Asia And Pacific (Wb),DOM,2018,95.36943,DOM,98.50946,98.59121,North America,98.550335,-0.08174999999999955,9.04,67.65325499999999,0.04865559799021035
East Asia And Pacific (Wb),DOM,2019,95.80688,DOM,98.83422,98.96828,North America,98.90125,-0.13405999999999096,9.04,67.91604333333333,0.4586899596652927
East Asia And Pacific (Wb),DOM,2020,96.0287,DOM,98.93899,99.04304,North America,98.991015,-0.10405000000000086,9.04,68.01990500000001,0.2315282576783595
East Asia And Pacific (Wb),DOM,2021,96.16493,DOM,98.96167,99.0817,North America,99.02168499999999,-0.12002999999999986,9.04,68.07553833333333,0.14186383862324625
East Asia And Pacific (Wb),DOM,2022,96.30093,DOM,98.98314,99.13032,North America,99.05673,-0.14717999999999165,9.04,68.13255333333333,0.14142369780749675
East Asia And Pacific (Wb),DOM,2023,96.43049,DOM,99.0027,99.16245,North America,99.082575,-0.1597500000000025,9.04,68.184355,0.13453660312523485
East Timor,TLS,2001,38.0,DOM,99.0027,99.16245,North America,99.082575,-0.1597500000000025,9.04,48.707525000000004,
East Timor,TLS,2007,51.0,DOM,99.0027,99.16245,North America,99.082575,-0.1597500000000025,9.04,53.04085833333334,34.210526315789465
East Timor,TLS,2009,51.0,TLS,87.25,83.71,Asia,85.47999999999999,3.5400000000000063,9.04,48.50666666666666,0.0
East Timor,TLS,2010,58.0,TLS,80.0,79.0,Asia,79.5,1.0,9.04,48.846666666666664,13.725490196078427
East Timor,TLS,2016,65.77913,TLS,89.55101,88.72531,Asia,89.13816,0.8257000000000119,9.04,54.65242999999999,13.41229310344827
Eastern And South-Eastern Asia (Sdg),TLS,1990,81.18364,TLS,96.50264,92.16502,Asia,94.33383,4.337620000000001,9.04,61.51915666666667,
Eastern And South-Eastern Asia (Sdg),TLS,1991,81.73081,TLS,96.52341,92.49314,Asia,94.508275,4.030270000000002,9.04,61.759694999999994,0.6739904739427871
Eastern And South-Eastern Asia (Sdg),TLS,1992,82.24957,TLS,96.54519,92.80164,Asia,94.673415,3.743549999999999,9.04,61.98766166666667,0.6347178010348786
Eastern And South-Eastern Asia (Sdg),TLS,1993,82.72173,TLS,96.56196,93.06,Asia,94.81098,3.501959999999997,9.04,62.19090333333333,0.5740577123989787
Eastern And South-Eastern Asia (Sdg),TLS,1994,83.28386,TLS,96.6759,93.46461,Asia,95.070255,3.2112900000000053,9.04,62.464705,0.6795433316010291
Eastern And South-Eastern Asia (Sdg),TLS,1995,83.85079,TLS,96.80654,93.87752,Asia,95.34203,2.929019999999994,9.04,62.744273333333325,0.6807201299267263
Eastern And South-Eastern Asia (Sdg),TLS,1996,84.34014,TLS,96.91575,94.21008,Asia,95.562915,2.705669999999998,9.04,62.98101833333333,0.5835961712465698
Eastern And South-Eastern Asia (Sdg),TLS,1997,89.39987,TLS,98.16245,97.13049,Asia,97.64647,1.0319600000000122,9.04,65.36211333333333,5.999195638043764
Eastern And South-Eastern Asia (Sdg),TLS,1998,89.76716,TLS,98.19519,97.26268,Asia,97.728935,0.9325099999999935,9.04,65.51203166666667,0.4108395235921547
Eastern And South-Eastern Asia (Sdg),TLS,1999,90.08641,TLS,98.22033,97.41061,Asia,97.81547,0.8097199999999987,9.04,65.64729333333334,0.35564230838982525
Eastern And South-Eastern Asia (Sdg),TLS,2000,90.45192,TLS,98.25711,97.41581,Asia,97.83645999999999,0.8413000000000039,9.04,65.77612666666666,0.40573267377399524
Eastern And South-Eastern Asia (Sdg),TLS,2001,90.76801,TLS,98.26271,97.5457,Asia,97.90420499999999,0.7170100000000019,9.04,65.90407166666667,0.3494563741709422
Eastern And South-Eastern Asia (Sdg),TLS,2002,91.12475,TLS,98.31304,97.67487,Asia,97.993955,0.6381700000000023,9.04,66.05290166666667,0.3930239299065885
Eastern And South-Eastern Asia (Sdg),TLS,2003,91.49954,TLS,98.38914,97.89353,Asia,98.141335,0.4956099999999992,9.04,66.22695833333333,0.41129330944664755
Eastern And South-Eastern Asia (Sdg),TLS,2004,91.83497,TLS,98.47451,98.01609,Asia,98.2453,0.4584199999999896,9.04,66.37342333333332,0.36659200691064875
Eastern And South-Eastern Asia (Sdg),TLS,2005,92.17309,TLS,98.53169,98.14126,Asia,98.33647500000001,0.39042999999999495,9.04,66.51652166666666,0.3681821859363721
Eastern And South-Eastern Asia (Sdg),TLS,2006,92.52596,TLS,98.36356,97.96613,Asia,98.16484500000001,0.39742999999999995,9.04,66.576935,0.38283407879675657
Eastern And South-Eastern Asia (Sdg),TLS,2007,93.67552,TLS,98.70143,98.37064,Asia,98.536035,0.33079000000000747,9.04,67.08385166666666,1.242418884386609
Eastern And South-Eastern Asia (Sdg),TLS,2008,93.98298,TLS,99.01506,98.78818,Asia,98.90162000000001,0.2268800000000084,9.04,67.3082,0.32821808728682456
Eastern And South-Eastern Asia (Sdg),TLS,2009,94.25554,TLS,98.95905,98.78162,Asia,98.87033500000001,0.1774300000000011,9.04,67.388625,0.29000995712202826
Eastern And South-Eastern Asia (Sdg),TLS,2010,94.37094,TLS,98.90729,98.74636,Asia,98.826825,0.16093000000000757,9.04,67.41258833333333,0.1224331217029917
Eastern And South-Eastern Asia (Sdg),TLS,2011,94.03088,TLS,98.50358,98.32828,Asia,98.41593,0.1752999999999929,9.04,67.16226999999999,-0.360343978771438
Eastern And South-Eastern Asia (Sdg),TLS,2012,94.26621,TLS,98.54806,98.39026,Asia,98.46916,0.15780000000000882,9.04,67.25845666666666,0.250268847850843
Eastern And South-Eastern Asia (Sdg),TLS,2013,94.38122,TLS,98.566,98.46905,Asia,98.517525,0.09695000000000675,9.04,67.312915,0.12200554154027099
Eastern And South-Eastern Asia (Sdg),TLS,2014,94.89836,TLS,98.78386,98.74792,Asia,98.76589,0.03594000000001074,9.04,67.56808333333332,0.5479268015395444
Eastern And South-Eastern Asia (Sdg),TLS,2015,95.12345,TLS,98.86771,98.78167,Asia,98.82469,0.08603999999999701,9.04,67.66271333333334,0.2371906110917088
Eastern And South-Eastern Asia (Sdg),TLS,2016,95.33295,TLS,98.89226,98.82578,Asia,98.85901999999999,0.06647999999999854,9.04,67.74398999999998,0.2202401195499082
Eastern And South-Eastern Asia (Sdg),TLS,2017,95.52963,TLS,98.89327,98.84568,Asia,98.869475,0.04758999999999958,9.04,67.813035,0.20630852186993565
Eastern And South-Eastern Asia (Sdg),TLS,2018,95.57909,TLS,98.79708,98.82176,Asia,98.80941999999999,-0.024680000000003588,9.04,67.80950333333332,0.05177451226388019
Eastern And South-Eastern Asia (Sdg),TLS,2019,96.02655,TLS,99.1361,99.213,Asia,99.17455,-0.07689999999999486,9.04,68.08036666666666,0.46815679036074087
Eastern And South-Eastern Asia (Sdg),TLS,2020,96.25462,TLS,99.24863,99.2941,Asia,99.271365,-0.04546999999999457,9.04,68.18866166666666,0.23750723107307525
Eastern And South-Eastern Asia (Sdg),TLS,2021,96.39394,TLS,99.2751,99.33651,Asia,99.30580499999999,-0.06141000000000929,9.04,68.24658166666667,0.14474110437503462
Eastern And South-Eastern Asia (Sdg),TLS,2022,96.53545,TLS,99.30309,99.39149,Asia,99.34729,-0.08840000000000714,9.04,68.30758,0.14680383434892974
Eastern And South-Eastern Asia (Sdg),TLS,2023,96.6705,TLS,99.32656,99.42854,Asia,99.37755,-0.10197999999999752,9.04,68.36268333333332,0.13989679439003755
Ecuador,ECU,1990,88.0,ECU,97.0,96.0,South America,96.5,1.0,7.23,63.91,
Ecuador,ECU,2001,91.0,ECU,97.6,97.3,South America,97.44999999999999,0.29999999999999716,7.41,65.28666666666666,3.409090909090917
Ecuador,ECU,2003,91.0,ECU,96.5,97.4,South America,96.95,-0.9000000000000057,7.41,65.11999999999999,0.0
Ecuador,ECU,2005,91.0,ECU,98.3,98.2,South America,98.25,0.09999999999999432,7.7,65.64999999999999,0.0
Ecuador,ECU,2006,91.0,ECU,98.3,98.1,South America,98.19999999999999,0.20000000000000284,7.7,65.63333333333333,0.0
Ecuador,ECU,2007,92.0,ECU,98.2,98.6,South America,98.4,-0.3999999999999915,7.7,66.03333333333333,1.098901098901095
Ecuador,ECU,2008,92.0,ECU,98.4,98.5,South America,98.45,-0.09999999999999432,7.7,66.05,0.0
Ecuador,ECU,2009,92.0,ECU,98.7,98.9,South America,98.80000000000001,-0.20000000000000284,7.7,66.16666666666667,0.0
Ecuador,ECU,2010,92.0,ECU,98.5,98.9,South America,98.7,-0.4000000000000057,8.02,66.24,0.0
Ecuador,ECU,2011,92.0,ECU,98.6,98.8,South America,98.69999999999999,-0.20000000000000284,8.02,66.24,0.0
Ecuador,ECU,2012,92.0,ECU,98.8,98.9,South America,98.85,-0.10000000000000853,8.02,66.29,0.0
Ecuador,ECU,2013,93.0,ECU,98.6,98.6,South America,98.6,0.0,8.02,66.54,1.0869565217391353
Ecuador,ECU,2014,94.0,ECU,99.0,99.2,South America,99.1,-0.20000000000000284,8.02,67.04,1.0752688172043001
Ecuador,ECU,2015,94.0,ECU,99.3,98.9,South America,99.1,0.3999999999999915,8.54,67.21333333333332,0.0
Ecuador,ECU,2016,94.0,ECU,99.0,99.1,South America,99.05,-0.09999999999999432,8.54,67.19666666666667,0.0
Ecuador,ECU,2017,93.0,ECU,99.1,99.4,South America,99.25,-0.30000000000001137,8.54,66.92999999999999,-1.0638297872340385
Ecuador,ECU,2018,93.0,ECU,98.9,99.1,South America,99.0,-0.19999999999998863,8.54,66.84666666666666,0.0
Ecuador,ECU,2019,93.0,ECU,98.2,98.8,South America,98.5,-0.5999999999999943,8.54,66.67999999999999,0.0
Ecuador,ECU,2020,94.0,ECU,98.5,99.1,South America,98.8,-0.5999999999999943,9.07,67.29,1.0752688172043001
Ecuador,ECU,2021,94.0,ECU,99.0,99.2,South America,99.1,-0.20000000000000284,9.07,67.39,0.0
Ecuador,ECU,2022,94.0,ECU,99.0,99.2,South America,99.1,-0.20000000000000284,9.07,67.39,0.0
Ecuador,ECU,2023,94.0,ECU,99.0,99.3,South America,99.15,-0.29999999999999716,9.07,67.40666666666667,0.0
Egypt,EGY,1996,56.0,EGY,79.0,67.0,Africa,73.0,12.0,5.36,44.78666666666667,
Egypt,EGY,2000,56.0,EGY,79.0,77.19,Africa,78.095,1.8100000000000023,6.3,46.79833333333334,0.0
Egypt,EGY,2005,67.0,EGY,90.0,79.0,Africa,84.5,11.0,6.93,52.81,19.64285714285714
Egypt,EGY,2006,66.0,EGY,88.0,82.0,Africa,85.0,6.0,6.93,52.64333333333334,-1.4925373134328401
Egypt,EGY,2010,72.0,EGY,91.0,84.0,Africa,87.5,7.0,7.44,55.64666666666667,9.090909090909083
Egypt,EGY,2012,74.0,EGY,92.0,86.0,Africa,89.0,6.0,7.44,56.81333333333333,2.777777777777768
Egypt,EGY,2013,72.0,EGY,94.0,90.0,Africa,92.0,4.0,7.44,57.14666666666667,-2.7027027027026973
Egypt,EGY,2014,72.0,EGY,94.0,94.08,Africa,94.03999999999999,-0.0799999999999983,7.44,57.82666666666666,0.0
Egypt,EGY,2017,71.0,EGY,89.0,87.0,Africa,88.0,2.0,7.53,55.51,-1.388888888888884
Egypt,EGY,2022,71.0,EGY,95.51,94.82,Africa,95.16499999999999,0.6900000000000119,8.01,58.05833333333333,0.0
El Salvador,SLV,1992,74.0,SLV,85.0,85.0,North America,85.0,0.0,5.08,54.693333333333335,
El Salvador,SLV,2000,74.0,SLV,92.2,92.6,North America,92.4,-0.3999999999999915,7.04,57.81333333333333,0.0
El Salvador,SLV,2001,74.0,SLV,93.5,93.6,North America,93.55,-0.09999999999999432,7.04,58.196666666666665,0.0
El Salvador,SLV,2002,74.0,SLV,92.9,93.6,North America,93.25,-0.6999999999999886,7.04,58.096666666666664,0.0
El Salvador,SLV,2003,74.0,SLV,93.3,93.4,North America,93.35,-0.10000000000000853,7.04,58.129999999999995,0.0
El Salvador,SLV,2004,74.0,SLV,93.7,94.0,North America,93.85,-0.29999999999999716,7.04,58.29666666666666,0.0
El Salvador,SLV,2005,74.0,SLV,94.9,94.9,North America,94.9,0.0,8.08,58.99333333333334,0.0
El Salvador,SLV,2006,84.0,SLV,94.4,95.5,North America,94.95,-1.0999999999999943,8.08,62.343333333333334,13.513513513513509
El Salvador,SLV,2007,82.0,SLV,95.2,95.8,North America,95.5,-0.5999999999999943,8.08,61.86000000000001,-2.3809523809523836
El Salvador,SLV,2008,84.0,SLV,95.0,96.0,North America,95.5,-1.0,8.08,62.52666666666667,2.4390243902439046
El Salvador,SLV,2009,84.0,SLV,95.1,96.1,North America,95.6,-1.0,8.08,62.56,0.0
El Salvador,SLV,2010,84.0,SLV,95.7,96.4,North America,96.05000000000001,-0.7000000000000028,8.06,62.70333333333334,0.0
El Salvador,SLV,2011,85.0,SLV,96.0,97.0,North America,96.5,-1.0,8.06,63.18666666666667,1.1904761904761862
El Salvador,SLV,2012,85.0,SLV,96.7,97.6,North America,97.15,-0.8999999999999915,8.06,63.403333333333336,0.0
El Salvador,SLV,2013,87.0,SLV,96.9,97.5,North America,97.2,-0.5999999999999943,8.06,64.08666666666666,2.35294117647058
El Salvador,SLV,2014,87.0,SLV,97.3,98.2,North America,97.75,-0.9000000000000057,8.06,64.27,0.0
El Salvador,SLV,2015,88.0,SLV,97.5,98.4,North America,97.95,-0.9000000000000057,7.67,64.53999999999999,1.1494252873563315
El Salvador,SLV,2016,88.0,SLV,97.7,98.3,North America,98.0,-0.5999999999999943,7.67,64.55666666666666,0.0
El Salvador,SLV,2017,88.0,SLV,97.8,98.1,North America,97.94999999999999,-0.29999999999999716,7.67,64.53999999999999,0.0
El Salvador,SLV,2018,89.0,SLV,97.7,98.2,North America,97.95,-0.5,7.67,64.87333333333332,1.1363636363636465
El Salvador,SLV,2019,89.0,SLV,98.0,98.7,North America,98.35,-0.7000000000000028,7.67,65.00666666666666,0.0
El Salvador,SLV,2020,90.0,SLV,98.3,98.7,North America,98.5,-0.4000000000000057,8.1,65.53333333333333,1.1235955056179803
El Salvador,SLV,2021,90.0,SLV,97.8,98.3,North America,98.05,-0.5,8.1,65.38333333333334,0.0
El Salvador,SLV,2022,90.0,SLV,98.0,98.6,North America,98.3,-0.5999999999999943,8.1,65.46666666666667,0.0
El Salvador,SLV,2023,90.0,SLV,97.6,98.5,North America,98.05,-0.9000000000000057,8.1,65.38333333333334,0.0
Equatorial Guinea,GNQ,2000,88.0,GNQ,98.0,97.0,Africa,97.5,1.0,8.1,64.53333333333333,
Eritrea,ERI,2002,53.0,ERI,86.0,69.0,Africa,77.5,17.0,8.1,46.199999999999996,
Eritrea,ERI,2008,65.0,ERI,91.0,83.0,Africa,87.0,8.0,8.1,53.36666666666667,22.64150943396226
Estonia,EST,2000,100.0,EST,100.0,100.0,Europe,100.0,0.0,8.1,69.36666666666666,
Estonia,EST,2011,100.0,EST,100.0,100.0,Europe,100.0,0.0,8.1,69.36666666666666,0.0
Eswatini,SWZ,2000,82.0,SWZ,91.0,93.0,Africa,92.0,-2.0,4.62,59.54,
Eswatini,SWZ,2006,82.0,SWZ,88.81,93.58,Africa,91.195,-4.769999999999996,4.64,59.27833333333333,0.0
Eswatini,SWZ,2010,82.0,SWZ,88.81,96.32,Africa,92.565,-7.509999999999991,5.33,59.965,0.0
Eswatini,SWZ,2014,82.0,SWZ,88.81,100.0,Africa,94.405,-11.189999999999998,5.33,60.57833333333334,0.0
Eswatini,SWZ,2022,90.74702,SWZ,98.55315,98.77755,Africa,98.66535,-0.22440000000000282,6.46,65.29079,10.667097560975613
Ethiopia,ETH,1994,27.0,ETH,39.0,28.0,Africa,33.5,11.0,6.46,22.319999999999997,
Ethiopia,ETH,2000,27.0,ETH,49.47,27.02,Africa,38.245,22.45,6.46,23.901666666666667,0.0
Ethiopia,ETH,2004,36.0,ETH,62.0,39.0,Africa,50.5,23.0,6.46,30.986666666666665,33.33333333333333
Ethiopia,ETH,2005,36.0,ETH,60.07,34.06,Africa,47.065,26.009999999999998,6.46,29.841666666666665,0.0
Ethiopia,ETH,2007,39.0,ETH,63.0,47.0,Africa,55.0,16.0,6.46,33.486666666666665,8.333333333333325
Ethiopia,ETH,2011,39.0,ETH,65.08,43.65,Africa,54.364999999999995,21.43,6.46,33.275,0.0
Ethiopia,ETH,2016,47.49159,ETH,79.13417,64.5676,Africa,71.850885,14.566569999999999,6.46,41.934158333333336,21.773307692307696
Ethiopia,ETH,2019,47.49159,ETH,79.13417,70.29423,Africa,74.7142,8.839939999999999,6.46,42.88859666666667,0.0
Europe And Central Asia (Wb),ETH,1990,47.49159,ETH,99.29788,98.59226,Africa,98.94507,0.7056200000000104,11.9022875,52.77964916666667,
Europe And Central Asia (Wb),ETH,1991,47.49159,ETH,99.30632,98.63546,Africa,98.97089,0.6708600000000047,11.9022875,52.78825583333333,0.0
Europe And Central Asia (Wb),ETH,1992,47.49159,ETH,99.14109,98.60188,Africa,98.871485,0.5392100000000113,11.9022875,52.755120833333336,0.0
Europe And Central Asia (Wb),ETH,1993,47.49159,ETH,99.14551,98.64055,Africa,98.89303000000001,0.504959999999997,11.9022875,52.762302500000004,0.0
Europe And Central Asia (Wb),ETH,1994,95.93806,ETH,99.15435,98.69671,Africa,98.92553,0.4576399999999978,11.9022875,68.92195916666667,102.01062967148498
Europe And Central Asia (Wb),ETH,1995,96.06758,ETH,99.15745,98.73289,Africa,98.94516999999999,0.4245599999999996,11.9022875,68.97167916666666,0.13500377222555038
Europe And Central Asia (Wb),ETH,1996,96.22135,ETH,99.16376,98.77194,Africa,98.96785,0.3918199999999956,11.9022875,69.03049583333333,0.16006440466178606
Europe And Central Asia (Wb),ETH,1997,96.3414,ETH,99.16921,98.8102,Africa,98.989705,0.35901000000001204,11.9022875,69.07779749999999,0.12476441039332986
Europe And Central Asia (Wb),ETH,1998,96.48624,ETH,99.14203,98.83175,Africa,98.98689,0.3102800000000059,11.9022875,69.12513916666667,0.15034035212275754
Europe And Central Asia (Wb),ETH,1999,96.59245,ETH,99.12084,98.84616,Africa,98.98349999999999,0.2746800000000036,11.9022875,69.15941249999999,0.11007787224375232
Europe And Central Asia (Wb),ETH,2000,96.65252,ETH,99.27405,98.82764,Africa,99.05084500000001,0.4464100000000002,11.9022875,69.20188416666667,0.06218912554758482
Europe And Central Asia (Wb),ETH,2001,96.7528,ETH,99.28998,98.86257,Africa,99.07627500000001,0.42740999999999474,11.9022875,69.2437875,0.10375311476618077
Europe And Central Asia (Wb),ETH,2002,96.91116,ETH,99.34685,98.91292,Africa,99.129885,0.4339300000000037,11.9022875,69.31444416666666,0.16367484972010793
Europe And Central Asia (Wb),ETH,2003,97.00517,ETH,99.34642,98.93462,Africa,99.14052,0.4117999999999995,11.9022875,69.34932583333334,0.09700637160880987
Europe And Central Asia (Wb),ETH,2004,97.09123,ETH,99.32986,98.9432,Africa,99.13653,0.386659999999992,11.9022875,69.3766825,0.08871692096410477
Europe And Central Asia (Wb),ETH,2005,97.21017,ETH,99.37011,99.01076,Africa,99.19043500000001,0.35934999999999206,11.9022875,69.4342975,0.12250334041499222
Europe And Central Asia (Wb),ETH,2006,97.27016,ETH,99.38467,99.02952,Africa,99.20709500000001,0.35514999999999475,11.9022875,69.45984750000001,0.06171165012878177
Europe And Central Asia (Wb),ETH,2007,97.35178,ETH,99.40214,99.0562,Africa,99.22917000000001,0.3459399999999988,11.9022875,69.49441250000001,0.08391062582810971
Europe And Central Asia (Wb),ETH,2008,97.47324,ETH,99.41971,99.08809,Africa,99.25389999999999,0.3316200000000009,11.9022875,69.5431425,0.12476402588632585
Europe And Central Asia (Wb),ETH,2009,97.73077,ETH,99.5298,99.31396,Africa,99.42187999999999,0.21584000000000003,11.9022875,69.68497916666666,0.26420584767676836
Europe And Central Asia (Wb),ETH,2010,97.89465,ETH,99.559,99.38538,Africa,99.47219,0.17361999999999966,11.9022875,69.75637583333334,0.16768516200167394
Europe And Central Asia (Wb),ETH,2011,98.03516,ETH,99.59864,99.46198,Africa,99.53031,0.13666000000000622,11.9022875,69.82258583333333,0.14353184775675043
Europe And Central Asia (Wb),ETH,2012,98.13266,ETH,99.62316,99.51233,Africa,99.567745,0.11082999999999288,11.9022875,69.86756416666667,0.0994541142177896
Europe And Central Asia (Wb),ETH,2013,98.19623,ETH,99.64314,99.5471,Africa,99.59512000000001,0.09604000000000212,11.9022875,69.89787916666667,0.06477965643649775
Europe And Central Asia (Wb),ETH,2014,98.23871,ETH,99.66125,99.57678,Africa,99.61901499999999,0.08446999999999605,11.9022875,69.92000416666666,0.043260316612969696
Europe And Central Asia (Wb),ETH,2015,98.28185,ETH,99.66372,99.6026,Africa,99.63316,0.061120000000002506,11.9022875,69.93909916666667,0.04391344308165568
Europe And Central Asia (Wb),ETH,2016,98.33891,ETH,99.67653,99.6327,Africa,99.654615,0.043829999999999814,11.9022875,69.96527083333334,0.0580575151973628
Europe And Central Asia (Wb),ETH,2017,98.41798,ETH,99.68803,99.67333,Africa,99.68068,0.01469999999999061,11.9022875,70.00031583333333,0.08040560953950227
Europe And Central Asia (Wb),ETH,2018,98.50179,ETH,99.73709,99.71808,Africa,99.727585,0.01900999999999442,11.9022875,70.0438875,0.08515720399870919
Europe And Central Asia (Wb),ETH,2019,98.56401,ETH,99.74954,99.74016,Africa,99.74485,0.00937999999999306,11.9022875,70.0703825,0.06316636479397619
Europe And Central Asia (Wb),ETH,2020,98.60383,ETH,99.73968,99.75049,Africa,99.745085,-0.010809999999992215,11.9022875,70.08373416666667,0.04040014199910846
Europe And Central Asia (Wb),ETH,2021,98.64628,ETH,99.75074,99.75854,Africa,99.75464,-0.007800000000003138,11.9022875,70.10106916666666,0.043051066069144106
Europe And Central Asia (Wb),ETH,2022,98.66442,ETH,99.75511,99.76337,Africa,99.75924,-0.008259999999992829,11.9022875,70.10864916666667,0.01838893468664171
Europe And Central Asia (Wb),ETH,2023,98.68871,ETH,99.75977,99.76482,Africa,99.762295,-0.005049999999997112,11.9022875,70.11776416666667,0.024618803820053436
Europe And Northern America (Sdg),ETH,2002,98.68871,ETH,99.47237,99.50273,Africa,99.48755,-0.03036000000000172,,,
Europe And Northern America (Sdg),ETH,2003,97.8978,ETH,99.48047,99.5103,Africa,99.495385,-0.02983000000000402,11.9022875,69.7651575,-0.8014189262378624
Europe And Northern America (Sdg),ETH,2004,97.95613,ETH,99.4866,99.51708,Africa,99.50184,-0.030480000000011387,11.9022875,69.78675249999999,0.05958254424511811
Europe And Northern America (Sdg),ETH,2005,98.00925,ETH,99.49365,99.51734,Africa,99.505495,-0.023690000000001987,11.9022875,69.8056775,0.054228357122720894
Europe And Northern America (Sdg),ETH,2006,98.077,ETH,99.50642,99.51924,Africa,99.51283000000001,-0.012819999999990728,11.9022875,69.83070583333334,0.06912612840115351
Europe And Northern America (Sdg),ETH,2007,98.077,ETH,99.5034,99.52847,Africa,99.515935,-0.02506999999999948,,,0.0
Europe And Northern America (Sdg),ETH,2018,98.61607,ETH,99.66694,99.63965,Africa,99.653295,0.027289999999993597,11.9022875,70.0572175,0.549639568910143
Europe And Northern America (Sdg),ETH,2019,98.64308,ETH,99.67549,99.64386,Africa,99.659675,0.03162999999999272,11.9022875,70.0683475,0.02738904521342178
Europe And Northern America (Sdg),ETH,2020,98.66912,ETH,99.66568,99.64667,Africa,99.65617499999999,0.01900999999999442,11.9022875,70.07586083333332,0.026398202489219535
Europe And Northern America (Sdg),ETH,2021,98.69566,ETH,99.67509,99.64984,Africa,99.662465,0.025249999999999773,11.9022875,70.08680416666667,0.026897979834017427
Europe And Northern America (Sdg),ETH,2022,98.70273,ETH,99.67989,99.65033,Africa,99.66511,0.029560000000003583,11.9022875,70.0900425,0.007163435555312958
Fiji,ETH,2021,98.70273,FJI,96.11,99.41343,Oceania,97.76171500000001,-3.303430000000006,11.52,69.32814833333335,
Gabon,GAB,1993,72.0,GAB,94.0,92.0,Africa,93.0,2.0,11.89,58.96333333333333,
Gabon,GAB,2012,72.0,GAB,94.88,93.77,Africa,94.32499999999999,1.1099999999999994,11.89,59.404999999999994,0.0
Gabon,GAB,2021,88.85834,GAB,94.95532,93.04062,Africa,93.99797000000001,1.9146999999999963,10.18,64.34543666666667,23.414361111111106
Gambia,GMB,2000,37.0,GMB,64.0,41.0,Africa,52.5,23.0,2.77,30.756666666666664,
Gambia,GMB,2006,37.0,GMB,64.0,48.15,Africa,56.075,15.850000000000001,3.39,32.155,0.0
Gambia,GMB,2013,37.0,GMB,78.39,65.85,Africa,72.12,12.540000000000006,3.92,37.68,0.0
Gambia,GMB,2015,51.0,GMB,71.0,64.0,Africa,67.5,7.0,4.42,40.973333333333336,37.83783783783783
Gambia,GMB,2018,53.1602,GMB,74.97817,67.01137,Africa,70.99477,7.966800000000006,4.42,42.85832333333334,4.235686274509809
Gambia,GMB,2021,51.6374,GMB,72.01779,62.55218,Africa,67.284985,9.465610000000005,4.92,41.280795000000005,-2.864549042328668
Georgia,GEO,2002,100.0,GEO,100.0,100.0,Asia,100.0,0.0,4.92,68.30666666666666,
Georgia,GEO,2005,100.0,GEO,100.0,99.9,Asia,99.95,0.09999999999999432,4.92,68.28999999999999,0.0
Georgia,GEO,2014,100.0,GEO,100.0,100.0,Asia,100.0,0.0,4.92,68.30666666666666,0.0
Georgia,GEO,2017,99.0,GEO,100.0,99.0,Asia,99.5,1.0,4.92,67.80666666666666,-1.0000000000000009
Georgia,GEO,2018,99.65366,GEO,99.9046,99.94143,Asia,99.92301499999999,-0.03682999999999481,4.92,68.16555833333332,0.6602626262626199
Georgia,GEO,2022,100.0,GEO,100.0,100.0,Asia,100.0,0.0,4.92,68.30666666666666,0.3475436827909739
Georgia,GEO,2023,99.55547,GEO,98.88482,99.8423,Asia,99.36356,-0.9574799999999897,4.92,67.94634333333333,-0.44452999999999854
Ghana,GHA,2000,58.0,GHA,76.0,65.0,Africa,70.5,11.0,6.67,45.056666666666665,
Ghana,GHA,2003,58.0,GHA,84.77,73.05,Africa,78.91,11.719999999999999,6.67,47.85999999999999,0.0
Ghana,GHA,2006,58.0,GHA,84.77,76.92,Africa,80.845,7.849999999999994,7.28,48.708333333333336,0.0
Ghana,GHA,2010,71.0,GHA,88.0,83.0,Africa,85.5,5.0,7.66,54.72,22.413793103448263
Ghana,GHA,2011,71.0,GHA,88.0,84.6,Africa,86.3,3.4000000000000057,7.66,54.98666666666667,0.0
Ghana,GHA,2014,71.0,GHA,91.17,83.65,Africa,87.41,7.519999999999996,7.66,55.35666666666666,0.0
Ghana,GHA,2017,64.49239,GHA,89.77029,85.2477,Africa,87.508995,4.522590000000008,7.72,53.24046166666667,-9.165647887323946
Ghana,GHA,2021,76.48568,GHA,91.73803,91.30476,Africa,91.521395,0.43326999999999316,8.39,58.79902499999999,18.59644215387273
Greece,GRC,1991,93.0,GRC,99.0,99.0,Europe,99.0,0.0,9.34,67.11333333333333,
Greece,GRC,2001,96.0,GRC,99.0,99.0,Europe,99.0,0.0,9.9,68.3,3.2258064516129004
Greece,GRC,2009,94.0,GRC,100.0,99.0,Europe,99.5,1.0,10.95,68.14999999999999,-2.083333333333337
Guam,GUM,1990,99.0,GUM,100.0,100.0,Oceania,100.0,0.0,11.86,70.28666666666668,
Guatemala,GTM,1994,64.0,GTM,82.0,71.0,North America,76.5,11.0,3.66,48.053333333333335,
Guatemala,GTM,2000,64.0,GTM,87.7,76.3,North America,82.0,11.400000000000006,4.35,50.11666666666667,0.0
Guatemala,GTM,2002,69.0,GTM,86.0,78.0,North America,82.0,8.0,4.35,51.78333333333333,7.8125
Guatemala,GTM,2006,69.0,GTM,91.4,84.8,North America,88.1,6.6000000000000085,4.33,53.81,0.0
Guatemala,GTM,2012,78.0,GTM,95.0,92.0,North America,93.5,3.0,5.21,58.903333333333336,13.043478260869556
Guatemala,GTM,2013,77.0,GTM,94.0,90.0,North America,92.0,4.0,5.21,58.07,-1.2820512820512775
Guatemala,GTM,2014,81.0,GTM,94.9,91.9,North America,93.4,3.0,5.21,59.870000000000005,5.1948051948051965
Guatemala,GTM,2015,80.19509,GTM,96.67467,93.61574,North America,95.145205,3.0589300000000037,5.72,60.353431666666665,-0.9937160493827202
Guatemala,GTM,2018,81.0,GTM,95.0,94.0,North America,94.5,1.0,5.72,60.406666666666666,1.0036898767742608
Guatemala,GTM,2022,83.03117,GTM,95.85535,94.21057,North America,95.03296,1.6447799999999972,6.26,61.44137666666666,2.507617283950614
Guatemala,GTM,2023,83.03117,GTM,97.3,96.7,North America,97.0,0.5999999999999943,6.26,62.09705666666667,0.0
Guinea,GIN,1996,21.0,GIN,44.0,13.0,Africa,28.5,31.0,6.26,18.586666666666666,
Guinea,GIN,2003,30.0,GIN,59.0,34.0,Africa,46.5,25.0,6.26,27.58666666666667,42.85714285714286
Guinea,GIN,2005,30.0,GIN,64.19,24.12,Africa,44.155,40.06999999999999,6.26,26.805000000000003,0.0
Guinea,GIN,2010,25.0,GIN,38.0,22.0,Africa,30.0,16.0,6.26,20.419999999999998,-16.666666666666664
Guinea,GIN,2012,25.0,GIN,71.69,37.24,Africa,54.465,34.449999999999996,6.26,28.575000000000003,0.0
Guinea,GIN,2014,32.0,GIN,57.0,37.0,Africa,47.0,20.0,6.26,28.42,28.000000000000004
Guinea,GIN,2016,32.0,GIN,57.0,46.62764,Africa,51.81382,10.37236,6.26,30.024606666666667,0.0
Guinea,GIN,2018,40.0,GIN,70.0,43.0,Africa,56.5,27.0,6.26,34.25333333333334,25.0
Guinea-Bissau,GNB,2000,41.0,GNB,75.0,46.0,Africa,60.5,29.0,6.26,35.92,
Guinea-Bissau,GNB,2006,41.0,GNB,75.0,35.78,Africa,55.39,39.22,6.26,34.21666666666667,0.0
Guinea-Bissau,GNB,2014,41.0,GNB,75.0,100.0,Africa,87.5,-25.0,6.26,44.919999999999995,0.0
Guinea-Bissau,GNB,2019,54.88232,GNB,81.83359,68.58931,Africa,75.21145,13.244280000000003,6.26,45.451256666666666,33.859317073170736
Guinea-Bissau,GNB,2022,63.93413,GNB,86.19711,78.26567,Africa,82.23139,7.931439999999995,6.26,50.808506666666666,16.49312565503791
Guyana,GNB,2006,63.93413,GUY,86.19711,100.0,South America,93.098555,-13.802890000000005,8.79,55.27422833333333,
Guyana,GNB,2009,63.93413,GUY,95.71,95.91,South America,95.81,-0.20000000000000284,8.79,56.178043333333335,0.0
Guyana,GNB,2014,63.93413,GUY,95.71,100.0,South America,97.85499999999999,-4.290000000000006,9.0,56.92971,0.0
Guyana,GUY,2020,85.63835,GUY,99.26508,99.02955,South America,99.14731499999999,0.23552999999999713,8.52,64.43522166666666,33.947783445242784
Haiti,HTI,2003,59.0,HTI,83.0,81.0,North America,82.0,2.0,4.44,48.48,
Haiti,HTI,2012,59.0,HTI,86.55,84.3,North America,85.425,2.25,5.17,49.865,0.0
Haiti,HTI,2017,68.00986,HTI,88.38471,89.32992,North America,88.857315,-0.945210000000003,5.5,54.122391666666665,15.270949152542368
High-Income Countries,HTI,2004,68.00986,HTI,98.8447,98.70911,North America,98.776905,0.13559000000000765,5.95,57.578921666666666,
High-Income Countries,HTI,2005,68.00986,HTI,98.89156,98.75847,North America,98.82501500000001,0.1330899999999957,5.95,57.59495833333333,0.0
High-Income Countries,HTI,2020,68.00986,HTI,99.22166,99.28018,North America,99.25092000000001,-0.05852000000000146,5.95,57.73692666666667,0.0
High-Income Countries,HTI,2021,68.00986,HTI,99.27138,99.30231,North America,99.286845,-0.030930000000012114,5.95,57.74890166666666,0.0
Honduras,HND,2001,80.0,HND,89.7,92.7,North America,91.2,-3.0,5.87,59.02333333333333,
Honduras,HND,2004,80.0,HND,90.2,91.5,North America,90.85,-1.2999999999999972,5.87,58.906666666666666,0.0
Honduras,HND,2005,80.0,HND,89.9,93.6,North America,91.75,-3.6999999999999886,6.24,59.330000000000005,0.0
Honduras,HND,2007,84.0,HND,93.0,95.0,North America,94.0,-2.0,6.24,61.413333333333334,5.000000000000004
Honduras,HND,2009,84.0,HND,92.6,95.2,North America,93.9,-2.6000000000000085,6.24,61.38,0.0
Honduras,HND,2010,85.0,HND,94.4,95.9,North America,95.15,-1.5,6.6,62.25,1.1904761904761862
Honduras,HND,2011,85.0,HND,94.9,96.9,North America,95.9,-2.0,6.6,62.5,0.0
Honduras,HND,2012,85.0,HND,94.0,96.0,North America,95.0,-2.0,6.6,62.199999999999996,0.0
Honduras,HND,2013,85.0,HND,93.9,96.3,North America,95.1,-2.3999999999999915,6.6,62.23333333333333,0.0
Honduras,HND,2014,87.0,HND,95.0,96.3,North America,95.65,-1.2999999999999972,6.6,63.083333333333336,2.35294117647058
Honduras,HND,2015,88.0,HND,95.0,97.0,North America,96.0,-2.0,7.04,63.68,1.1494252873563315
Honduras,HND,2016,89.0,HND,94.9,97.2,North America,96.05000000000001,-2.299999999999997,7.04,64.03,1.1363636363636465
Honduras,HND,2018,87.0,HND,94.9,98.2,North America,96.55000000000001,-3.299999999999997,7.04,63.53,-2.2471910112359605
Honduras,HND,2019,89.0,HND,94.8,97.3,North America,96.05,-2.5,7.04,64.03,2.298850574712641
Honduras,HND,2023,89.0,HND,94.6,96.5,North America,95.55,-1.9000000000000057,7.51,64.02,0.0
India,IND,1991,48.0,IND,74.0,49.0,Asia,61.5,25.0,3.56,37.68666666666667,
India,IND,2001,61.0,IND,84.0,68.0,Asia,76.0,16.0,5.3,47.43333333333334,27.083333333333325
India,IND,2006,63.0,IND,88.0,74.0,Asia,81.0,14.0,5.94,49.98,3.2786885245901676
India,IND,2011,69.0,IND,90.0,82.0,Asia,86.0,8.0,6.59,53.86333333333334,9.523809523809534
India,IND,2016,69.0,IND,93.55494,86.73757,Asia,90.146255,6.817369999999997,7.31,55.485418333333335,0.0
India,IND,2020,69.0,IND,99.07,90.95,Asia,95.00999999999999,8.11999999999999,7.8,57.27,0.0
India,IND,2022,76.0,IND,97.0,96.0,Asia,96.5,1.0,7.8,60.1,10.144927536231885
India,IND,2023,82.0,IND,98.0,96.0,Asia,97.0,2.0,7.8,62.26666666666667,7.8947368421052655
Indonesia,IDN,1990,82.0,IDN,97.0,95.0,Asia,96.0,2.0,4.44,60.81333333333333,
Indonesia,IDN,2004,90.0,IDN,99.0,99.0,Asia,99.0,0.0,5.41,64.80333333333333,9.756097560975618
Indonesia,IDN,2006,92.0,IDN,97.0,96.0,Asia,96.5,1.0,6.68,65.06,2.2222222222222143
Indonesia,IDN,2008,92.0,IDN,100.0,99.0,Asia,99.5,1.0,6.68,66.06,0.0
Indonesia,IDN,2009,93.0,IDN,100.0,99.0,Asia,99.5,1.0,6.68,66.39333333333333,1.0869565217391353
Indonesia,IDN,2011,93.0,IDN,99.0,99.0,Asia,99.0,0.0,8.02,66.67333333333333,0.0
Indonesia,IDN,2014,95.0,IDN,100.0,100.0,Asia,100.0,0.0,8.02,67.67333333333333,2.1505376344086002
Indonesia,IDN,2015,95.0,IDN,100.0,100.0,Asia,100.0,0.0,8.5,67.83333333333333,0.0
Indonesia,IDN,2016,95.0,IDN,100.0,100.0,Asia,100.0,0.0,8.5,67.83333333333333,0.0
Indonesia,IDN,2017,95.0,IDN,99.93,99.29,Asia,99.61000000000001,0.6400000000000006,8.5,67.70333333333333,0.0
Indonesia,IDN,2018,96.0,IDN,100.0,100.0,Asia,100.0,0.0,8.5,68.16666666666667,1.0526315789473717
Indonesia,IDN,2020,96.0,IDN,100.0,100.0,Asia,100.0,0.0,9.06,68.35333333333334,0.0
Indonesia,IDN,2022,96.0,IDN,92.91,94.72,Asia,93.815,-1.8100000000000023,9.06,66.29166666666667,0.0
Iran,IRN,1991,66.0,IRN,92.0,81.0,Asia,86.5,11.0,5.49,52.663333333333334,
Iran,IRN,1996,73.0,IRN,96.0,91.0,Asia,93.5,5.0,6.69,57.73,10.606060606060597
Iran,IRN,2002,77.0,IRN,96.0,91.0,Asia,93.5,5.0,7.66,59.38666666666666,5.47945205479452
Iran,IRN,2005,82.0,IRN,98.0,97.0,Asia,97.5,1.0,8.49,62.663333333333334,6.493506493506485
Iran,IRN,2006,82.0,IRN,97.0,96.0,Asia,96.5,1.0,8.49,62.330000000000005,0.0
Iran,IRN,2008,83.0,IRN,98.0,97.0,Asia,97.5,1.0,8.49,62.99666666666667,1.2195121951219523
Iran,IRN,2012,84.0,IRN,98.0,98.0,Asia,98.0,0.0,9.15,63.71666666666667,1.2048192771084265
Iran,IRN,2013,85.0,IRN,98.0,97.0,Asia,97.5,1.0,9.15,63.88333333333333,1.1904761904761862
Iran,IRN,2014,85.0,IRN,98.0,98.0,Asia,98.0,0.0,9.15,64.05,0.0
Iran,IRN,2016,86.0,IRN,98.0,98.0,Asia,98.0,0.0,9.37,64.45666666666666,1.17647058823529
Iraq,IRQ,2000,74.0,IRQ,89.0,80.0,Asia,84.5,9.0,6.23,54.91,
Iraq,IRQ,2006,74.0,IRQ,89.0,72.85,Asia,80.925,16.150000000000006,6.6,53.84166666666667,0.0
Iraq,IRQ,2011,74.0,IRQ,89.0,71.93,Asia,80.465,17.069999999999993,7.43,53.965,0.0
Iraq,IRQ,2012,77.0,IRQ,87.0,79.0,Asia,83.0,8.0,7.43,55.81,4.054054054054057
Iraq,IRQ,2014,82.0,IRQ,92.0,86.0,Asia,89.0,6.0,7.43,59.47666666666667,6.493506493506485
Iraq,IRQ,2016,83.0,IRQ,93.0,88.0,Asia,90.5,5.0,7.76,60.419999999999995,1.2195121951219523
Iraq,IRQ,2017,86.0,IRQ,95.0,92.0,Asia,93.5,3.0,7.76,62.419999999999995,3.6144578313253017
Iraq,IRQ,2018,86.0,IRQ,95.0,87.38115,Asia,91.190575,7.618849999999995,7.76,61.650191666666665,0.0
Italy,ITA,2001,98.0,ITA,100.0,100.0,Europe,100.0,0.0,9.73,69.24333333333333,
Italy,ITA,2011,99.0,ITA,100.0,100.0,Europe,100.0,0.0,10.71,69.90333333333334,1.0204081632652962
Italy,ITA,2019,99.0,ITA,100.0,100.0,Europe,100.0,0.0,11.11,70.03666666666668,0.0
Jamaica,JAM,1999,80.0,JAM,87.0,96.0,North America,91.5,-9.0,8.55,60.01666666666667,
Jamaica,JAM,2005,80.0,JAM,87.0,99.77,North America,93.38499999999999,-12.769999999999996,10.09,61.15833333333333,0.0
Jamaica,JAM,2011,80.0,JAM,87.0,99.72,North America,93.36,-12.719999999999999,10.33,61.23000000000001,0.0
Jamaica,JAM,2022,80.0,JAM,88.23,99.29619,North America,93.76309499999999,-11.066189999999992,10.1,61.28769833333333,0.0
Jordan,JOR,2003,90.0,JOR,99.0,99.0,Asia,99.0,0.0,8.72,65.90666666666667,
Jordan,JOR,2005,91.0,JOR,99.0,99.0,Asia,99.0,0.0,9.42,66.47333333333333,1.1111111111111072
Jordan,JOR,2007,92.0,JOR,99.0,99.0,Asia,99.0,0.0,9.42,66.80666666666666,1.098901098901095
Jordan,JOR,2010,93.0,JOR,99.0,99.0,Asia,99.0,0.0,9.92,67.30666666666666,1.0869565217391353
Jordan,JOR,2011,96.0,JOR,99.0,99.0,Asia,99.0,0.0,9.92,68.30666666666666,3.2258064516129004
Jordan,JOR,2012,98.0,JOR,99.0,99.0,Asia,99.0,0.0,9.92,68.97333333333333,2.083333333333326
Jordan,JOR,2018,95.43145,JOR,97.42178,95.90284,Asia,96.66230999999999,1.5189400000000006,10.5,67.53125333333332,-2.620969387755101
Jordan,JOR,2023,95.0,JOR,99.0,99.0,Asia,99.0,0.0,10.81,68.27,-0.4521046258859074
Kazakhstan,KAZ,1999,100.0,KAZ,100.0,100.0,Asia,100.0,0.0,10.81,70.27,
Kazakhstan,KAZ,2006,100.0,KAZ,100.0,100.0,Asia,100.0,0.0,10.81,70.27,0.0
Kazakhstan,KAZ,2009,100.0,KAZ,100.0,100.0,Asia,100.0,0.0,10.81,70.27,0.0
Kazakhstan,KAZ,2015,100.0,KAZ,100.0,100.0,Asia,100.0,0.0,11.69,70.56333333333333,0.0
Kenya,KEN,2000,82.0,KEN,93.0,92.0,Africa,92.5,1.0,5.91,60.13666666666666,
Kenya,KEN,2014,82.0,KEN,94.02,92.31,Africa,93.16499999999999,1.7099999999999937,6.47,60.544999999999995,0.0
Kenya,KEN,2022,82.0,KEN,96.14752,95.28072,Africa,95.71412000000001,0.8667999999999978,6.73,61.48137333333333,0.0
Kiribati,KIR,2018,97.95971,KIR,95.83073,98.50159,Oceania,97.16615999999999,-2.6708599999999905,6.73,67.28528999999999,
Kuwait,KWT,1995,78.0,KWT,94.0,90.0,Asia,92.0,4.0,6.15,58.71666666666667,
Kuwait,KWT,2005,93.0,KWT,100.0,100.0,Asia,100.0,0.0,6.14,66.38,19.23076923076923
Kuwait,KWT,2006,93.0,KWT,99.0,98.0,Asia,98.5,1.0,6.14,65.88,0.0
Kuwait,KWT,2007,94.0,KWT,98.0,99.0,Asia,98.5,-1.0,6.14,66.21333333333332,1.0752688172043001
Kuwait,KWT,2008,94.0,KWT,99.0,99.0,Asia,99.0,0.0,6.14,66.38,0.0
Kuwait,KWT,2010,94.0,KWT,99.0,99.0,Asia,99.0,0.0,6.39,66.46333333333332,0.0
Kuwait,KWT,2012,96.0,KWT,99.0,99.0,Asia,99.0,0.0,6.39,67.13,2.127659574468077
Kuwait,KWT,2013,96.0,KWT,99.0,99.0,Asia,99.0,0.0,6.39,67.13,0.0
Kuwait,KWT,2015,96.0,KWT,99.0,99.0,Asia,99.0,0.0,6.49,67.16333333333334,0.0
Kuwait,KWT,2017,96.0,KWT,99.0,99.0,Asia,99.0,0.0,6.49,67.16333333333334,0.0
Kuwait,KWT,2018,96.0,KWT,99.0,100.0,Asia,99.5,-1.0,6.49,67.33,0.0
Kuwait,KWT,2020,96.0,KWT,99.0,100.0,Asia,99.5,-1.0,6.62,67.37333333333333,0.0
Kyrgyzstan,KGZ,1999,99.0,KGZ,100.0,100.0,Asia,100.0,0.0,6.62,68.54,
Kyrgyzstan,KGZ,2009,99.0,KGZ,100.0,100.0,Asia,100.0,0.0,6.62,68.54,0.0
Kyrgyzstan,KGZ,2014,99.0,KGZ,100.0,99.79,Asia,99.89500000000001,0.20999999999999375,6.62,68.50500000000001,0.0
Laos,LAO,1995,60.0,LAO,79.0,64.0,Asia,71.5,15.0,11.18,47.56,
Laos,LAO,2000,70.0,LAO,88.0,74.0,Asia,81.0,14.0,11.18,54.06,16.666666666666675
Laos,LAO,2001,69.0,LAO,83.0,75.0,Asia,79.0,8.0,11.18,53.06,-1.4285714285714235
Laos,LAO,2005,73.0,LAO,89.0,79.0,Asia,84.0,10.0,11.18,56.06,5.797101449275366
Laos,LAO,2006,73.0,LAO,89.0,67.08,Asia,78.03999999999999,21.92,11.18,54.07333333333333,0.0
Laos,LAO,2015,85.0,LAO,94.0,91.0,Asia,92.5,3.0,5.47,60.99,16.43835616438356
Laos,LAO,2017,85.0,LAO,91.20028,84.4665,Asia,87.83339000000001,6.73378000000001,5.47,59.43446333333333,0.0
Latin America And Caribbean (Wb),LAO,1990,84.46787,LAO,89.62017,92.22177,Asia,90.92097000000001,-2.601600000000005,6.05,60.47961333333334,
Latin America And Caribbean (Wb),LAO,1991,85.06639,LAO,90.36628,92.7117,Asia,91.53899,-2.34541999999999,6.05,60.88512666666667,0.7085771193235946
Latin America And Caribbean (Wb),LAO,1992,85.66554,LAO,91.10965,93.19154,Asia,92.15059500000001,-2.0818900000000014,6.05,61.28871166666667,0.7043322280397613
Latin America And Caribbean (Wb),LAO,1993,86.25491,LAO,91.85488,93.63161,Asia,92.743245,-1.7767300000000006,6.05,61.682718333333334,0.6879895930148816
Latin America And Caribbean (Wb),LAO,1994,86.83326,LAO,92.59584,94.06351,Asia,93.329675,-1.4676699999999983,6.05,62.070978333333336,0.670512554009961
Latin America And Caribbean (Wb),LAO,1995,87.40622,LAO,93.34082,94.48672,Asia,93.91377,-1.1459000000000117,6.05,62.456663333333346,0.6598393288470339
Latin America And Caribbean (Wb),LAO,1996,87.77912,LAO,93.67079,94.78791,Asia,94.22935,-1.11712,6.05,62.68615666666667,0.4266286769980532
Latin America And Caribbean (Wb),LAO,1997,88.04446,LAO,93.85517,94.84745,Asia,94.35131,-0.9922799999999938,6.05,62.81525666666667,0.30228145372155346
Latin America And Caribbean (Wb),LAO,1998,88.39903,LAO,94.119,95.06855,Asia,94.593775,-0.9495500000000021,6.05,63.01426833333333,0.40271699093843427
Latin America And Caribbean (Wb),LAO,1999,88.71655,LAO,94.31359,95.3088,Asia,94.811195,-0.9952100000000002,6.05,63.19258166666666,0.3591894616943314
Latin America And Caribbean (Wb),LAO,2000,89.01666,LAO,94.49998,95.52891,Asia,95.014445,-1.0289300000000026,6.05,63.360368333333334,0.33827961073780166
Latin America And Caribbean (Wb),LAO,2001,89.17575,LAO,94.66916,95.67047,Asia,95.169815,-1.0013099999999895,6.05,63.46518833333334,0.17871935433209085
Latin America And Caribbean (Wb),LAO,2002,89.44306,LAO,95.12653,96.00816,Asia,95.567345,-0.8816300000000012,6.05,63.68680166666667,0.2997563799575609
Latin America And Caribbean (Wb),LAO,2003,90.0959,LAO,95.97106,96.6719,Asia,96.32148,-0.7008399999999995,6.05,64.15579333333334,0.7298945273115587
Latin America And Caribbean (Wb),LAO,2004,90.37227,LAO,96.02989,96.85742,Asia,96.443655,-0.8275300000000101,6.05,64.28864166666666,0.30675091763332496
Latin America And Caribbean (Wb),LAO,2005,90.33941,LAO,96.22208,97.04138,Asia,96.63173,-0.8192999999999984,6.05,64.34038,-0.036360711089811204
Latin America And Caribbean (Wb),LAO,2006,90.54231,LAO,96.45865,97.0112,Asia,96.734925,-0.5525499999999965,6.05,64.44241166666667,0.22459743759672968
Latin America And Caribbean (Wb),LAO,2007,91.39063,LAO,96.67873,97.20545,Asia,96.94209000000001,-0.5267199999999974,6.05,64.79424,0.9369321370307437
Latin America And Caribbean (Wb),LAO,2008,91.68934,LAO,96.89331,97.37636,Asia,97.13483500000001,-0.48305000000000575,6.05,64.95805833333334,0.32684970001848335
Latin America And Caribbean (Wb),LAO,2009,91.86467,LAO,97.12293,97.56849,Asia,97.34571,-0.4455600000000004,6.05,65.08679333333333,0.191221793067764
Latin America And Caribbean (Wb),LAO,2010,91.78517,LAO,96.99602,97.63176,Asia,97.31389,-0.6357399999999984,6.05,65.04968666666667,-0.08654034244068853
Latin America And Caribbean (Wb),LAO,2011,92.49057,LAO,97.45808,98.0236,Asia,97.74083999999999,-0.5655200000000065,6.05,65.42713666666667,0.7685337402545622
Latin America And Caribbean (Wb),LAO,2012,92.79948,LAO,97.6563,98.15077,Asia,97.903535,-0.49446999999999264,6.05,65.58433833333333,0.33399080576539397
Latin America And Caribbean (Wb),LAO,2013,92.78406,LAO,97.62371,98.11869,Asia,97.8712,-0.4949799999999982,6.05,65.56842,-0.016616472419894723
Latin America And Caribbean (Wb),LAO,2014,93.28205,LAO,97.99299,98.40585,Asia,98.19942,-0.4128599999999949,6.05,65.84382333333333,0.5367193459738573
Latin America And Caribbean (Wb),LAO,2015,93.42686,LAO,98.05344,98.47674,Asia,98.26509,-0.4233000000000118,6.05,65.91398333333335,0.15523886964319278
Latin America And Caribbean (Wb),LAO,2016,93.86832,LAO,98.18215,98.59893,Asia,98.39053999999999,-0.4167800000000028,6.05,66.10295333333333,0.4725193589937504
Latin America And Caribbean (Wb),LAO,2017,93.89947,LAO,98.19944,98.55822,Asia,98.37883,-0.3587800000000101,6.05,66.10943333333334,0.03318478481344478
Latin America And Caribbean (Wb),LAO,2018,94.08591,LAO,98.28612,98.63194,Asia,98.45903,-0.34582000000000335,6.05,66.19831333333333,0.19855277138411953
Latin America And Caribbean (Wb),LAO,2019,94.25567,LAO,98.33218,98.67044,Asia,98.50130999999999,-0.33826000000000533,6.05,66.26899333333334,0.18043084240775276
Latin America And Caribbean (Wb),LAO,2020,94.31331,LAO,98.32484,98.66679,Asia,98.495815,-0.3419500000000113,6.05,66.286375,0.06115281977201459
Latin America And Caribbean (Wb),LAO,2021,94.49382,LAO,98.37138,98.72587,Asia,98.548625,-0.3544899999999984,6.05,66.36414833333333,0.19139398246121875
Latin America And Caribbean (Wb),LAO,2022,94.64692,LAO,98.43216,98.77126,Asia,98.60171,-0.33910000000000196,6.05,66.43287666666667,0.16202117768124857
Latin America And Caribbean (Wb),LAO,2023,94.79001,LAO,98.45885,98.80875,Asia,98.63380000000001,-0.3499000000000052,6.05,66.49127,0.15118294393521303
Latin America And The Caribbean (Sdg),LAO,1990,84.4682,LAO,89.6204,92.22191,Asia,90.921155,-2.6015099999999904,6.05,60.479785,
Latin America And The Caribbean (Sdg),LAO,1991,85.0667,LAO,90.36647,92.71183,Asia,91.53915,-2.3453599999999994,6.05,60.88528333333334,0.7085506735079017
Latin America And The Caribbean (Sdg),LAO,1992,85.66582,LAO,91.10981,93.19165,Asia,92.15073,-2.0818399999999997,6.05,61.288850000000004,0.7042943948689651
Latin America And The Caribbean (Sdg),LAO,1993,86.25516,LAO,91.85501,93.63171,Asia,92.74336,-1.7767000000000053,6.05,61.68284,0.6879523245093555
Latin America And The Caribbean (Sdg),LAO,1994,86.83348,LAO,92.59595,94.06359,Asia,93.32977,-1.467640000000003,6.05,62.07108333333334,0.6704758300836611
Latin America And The Caribbean (Sdg),LAO,1995,87.40642,LAO,93.34091,94.48679,Asia,93.91385,-1.1458800000000053,6.05,62.45675666666667,0.659814624497379
Latin America And The Caribbean (Sdg),LAO,1996,87.77931,LAO,93.67088,94.78797,Asia,94.22942499999999,-1.1170900000000046,6.05,62.68624500000001,0.4266162599955381
Latin America And The Caribbean (Sdg),LAO,1997,88.04464,LAO,93.85525,94.84751,Asia,94.35138,-0.9922600000000017,6.05,62.81534000000001,0.3022694072213561
Latin America And The Caribbean (Sdg),LAO,1998,88.3992,LAO,94.11908,95.06861,Asia,94.593845,-0.94953000000001,6.05,63.01434833333334,0.40270480974196055
Latin America And The Caribbean (Sdg),LAO,1999,88.71671,LAO,94.31367,95.30886,Asia,94.81126499999999,-0.9951899999999938,6.05,63.192658333333334,0.35917745861955286
Latin America And The Caribbean (Sdg),LAO,2000,89.01682,LAO,94.50005,95.52896,Asia,95.014505,-1.0289099999999962,6.05,63.36044166666667,0.3382790006527303
Latin America And The Caribbean (Sdg),LAO,2001,89.17591,LAO,94.66923,95.67052,Asia,95.16987499999999,-1.0012899999999973,6.05,63.46526166666666,0.1787190330995836
Latin America And The Caribbean (Sdg),LAO,2002,89.44321,LAO,95.1266,96.00821,Asia,95.56740500000001,-0.8816100000000091,6.05,63.68687166666667,0.2997446283418803
Latin America And The Caribbean (Sdg),LAO,2003,90.09602,LAO,95.97111,96.67193,Asia,96.32151999999999,-0.7008200000000073,6.05,64.15584666666666,0.729859762412377
Latin America And The Caribbean (Sdg),LAO,2004,90.37239,LAO,96.02994,96.85745,Asia,96.44369499999999,-0.8275100000000037,6.05,64.288695,0.30675050906798784
Latin America And The Caribbean (Sdg),LAO,2005,90.33953,LAO,96.22213,97.04141,Asia,96.63177,-0.819279999999992,6.05,64.34043333333334,-0.03636066280863215
Latin America And The Caribbean (Sdg),LAO,2006,90.54242,LAO,96.45869,97.01123,Asia,96.73496,-0.5525399999999934,6.05,64.44246,0.22458606990760632
Latin America And The Caribbean (Sdg),LAO,2007,91.39071,LAO,96.67877,97.20547,Asia,96.94212,-0.5267000000000053,6.05,64.79427666666668,0.9368978651111748
Latin America And The Caribbean (Sdg),LAO,2008,91.68941,LAO,96.89334,97.37639,Asia,97.13486499999999,-0.48305000000000575,6.05,64.95809166666668,0.32683847187531256
Latin America And The Caribbean (Sdg),LAO,2009,91.86474,LAO,97.12295,97.56851,Asia,97.34573,-0.4455600000000004,6.05,65.08682333333333,0.19122164708007539
Latin America And The Caribbean (Sdg),LAO,2010,91.78525,LAO,96.99604,97.63178,Asia,97.31390999999999,-0.6357400000000126,6.05,65.04972,-0.08652939092843592
Latin America And The Caribbean (Sdg),LAO,2011,92.49063,LAO,97.4581,98.02361,Asia,97.74085500000001,-0.5655100000000033,6.05,65.42716166666668,0.7685112804072469
Latin America And The Caribbean (Sdg),LAO,2012,92.79953,LAO,97.65631,98.15077,Asia,97.90353999999999,-0.49445999999998946,6.05,65.58435666666666,0.33397977719473726
Latin America And The Caribbean (Sdg),LAO,2013,92.78411,LAO,97.62372,98.11869,Asia,97.871205,-0.494969999999995,6.05,65.56843833333333,-0.016616463467011844
Latin America And The Caribbean (Sdg),LAO,2014,93.28208,LAO,97.99299,98.40585,Asia,98.19942,-0.4128599999999949,6.05,65.84383333333334,0.536697501328609
Latin America And The Caribbean (Sdg),LAO,2015,93.42689,LAO,98.05344,98.47674,Asia,98.26509,-0.4233000000000118,6.05,65.91399333333334,0.15523881971757358
Latin America And The Caribbean (Sdg),LAO,2016,93.86834,LAO,98.18215,98.59892,Asia,98.390535,-0.41677000000001385,6.05,66.10295833333333,0.47250850370808006
Latin America And The Caribbean (Sdg),LAO,2017,93.89949,LAO,98.19944,98.55821,Asia,98.378825,-0.3587700000000069,6.05,66.10943833333334,0.03318477774294504
Latin America And The Caribbean (Sdg),LAO,2018,94.08592,LAO,98.28611,98.63194,Asia,98.459025,-0.3458300000000065,6.05,66.198315,0.19854207940852575
Latin America And The Caribbean (Sdg),LAO,2019,94.25568,LAO,98.33217,98.67043,Asia,98.5013,-0.3382599999999911,6.05,66.26899333333334,0.18043082323051518
Latin America And The Caribbean (Sdg),LAO,2020,94.31331,LAO,98.32483,98.66678,Asia,98.495805,-0.3419499999999971,6.05,66.28637166666668,0.061142203843855825
Latin America And The Caribbean (Sdg),LAO,2021,94.49382,LAO,98.37138,98.72585,Asia,98.548615,-0.35446999999999207,6.05,66.36414500000001,0.19139398246121875
Latin America And The Caribbean (Sdg),LAO,2022,94.64692,LAO,98.43215,98.77125,Asia,98.6017,-0.33910000000000196,6.05,66.43287333333333,0.16202117768124857
Latin America And The Caribbean (Sdg),LAO,2023,94.79,LAO,98.45884,98.80874,Asia,98.63379,-0.3499000000000052,6.05,66.49126333333334,0.1511723783510499
Latvia,LVA,2000,100.0,LVA,100.0,100.0,Europe,100.0,0.0,6.05,68.68333333333334,
Latvia,LVA,2011,100.0,LVA,100.0,100.0,Europe,100.0,0.0,6.05,68.68333333333334,0.0
Lebanon,LBN,2007,90.0,LBN,98.0,99.0,Asia,98.5,-1.0,11.96,66.82000000000001,
Lebanon,LBN,2009,91.0,LBN,99.0,99.0,Asia,99.0,0.0,11.96,67.32000000000001,1.1111111111111072
Lebanon,LBN,2018,93.0,LBN,98.0,96.0,Asia,97.0,2.0,11.96,67.32000000000001,2.19780219780219
Lesotho,LSO,2000,86.0,LSO,85.0,97.0,Africa,91.0,-12.0,6.37,61.123333333333335,
Lesotho,LSO,2006,66.0,LSO,66.0,85.0,Africa,75.5,-19.0,7.21,49.57,-23.25581395348837
Lesotho,LSO,2009,66.0,LSO,82.23,94.25,Africa,88.24000000000001,-12.019999999999996,7.21,53.81666666666667,0.0
Lesotho,LSO,2014,66.0,LSO,87.37,96.52,Africa,91.945,-9.149999999999991,6.08,54.675000000000004,0.0
Lesotho,LSO,2016,97.0,LSO,97.0,100.0,Africa,98.5,-3.0,6.44,67.31333333333333,46.96969696969697
Lesotho,LSO,2018,86.24087,LSO,92.35318,98.26914,Africa,95.31116,-5.915959999999998,6.44,62.66401,-11.091886597938139
Liberia,LBR,2007,32.0,LBR,77.33,51.49,Africa,64.41,25.839999999999996,3.96,33.45666666666666,
Liberia,LBR,2013,32.0,LBR,83.75,63.2,Africa,73.475,20.549999999999997,4.35,36.60833333333333,0.0
Lithuania,LTU,2001,100.0,LTU,100.0,100.0,Europe,100.0,0.0,9.57,69.85666666666667,
Lithuania,LTU,2011,100.0,LTU,100.0,100.0,Europe,100.0,0.0,9.57,69.85666666666667,0.0
Low-Income Countries,LTU,1990,47.39165,LTU,67.07243,49.3418,Europe,58.207115,17.730629999999998,12.5,39.366255,
Low-Income Countries,LTU,1991,47.6823,LTU,66.51073,49.06629,Europe,57.78851,17.444439999999993,12.5,39.32360333333333,0.6132936920322463
Low-Income Countries,LTU,1992,47.82185,LTU,65.81742,48.62732,Europe,57.22237,17.1901,12.5,39.18140666666667,0.29266625141823877
Low-Income Countries,LTU,1993,48.03085,LTU,65.46683,48.67551,Europe,57.07117,16.79132,12.5,39.200673333333334,0.43703871765730096
Low-Income Countries,LTU,1994,48.31109,LTU,65.2399,48.86828,Europe,57.05409,16.371620000000007,12.5,39.28839333333334,0.5834583397961834
Low-Income Countries,LTU,1995,48.676,LTU,65.38342,49.07685,Europe,57.230135000000004,16.30657,12.5,39.46871166666667,0.7553338167282098
Low-Income Countries,LTU,1996,49.04267,LTU,65.14389,49.51929,Europe,57.33159,15.624600000000001,12.5,39.62475333333333,0.7532870408414771
Low-Income Countries,LTU,1997,49.73331,LTU,65.1523,50.22734,Europe,57.68982,14.924959999999999,12.5,39.974376666666664,1.4082430667009094
Low-Income Countries,LTU,1998,50.43019,LTU,65.44507,50.86919,Europe,58.15713,14.575879999999998,12.5,40.36244,1.4012339013832031
Low-Income Countries,LTU,1999,50.97881,LTU,65.61281,51.3748,Europe,58.493804999999995,14.238009999999996,12.5,40.65753833333333,1.0878800972195402
Low-Income Countries,LTU,2000,51.39866,LTU,65.38389,52.02636,Europe,58.705124999999995,13.357529999999997,12.5,40.86792833333333,0.8235774824873143
Low-Income Countries,LTU,2001,52.04716,LTU,65.59562,52.93063,Europe,59.263125,12.664989999999996,12.5,41.270095,1.2617060444766404
Low-Income Countries,LTU,2002,52.7164,LTU,69.68612,53.16253,Europe,61.424324999999996,16.523590000000006,12.5,42.213575,1.285833847610518
Low-Income Countries,LTU,2003,53.11349,LTU,69.71195,53.98688,Europe,61.849415,15.725070000000002,12.5,42.487635000000004,0.7532570509367176
Low-Income Countries,LTU,2004,53.58198,LTU,70.33244,54.67853,Europe,62.50548500000001,15.653910000000003,12.5,42.86248833333334,0.8820546343311308
Low-Income Countries,LTU,2005,53.99721,LTU,70.52606,55.26611,Europe,62.896085,15.259950000000003,12.5,43.131098333333334,0.7749433671544015
Low-Income Countries,LTU,2006,52.1799,LTU,69.59228,53.09764,Europe,61.34496,16.494640000000004,12.5,42.00828666666667,-3.3655627762989915
Low-Income Countries,LTU,2007,53.41816,LTU,70.68146,55.32036,Europe,63.000910000000005,15.3611,12.5,42.97302333333334,2.3730593581053228
Low-Income Countries,LTU,2008,54.31401,LTU,71.80143,56.8147,Europe,64.308065,14.986729999999994,12.5,43.70735833333333,1.6770513997486969
Low-Income Countries,LTU,2009,54.82347,LTU,72.47431,57.81614,Europe,65.145225,14.658170000000005,12.5,44.15623166666666,0.9379900324059998
Low-Income Countries,LTU,2010,55.31973,LTU,72.70415,59.04808,Europe,65.876115,13.65607,12.5,44.565281666666664,0.9051962599229801
Low-Income Countries,LTU,2011,57.35872,LTU,74.51943,62.78945,Europe,68.65444,11.729979999999998,12.5,46.17105333333333,3.685827823093124
Low-Income Countries,LTU,2012,57.80881,LTU,75.36368,63.71834,Europe,69.54101,11.645340000000004,12.5,46.61660666666666,0.7846932428059894
Low-Income Countries,LTU,2013,58.65501,LTU,76.16065,65.1674,Europe,70.66402500000001,10.993250000000003,12.5,47.27301166666667,1.46379072670757
Low-Income Countries,LTU,2014,59.07083,LTU,76.44838,65.83823,Europe,71.143305,10.610150000000004,12.5,47.571378333333335,0.7089249494629746
Low-Income Countries,LTU,2015,59.74246,LTU,76.84152,67.00946,Europe,71.92549,9.832059999999998,12.5,48.05598333333333,1.136990964914486
Low-Income Countries,LTU,2016,60.4267,LTU,77.04158,68.24464,Europe,72.64311000000001,8.796939999999992,12.5,48.523270000000004,1.1453160783804206
Low-Income Countries,LTU,2017,61.48362,LTU,77.66572,69.65888,Europe,73.66229999999999,8.006839999999997,12.5,49.21530666666666,1.7490943572957107
Low-Income Countries,LTU,2018,61.45404,LTU,77.19465,69.14331,Europe,73.16898,8.051339999999996,12.5,49.04100666666667,-0.048110374763232766
Low-Income Countries,LTU,2019,61.52847,LTU,77.0154,69.56879,Europe,73.292095,7.446609999999993,12.5,49.106854999999996,0.12111490147759252
Low-Income Countries,LTU,2020,61.69004,LTU,77.10644,69.91852,Europe,73.51248000000001,7.187920000000005,12.5,49.23417333333334,0.26259388539973116
Low-Income Countries,LTU,2021,62.18141,LTU,77.44955,70.70328,Europe,74.076415,6.7462699999999955,12.5,49.58594166666666,0.7965143157631305
Low-Income Countries,LTU,2022,62.63246,LTU,77.73687,71.45326,Europe,74.595065,6.283609999999996,12.5,49.909175000000005,0.7253775686334674
Low-Income Countries,LTU,2023,63.03853,LTU,77.95494,72.08086,Europe,75.0179,5.874079999999992,12.5,50.185476666666666,0.648337938506649
Lower-Middle-Income Countries,LTU,1990,52.8069,LTU,73.60304,55.96173,Europe,64.782385,17.64130999999999,12.5,43.36309500000001,
Lower-Middle-Income Countries,LTU,1991,53.51564,LTU,74.23516,57.30085,Europe,65.76800499999999,16.934309999999996,12.5,43.92788166666666,1.3421352133906828
Lower-Middle-Income Countries,LTU,1992,54.40485,LTU,75.3428,58.55427,Europe,66.94853499999999,16.788529999999994,12.5,44.617795,1.6615890233210528
Lower-Middle-Income Countries,LTU,1993,55.26998,LTU,76.36027,59.53925,Europe,67.94976,16.821019999999997,12.5,45.239913333333334,1.5901707292640177
Lower-Middle-Income Countries,LTU,1994,56.08274,LTU,77.01993,60.99908,Europe,69.009505,16.020850000000003,12.5,45.864081666666664,1.4705270383669422
Lower-Middle-Income Countries,LTU,1995,56.85776,LTU,77.54648,62.32745,Europe,69.936965,15.219030000000004,12.5,46.431575,1.3819224952275722
Lower-Middle-Income Countries,LTU,1996,57.63437,LTU,78.18687,63.6672,Europe,70.927035,14.519669999999998,12.5,47.02046833333333,1.3658821592690273
Lower-Middle-Income Countries,LTU,1997,58.41293,LTU,78.73385,64.86258,Europe,71.798215,13.87127000000001,12.5,47.57038166666666,1.3508606062667239
Lower-Middle-Income Countries,LTU,1998,61.84885,LTU,81.56189,66.68379,Europe,74.12284,14.878100000000003,12.5,49.490563333333334,5.8821223314769355
Lower-Middle-Income Countries,LTU,1999,62.59148,LTU,82.18743,68.19439,Europe,75.19091,13.993040000000008,12.5,50.09413,1.2007175557831706
Lower-Middle-Income Countries,LTU,2000,62.80231,LTU,82.35816,68.52399,Europe,75.441075,13.83417,12.5,50.247794999999996,0.33683498137446755
Lower-Middle-Income Countries,LTU,2001,63.52992,LTU,82.72581,69.86881,Europe,76.29731,12.857,12.5,50.77574333333333,1.158572033417249
Lower-Middle-Income Countries,LTU,2002,64.24833,LTU,83.10958,71.17077,Europe,77.140175,11.93880999999999,12.5,51.296168333333334,1.1308215089834706
Lower-Middle-Income Countries,LTU,2003,65.29472,LTU,84.08785,72.1694,Europe,78.128625,11.918450000000007,12.5,51.97444833333333,1.628664900706367
Lower-Middle-Income Countries,LTU,2004,65.99687,LTU,84.42356,73.45158,Europe,78.93757,10.971979999999988,12.5,52.47814666666667,1.0753549444733057
Lower-Middle-Income Countries,LTU,2005,65.78602,LTU,85.40766,73.48987,Europe,79.44876500000001,11.91779000000001,12.5,52.57826166666666,-0.31948484829660284
Lower-Middle-Income Countries,LTU,2006,65.76852,LTU,84.59039,74.40537,Europe,79.49788000000001,10.185019999999994,12.5,52.5888,-0.026601396466907623
Lower-Middle-Income Countries,LTU,2007,66.29194,LTU,84.82232,75.41736,Europe,80.11984000000001,9.404960000000003,12.5,52.97059333333334,0.7958518756389754
Lower-Middle-Income Countries,LTU,2008,66.94372,LTU,85.33198,76.5123,Europe,80.92214,8.819680000000005,12.5,53.455286666666666,0.983196448919732
Lower-Middle-Income Countries,LTU,2009,67.63524,LTU,85.69521,77.57317,Europe,81.63419,8.122039999999998,12.5,53.923143333333336,1.0329871121592893
Lower-Middle-Income Countries,LTU,2010,69.50833,LTU,86.90514,78.85166,Europe,82.8784,8.053480000000008,12.5,54.96224333333333,2.769399502389591
Lower-Middle-Income Countries,LTU,2011,69.80986,LTU,86.92319,79.65332,Europe,83.28825499999999,7.269870000000012,12.5,55.19937166666667,0.4338041210312449
Lower-Middle-Income Countries,LTU,2012,70.25576,LTU,87.54859,80.83657,Europe,84.19257999999999,6.71202000000001,12.5,55.649446666666655,0.6387349867196246
Lower-Middle-Income Countries,LTU,2013,71.1596,LTU,88.4973,82.33047,Europe,85.413885,6.16682999999999,12.5,56.35782833333334,1.2864994984041145
Lower-Middle-Income Countries,LTU,2014,71.89687,LTU,88.8433,83.46157,Europe,86.152435,5.381730000000005,12.5,56.84976833333334,1.0360794608176738
Lower-Middle-Income Countries,LTU,2015,72.98467,LTU,89.40439,84.5999,Europe,87.00214500000001,4.804490000000001,12.5,57.495605000000005,1.5130004964054589
Lower-Middle-Income Countries,LTU,2016,73.734,LTU,89.7792,85.41834,Europe,87.59877,4.360860000000002,12.5,57.94425666666666,1.0266950580169798
Lower-Middle-Income Countries,LTU,2017,74.26711,LTU,90.19085,85.98297,Europe,88.08690999999999,4.207880000000003,12.5,58.28467333333333,0.7230178750644356
Lower-Middle-Income Countries,LTU,2018,75.07314,LTU,90.54972,86.56847,Europe,88.559095,3.9812499999999886,12.5,58.710744999999996,1.0853121927054898
Lower-Middle-Income Countries,LTU,2019,75.24551,LTU,92.6157,88.42201,Europe,90.518855,4.193690000000004,12.5,59.421455,0.22960275805701258
Lower-Middle-Income Countries,LTU,2020,75.8803,LTU,92.83811,88.91847,Europe,90.87828999999999,3.919640000000001,12.5,59.75286333333333,0.8436250880617502
Lower-Middle-Income Countries,LTU,2021,76.48823,LTU,93.04316,89.37158,Europe,91.20737,3.671580000000006,12.5,60.065200000000004,0.8011697370727155
Lower-Middle-Income Countries,LTU,2022,77.08264,LTU,93.21588,89.82658,Europe,91.52123,3.3892999999999915,12.5,60.367956666666664,0.7771261016237263
Lower-Middle-Income Countries,LTU,2023,77.63182,LTU,93.37012,90.20733,Europe,91.788725,3.162790000000001,12.5,60.64018166666667,0.7124561379838745
Macao,MAC,2001,91.0,MAC,99.0,100.0,Asia,99.5,-1.0,11.53,67.34333333333333,
Macao,MAC,2006,93.0,MAC,100.0,100.0,Asia,100.0,0.0,11.53,68.17666666666666,2.19780219780219
Macao,MAC,2011,96.0,MAC,100.0,100.0,Asia,100.0,0.0,11.53,69.17666666666666,3.2258064516129004
Macao,MAC,2016,97.0,MAC,100.0,100.0,Asia,100.0,0.0,10.56,69.18666666666667,1.041666666666674
Madagascar,MDG,2000,71.0,MDG,73.0,68.0,Africa,70.5,5.0,10.97,50.82333333333333,
Madagascar,MDG,2005,59.0,MDG,59.0,56.0,Africa,57.5,3.0,10.97,42.49,-16.901408450704224
Madagascar,MDG,2012,72.0,MDG,78.0,75.0,Africa,76.5,3.0,10.97,53.156666666666666,22.033898305084755
Madagascar,MDG,2018,77.0,MDG,81.0,79.0,Africa,80.0,2.0,10.97,55.99,6.944444444444442
Madagascar,MDG,2021,74.68614,MDG,82.52617,82.23735,Africa,82.38176,0.288819999999987,10.97,56.01263333333333,-3.0050129870129894
Malawi,MWI,1998,64.0,MWI,82.0,71.0,Africa,76.5,11.0,3.3,47.93333333333334,
Malawi,MWI,2006,64.0,MWI,82.0,72.23,Africa,77.11500000000001,9.769999999999996,4.67,48.595,0.0
Malawi,MWI,2014,64.0,MWI,82.0,75.73,Africa,78.86500000000001,6.269999999999996,5.01,49.291666666666664,0.0
Malawi,MWI,2020,70.15227,MWI,81.30133,80.14176,Africa,80.72154499999999,1.159569999999988,5.41,52.094604999999994,9.612921875000001
Malaysia,MYS,1991,83.0,MYS,96.0,95.0,Asia,95.5,1.0,8.01,62.169999999999995,
Malaysia,MYS,2000,89.0,MYS,97.0,97.0,Asia,97.0,0.0,9.49,65.16333333333334,7.2289156626506035
Malaysia,MYS,2010,93.0,MYS,98.0,98.0,Asia,98.0,0.0,10.89,67.29666666666667,4.494382022471921
Malaysia,MYS,2016,95.0,MYS,97.0,98.0,Asia,97.5,-1.0,11.49,67.99666666666667,2.1505376344086002
Malaysia,MYS,2017,95.0,MYS,97.0,97.0,Asia,97.0,0.0,11.49,67.83,0.0
Malaysia,MYS,2018,95.0,MYS,97.0,97.0,Asia,97.0,0.0,11.49,67.83,0.0
Malaysia,MYS,2019,95.0,MYS,97.0,97.0,Asia,97.0,0.0,11.49,67.83,0.0
Malaysia,MYS,2022,96.0,MYS,99.0,98.0,Asia,98.5,1.0,11.96,68.82000000000001,1.0526315789473717
Maldives,MDV,1990,96.0,MDV,98.0,98.0,Asia,98.0,0.0,11.96,68.65333333333334,
Maldives,MDV,1995,96.0,MDV,98.0,98.0,Asia,98.0,0.0,11.96,68.65333333333334,0.0
Maldives,MDV,2000,96.0,MDV,98.0,98.0,Asia,98.0,0.0,11.96,68.65333333333334,0.0
Maldives,MDV,2006,98.0,MDV,99.0,99.0,Asia,99.0,0.0,11.96,69.65333333333334,2.083333333333326
Maldives,MDV,2014,99.0,MDV,99.0,99.0,Asia,99.0,0.0,11.96,69.98666666666666,1.0204081632652962
Maldives,MDV,2016,98.0,MDV,98.0,99.0,Asia,98.5,-1.0,7.57,68.02333333333333,-1.0101010101010055
Maldives,MDV,2017,94.50551,MDV,97.31116,99.67299,Asia,98.492075,-2.3618299999999977,7.57,66.85586166666667,-3.565806122448978
Maldives,MDV,2019,98.21186,MDV,98.62147,98.86908,Asia,98.74527499999999,-0.24760999999999456,7.57,68.17571166666666,3.921834822117787
Mali,MLI,1998,19.0,MLI,32.0,17.0,Africa,24.5,15.0,1.07,14.856666666666667,
Mali,MLI,2003,24.0,MLI,32.0,17.0,Africa,24.5,15.0,1.3,16.599999999999998,26.315789473684205
Mali,MLI,2006,26.0,MLI,47.0,31.0,Africa,39.0,16.0,1.81,22.27,8.333333333333325
Mali,MLI,2010,31.0,MLI,56.0,34.0,Africa,45.0,22.0,2.14,26.046666666666667,19.23076923076923
Mali,MLI,2011,31.0,MLI,56.0,30.0,Africa,43.0,26.0,2.14,25.38,0.0
Mali,MLI,2015,33.0,MLI,61.0,39.0,Africa,50.0,22.0,2.78,28.593333333333334,6.451612903225801
Mali,MLI,2018,35.0,MLI,58.0,43.0,Africa,50.5,15.0,2.78,29.426666666666666,6.060606060606055
Mali,MLI,2020,35.0,MLI,44.16,60.92,Africa,52.54,-16.760000000000005,3.55,30.36333333333333,0.0
Malta,MLT,1995,88.0,MLT,94.0,98.0,Europe,96.0,-4.0,10.06,64.68666666666667,
Malta,MLT,2005,92.0,MLT,97.0,99.0,Europe,98.0,-2.0,10.6,66.86666666666666,4.545454545454541
Malta,MLT,2011,93.0,MLT,98.0,99.0,Europe,98.5,-1.0,11.06,67.52,1.0869565217391353
Marshall Islands,MHL,2011,98.0,MHL,98.0,99.0,Oceania,98.5,-1.0,12.09,69.53,
Mauritania,MRT,2000,51.0,MRT,68.0,55.0,Africa,61.5,13.0,12.09,41.53,
Mauritania,MRT,2007,51.0,MRT,68.0,47.94,Africa,57.97,20.060000000000002,12.09,40.35333333333333,0.0
Mauritania,MRT,2011,51.0,MRT,68.0,57.65,Africa,62.825,10.350000000000001,12.09,41.97166666666667,0.0
Mauritania,MRT,2013,62.0,MRT,74.0,68.0,Africa,71.0,6.0,12.09,48.36333333333334,21.568627450980383
Mauritania,MRT,2015,65.11202,MRT,86.73236,75.69968,Africa,81.21602,11.03268,5.1,50.47601333333333,5.019387096774186
Mauritania,MRT,2020,59.52966,MRT,75.25897,66.98027,Africa,71.11962,8.2787,5.55,45.39976000000001,-8.573470766227187
Mauritius,MUS,1990,80.0,MUS,91.0,92.0,Africa,91.5,-1.0,6.85,59.449999999999996,
Mauritius,MUS,2000,84.0,MUS,94.0,95.0,Africa,94.5,-1.0,7.07,61.85666666666666,5.000000000000004
Mauritius,MUS,2011,89.0,MUS,98.0,99.0,Africa,98.5,-1.0,9.44,65.64666666666666,5.952380952380953
Mauritius,MUS,2012,92.0,MUS,98.0,99.0,Africa,98.5,-1.0,9.44,66.64666666666666,3.370786516853941
Mauritius,MUS,2013,91.0,MUS,98.0,99.0,Africa,98.5,-1.0,9.44,66.31333333333333,-1.0869565217391353
Mauritius,MUS,2014,92.0,MUS,98.0,99.0,Africa,98.5,-1.0,9.44,66.64666666666666,1.098901098901095
Mauritius,MUS,2015,93.0,MUS,98.0,99.0,Africa,98.5,-1.0,9.9,67.13333333333334,1.0869565217391353
Mauritius,MUS,2016,93.0,MUS,98.0,99.0,Africa,98.5,-1.0,9.9,67.13333333333334,0.0
Mexico,MEX,1990,88.0,MEX,96.0,95.0,North America,95.5,1.0,6.68,63.39333333333334,
Mexico,MEX,2000,91.0,MEX,97.2,97.4,North America,97.30000000000001,-0.20000000000000284,7.96,65.42,3.409090909090917
Mexico,MEX,2002,90.0,MEX,97.8,97.2,North America,97.5,0.5999999999999943,7.96,65.15333333333334,-1.098901098901095
Mexico,MEX,2004,91.0,MEX,97.1,97.5,North America,97.3,-0.4000000000000057,7.96,65.42,1.1111111111111072
Mexico,MEX,2005,92.0,MEX,98.0,98.0,North America,98.0,0.0,8.9,66.3,1.098901098901095
Mexico,MEX,2006,92.0,MEX,98.1,97.7,North America,97.9,0.3999999999999915,8.9,66.26666666666667,0.0
Mexico,MEX,2007,93.0,MEX,98.0,98.0,North America,98.0,0.0,8.9,66.63333333333334,1.0869565217391353
Mexico,MEX,2008,93.0,MEX,98.2,98.3,North America,98.25,-0.09999999999999432,8.9,66.71666666666667,0.0
Mexico,MEX,2009,93.0,MEX,99.0,98.0,North America,98.5,1.0,8.9,66.8,0.0
Mexico,MEX,2010,93.0,MEX,98.2,98.6,North America,98.4,-0.3999999999999915,9.18,66.86,0.0
Mexico,MEX,2011,94.0,MEX,98.0,99.0,North America,98.5,-1.0,9.18,67.22666666666667,1.0752688172043001
Mexico,MEX,2012,94.0,MEX,98.6,98.9,North America,98.75,-0.30000000000001137,9.18,67.31,0.0
Mexico,MEX,2013,94.0,MEX,99.0,99.0,North America,99.0,0.0,9.18,67.39333333333333,0.0
Mexico,MEX,2014,95.0,MEX,98.4,98.9,North America,98.65,-0.5,9.18,67.61,1.0638297872340496
Mexico,MEX,2015,94.0,MEX,99.0,99.0,North America,99.0,0.0,9.65,67.55,-1.0526315789473717
Mexico,MEX,2016,95.0,MEX,98.5,98.7,North America,98.6,-0.20000000000000284,9.65,67.75,1.0638297872340496
Mexico,MEX,2017,95.0,MEX,99.0,99.0,North America,99.0,0.0,9.65,67.88333333333334,0.0
Mexico,MEX,2018,95.0,MEX,98.4,98.8,North America,98.6,-0.3999999999999915,9.65,67.75,0.0
Mexico,MEX,2020,95.0,MEX,98.8,99.1,North America,98.94999999999999,-0.29999999999999716,10.18,68.04333333333334,0.0
Mexico,MEX,2022,95.0,MEX,98.7,99.2,North America,98.95,-0.5,10.18,68.04333333333334,0.0
Middle East And North Africa (Wb),MEX,1990,58.23571,MEX,85.08913,68.98918,North America,77.039155,16.099949999999993,10.18,48.48495499999999,
Middle East And North Africa (Wb),MEX,1991,59.42651,MEX,86.2941,70.65865,North America,78.47637499999999,15.635450000000006,10.18,49.36096166666667,2.0447934780910337
Middle East And North Africa (Wb),MEX,1992,60.52205,MEX,86.98366,72.12407,North America,79.553865,14.859589999999997,10.18,50.085305000000005,1.8435206778927515
Middle East And North Africa (Wb),MEX,1993,61.38714,MEX,87.18237,71.6707,North America,79.426535,15.51167000000001,10.18,50.331224999999996,1.4293798706422
Middle East And North Africa (Wb),MEX,1994,62.34871,MEX,87.6795,72.96099,North America,80.320245,14.718510000000009,10.18,50.94965166666666,1.566402995806615
Middle East And North Africa (Wb),MEX,1995,63.82514,MEX,88.37237,74.85748,North America,81.614925,13.514890000000008,10.18,51.873355000000004,2.3680201242335164
Middle East And North Africa (Wb),MEX,1996,64.96068,MEX,88.87634,76.20496,North America,82.54065,12.67138,10.18,52.56044333333333,1.7791422000797752
Middle East And North Africa (Wb),MEX,1997,66.06362,MEX,89.3345,77.50701,North America,83.420755,11.827490000000012,10.18,53.22145833333334,1.6978578426211088
Middle East And North Africa (Wb),MEX,1998,67.26733,MEX,89.66076,78.6955,North America,84.17813,10.96526,10.18,53.87515333333334,1.8220466877231445
Middle East And North Africa (Wb),MEX,1999,68.36744,MEX,90.00801,79.90238,North America,84.955195,10.105630000000005,10.18,54.50087833333333,1.6354298587442084
Middle East And North Africa (Wb),MEX,2000,69.40159,MEX,90.32751,80.99898,North America,85.663245,9.32853,10.18,55.081611666666674,1.5126352544427624
Middle East And North Africa (Wb),MEX,2001,70.53242,MEX,90.79612,82.14067,North America,86.468395,8.655450000000002,10.18,55.72693833333333,1.6294007096955498
Middle East And North Africa (Wb),MEX,2002,71.56456,MEX,91.14309,83.16963,North America,87.15636,7.973460000000003,10.18,56.30030666666667,1.4633554328633558
Middle East And North Africa (Wb),MEX,2003,74.12706,MEX,92.80639,83.72966,North America,88.268025,9.076729999999998,10.18,57.52502833333333,3.580682952567593
Middle East And North Africa (Wb),MEX,2004,74.96323,MEX,93.05454,84.65085,North America,88.85269500000001,8.403689999999997,10.18,57.998641666666664,1.1280226141438643
Middle East And North Africa (Wb),MEX,2005,75.57109,MEX,93.20441,85.25057,North America,89.22748999999999,7.95384,10.18,58.32619333333333,0.8108775462316586
Middle East And North Africa (Wb),MEX,2006,74.59212,MEX,92.64047,86.09961,North America,89.37003999999999,6.540859999999995,10.18,58.04738666666666,-1.2954292441726079
Middle East And North Africa (Wb),MEX,2007,75.36998,MEX,93.14143,86.97756,North America,90.059495,6.163870000000003,10.18,58.53649166666667,1.0428179276845917
Middle East And North Africa (Wb),MEX,2008,77.08521,MEX,93.9046,88.15434,North America,91.02947,5.750259999999997,10.18,59.43156000000001,2.2757469220504145
Middle East And North Africa (Wb),MEX,2009,76.01827,MEX,91.90152,85.37437,North America,88.637945,6.527150000000006,10.18,58.27873833333334,-1.3841046810406321
Middle East And North Africa (Wb),MEX,2010,76.60938,MEX,92.09109,85.75135,North America,88.92122,6.339739999999992,10.18,58.5702,0.7775893873933182
Middle East And North Africa (Wb),MEX,2011,77.32386,MEX,92.40269,85.80755,North America,89.10512,6.595140000000001,10.18,58.86966,0.9326273101283311
Middle East And North Africa (Wb),MEX,2012,77.99774,MEX,92.95354,86.87201,North America,89.91277500000001,6.081530000000001,10.18,59.363505,0.8715033108797066
Middle East And North Africa (Wb),MEX,2013,78.60817,MEX,93.12824,87.79656,North America,90.4624,5.331680000000006,10.18,59.75019,0.782625240167234
Middle East And North Africa (Wb),MEX,2014,78.98551,MEX,93.1035,88.02022,North America,90.56186,5.083280000000002,10.18,59.90912333333333,0.4800264399998255
Middle East And North Africa (Wb),MEX,2015,79.63974,MEX,93.10533,88.29764,North America,90.70148499999999,4.807689999999994,10.18,60.17374166666667,0.8282911637843338
Middle East And North Africa (Wb),MEX,2016,78.47635,MEX,91.75193,86.80402,North America,89.277975,4.947910000000007,10.18,59.31144166666667,-1.4608159192885495
Middle East And North Africa (Wb),MEX,2017,78.92874,MEX,91.8816,87.18054,North America,89.53107,4.7010600000000125,10.18,59.54660333333334,0.5764666679834329
Middle East And North Africa (Wb),MEX,2018,79.25672,MEX,91.98373,87.47592,North America,89.729825,4.507809999999992,10.18,59.72218166666667,0.41553938400638035
Middle East And North Africa (Wb),MEX,2019,79.55386,MEX,92.13213,87.80644,North America,89.969285,4.325690000000009,10.18,59.901048333333335,0.37490827276223104
Middle East And North Africa (Wb),MEX,2020,79.89577,MEX,92.31631,88.12337,North America,90.21984,4.192940000000007,10.18,60.09853666666667,0.42978429959275033
Middle East And North Africa (Wb),MEX,2021,80.30119,MEX,92.55002,88.45477,North America,90.502395,4.095250000000007,10.18,60.32786166666667,0.5074361258424753
Middle East And North Africa (Wb),MEX,2022,80.6111,MEX,92.67047,88.69928,North America,90.684875,3.971189999999993,10.18,60.49199166666667,0.38593450483110914
Middle East And North Africa (Wb),MEX,2023,80.94914,MEX,92.76265,88.89105,North America,90.82685000000001,3.8715999999999866,10.18,60.65199666666667,0.41934671527867895
Middle-Income Countries,MEX,1990,70.69976,MEX,86.49629,77.18838,North America,81.84233499999999,9.307910000000007,10.18,54.240698333333334,
Middle-Income Countries,MEX,1991,71.22915,MEX,86.7337,77.76612,North America,82.24991,8.967579999999998,10.18,54.553020000000004,0.7487861344932512
Middle-Income Countries,MEX,1992,71.83592,MEX,87.15431,78.27636,North America,82.715335,8.877949999999998,10.18,54.91041833333333,0.8518562975972532
Middle-Income Countries,MEX,1993,72.41556,MEX,87.55365,78.67757,North America,83.11561,8.876080000000002,10.18,55.23705666666667,0.8068943781885052
Middle-Income Countries,MEX,1994,72.96025,MEX,87.75785,79.23101,North America,83.49443,8.526840000000007,10.18,55.544893333333334,0.7521725993695272
Middle-Income Countries,MEX,1995,73.51708,MEX,87.93865,79.80355,North America,83.8711,8.135099999999994,10.18,55.85606000000001,0.7631963980386569
Middle-Income Countries,MEX,1996,74.0451,MEX,88.12213,80.34395,North America,84.23304,7.778179999999992,10.18,56.15271333333334,0.7182276553965306
Middle-Income Countries,MEX,1997,76.71142,MEX,88.77795,81.90885,North America,85.3434,6.869100000000003,10.18,57.41160666666667,3.6009405078796464
Middle-Income Countries,MEX,1998,78.29854,MEX,90.0512,82.65903,North America,86.355115,7.392169999999993,10.18,58.277885000000005,2.0689487953684083
Middle-Income Countries,MEX,1999,78.73321,MEX,90.28239,83.27791,North America,86.78015,7.004480000000001,10.18,58.56445333333334,0.5551444509693138
Middle-Income Countries,MEX,2000,78.97723,MEX,90.33717,83.34249,North America,86.83983,6.9946800000000025,10.18,58.66568666666668,0.3099327462960044
Middle-Income Countries,MEX,2001,79.38092,MEX,90.51095,83.98695,North America,87.24895,6.524000000000001,10.18,58.93662333333333,0.5111473268940792
Middle-Income Countries,MEX,2002,79.81483,MEX,90.74979,84.67358,North America,87.711685,6.076210000000003,10.18,59.23550500000001,0.5466174995200301
Middle-Income Countries,MEX,2003,80.44843,MEX,91.35642,85.30474,North America,88.33058,6.051680000000005,10.18,59.65300333333334,0.7938374359752531
Middle-Income Countries,MEX,2004,80.87951,MEX,91.55407,85.99099,North America,88.77252999999999,5.563079999999999,10.18,59.94401333333334,0.5358463800971602
Middle-Income Countries,MEX,2005,80.87994,MEX,92.06743,86.04476,North America,89.056095,6.022670000000005,10.18,60.03867833333334,0.0005316550508283058
Middle-Income Countries,MEX,2006,80.98057,MEX,91.59686,86.39862,North America,88.99774,5.198240000000013,10.18,60.05277,0.12441898448489752
Middle-Income Countries,MEX,2007,81.68252,MEX,91.74972,86.94045,North America,89.345085,4.809269999999998,10.18,60.402535,0.8668128663455787
Middle-Income Countries,MEX,2008,82.1301,MEX,92.10284,87.56419,North America,89.833515,4.538650000000004,10.18,60.71453833333334,0.5479507733111122
Middle-Income Countries,MEX,2009,82.41629,MEX,92.06343,87.81871,North America,89.94107,4.244720000000001,10.18,60.84578666666667,0.34845933464102696
Middle-Income Countries,MEX,2010,83.27524,MEX,92.6045,88.37341,North America,90.488955,4.231089999999995,10.18,61.31473166666667,1.0422090098935355
Middle-Income Countries,MEX,2011,83.41603,MEX,92.54603,88.65865,North America,90.60234,3.8873800000000074,10.18,61.39945666666667,0.16906585919176376
Middle-Income Countries,MEX,2012,83.67213,MEX,92.80064,89.15755,North America,90.979095,3.643090000000001,10.18,61.61040833333334,0.3070153302668466
Middle-Income Countries,MEX,2013,84.04509,MEX,93.1949,89.80436,North America,91.49963,3.3905400000000014,10.18,61.90824,0.4457398180254257
Middle-Income Countries,MEX,2014,84.49078,MEX,93.34903,90.32415,North America,91.83659,3.024879999999996,10.18,62.16912333333334,0.5302986765794326
Middle-Income Countries,MEX,2015,84.97399,MEX,93.55546,90.80292,North America,92.17919,2.752539999999996,10.18,62.444393333333345,0.5719085561761927
Middle-Income Countries,MEX,2016,85.37055,MEX,93.68402,91.14309,North America,92.413555,2.540930000000003,10.18,62.654701666666675,0.4666839817690116
Middle-Income Countries,MEX,2017,85.5536,MEX,93.79107,91.32096,North America,92.556015,2.4701100000000054,10.18,62.763205000000006,0.21441820393568456
Middle-Income Countries,MEX,2018,85.94582,MEX,93.95203,91.5865,North America,92.76926499999999,2.3655299999999926,10.18,62.96502833333333,0.45844943988329057
Middle-Income Countries,MEX,2019,86.11558,MEX,95.14548,92.6448,North America,93.89514,2.5006800000000027,10.18,63.396906666666666,0.19751978630258016
Middle-Income Countries,MEX,2020,86.40705,MEX,95.25028,92.89353,North America,94.071905,2.3567500000000052,10.18,63.552985,0.3384637251470757
Middle-Income Countries,MEX,2021,86.65189,MEX,95.33419,93.1186,North America,94.226395,2.215590000000006,10.18,63.686095,0.2833565085256229
Middle-Income Countries,MEX,2022,86.95844,MEX,95.42441,93.37184,North America,94.398125,2.0525699999999887,10.18,63.84552166666666,0.35377185656308985
Middle-Income Countries,MEX,2023,87.22839,MEX,95.49074,93.56737,North America,94.529055,1.9233700000000056,10.18,63.97914833333334,0.31043565178954236
Moldova,MDA,2000,97.0,MDA,99.0,100.0,Europe,99.5,-1.0,10.18,68.89333333333333,
Moldova,MDA,2005,97.0,MDA,99.87,99.95,Europe,99.91,-0.0799999999999983,10.18,69.03,0.0
Moldova,MDA,2012,97.0,MDA,100.0,99.84,Europe,99.92,0.1599999999999966,10.18,69.03333333333335,0.0
Moldova,MDA,2014,99.0,MDA,100.0,100.0,Europe,100.0,0.0,10.18,69.72666666666667,2.0618556701030855
Mongolia,MNG,2000,98.0,MNG,97.0,98.0,Asia,97.5,-1.0,10.84,68.78,
Mongolia,MNG,2010,98.0,MNG,98.0,99.0,Asia,98.5,-1.0,10.84,69.11333333333333,0.0
Mongolia,MNG,2018,96.89635,MNG,99.6363,99.42351,Asia,99.529905,0.21279000000001247,9.77,68.732085,-1.126173469387759
Mongolia,MNG,2020,99.0,MNG,99.0,99.0,Asia,99.0,0.0,10.0,69.33333333333333,2.1710312101539397
Mongolia,MNG,2022,98.72622,MNG,99.61688,99.77098,Asia,99.69393,-0.15409999999999968,10.0,69.47338333333333,-0.27654545454545154
Montenegro,MNE,1991,93.0,MNE,99.0,99.0,Europe,99.0,0.0,10.0,67.33333333333333,
Montenegro,MNE,2003,98.0,MNE,99.0,99.0,Europe,99.0,0.0,10.0,69.0,5.376344086021501
Montenegro,MNE,2005,98.0,MNE,99.0,99.21,Europe,99.10499999999999,-0.20999999999999375,10.0,69.035,0.0
Montenegro,MNE,2011,98.0,MNE,99.0,99.0,Europe,99.0,0.0,10.0,69.0,0.0
Montenegro,MNE,2013,98.0,MNE,99.0,99.76,Europe,99.38,-0.7600000000000051,10.0,69.12666666666667,0.0
Montenegro,MNE,2018,98.5344,MNE,96.23099,98.95459,Europe,97.59279000000001,-2.7235999999999905,10.0,68.70906333333333,0.5453061224489852
Morocco,MAR,1994,42.0,MAR,71.0,46.0,Africa,58.5,25.0,3.05,34.516666666666666,
Morocco,MAR,2004,52.0,MAR,81.0,60.0,Africa,70.5,21.0,4.09,42.196666666666665,23.809523809523814
Morocco,MAR,2008,55.0,MAR,86.0,70.0,Africa,78.0,16.0,4.63,45.876666666666665,5.769230769230771
Morocco,MAR,2009,56.0,MAR,87.0,72.0,Africa,79.5,15.0,4.63,46.71,1.8181818181818077
Morocco,MAR,2011,67.0,MAR,89.0,74.0,Africa,81.5,15.0,5.27,51.25666666666667,19.64285714285714
Morocco,MAR,2012,69.0,MAR,94.0,88.0,Africa,91.0,6.0,5.27,55.09,2.9850746268656803
Morocco,MAR,2014,76.0,MAR,94.0,88.0,Africa,91.0,6.0,5.27,57.42333333333334,10.144927536231885
Mozambique,MOZ,1997,39.0,MOZ,59.0,37.0,Africa,48.0,22.0,0.98,29.326666666666668,
Mozambique,MOZ,2003,48.0,MOZ,74.0,50.0,Africa,62.0,24.0,1.13,37.04333333333333,23.076923076923084
Mozambique,MOZ,2008,48.0,MOZ,74.0,39.45,Africa,56.725,34.55,1.34,35.355,0.0
Mozambique,MOZ,2009,51.0,MOZ,80.0,57.0,Africa,68.5,23.0,1.34,40.28,6.25
Mozambique,MOZ,2015,56.0,MOZ,79.0,63.0,Africa,71.0,16.0,3.31,43.43666666666667,9.80392156862746
Mozambique,MOZ,2017,61.0,MOZ,77.0,65.0,Africa,71.0,12.0,3.31,45.10333333333333,8.92857142857142
Mozambique,MOZ,2020,60.0,MOZ,76.0,65.0,Africa,70.5,11.0,4.22,44.906666666666666,-1.6393442622950838
Myanmar,MMR,2000,90.0,MMR,96.0,93.0,Asia,94.5,3.0,3.89,62.79666666666666,
Myanmar,MMR,2014,90.0,MMR,94.0,94.0,Asia,94.0,0.0,5.11,63.03666666666667,0.0
Myanmar,MMR,2016,90.0,MMR,91.15811,89.64611,Asia,90.40211,1.5120000000000005,5.9,62.100703333333335,0.0
Myanmar,MMR,2019,89.0,MMR,95.0,96.0,Asia,95.5,-1.0,5.9,63.46666666666667,-1.1111111111111072
Namibia,NAM,1991,76.0,NAM,86.0,90.0,Africa,88.0,-4.0,6.48,56.82666666666666,
Namibia,NAM,2000,76.0,NAM,88.26,90.65,Africa,89.45500000000001,-2.3900000000000006,6.48,57.31166666666667,0.0
Namibia,NAM,2001,85.0,NAM,91.0,94.0,Africa,92.5,-3.0,6.48,61.32666666666666,11.842105263157897
Namibia,NAM,2007,85.0,NAM,88.77,93.54,Africa,91.155,-4.77000000000001,6.48,60.87833333333333,0.0
Namibia,NAM,2011,88.0,NAM,93.0,95.0,Africa,94.0,-2.0,6.48,62.82666666666666,3.529411764705892
Namibia,NAM,2013,88.0,NAM,92.08,96.09,Africa,94.08500000000001,-4.010000000000005,6.48,62.855,0.0
Nauru,NRU,2023,96.58654,NAM,92.08,96.09,Africa,94.08500000000001,-4.010000000000005,6.88,65.85051333333332,
Nepal,NPL,1991,33.0,NPL,68.0,33.0,Asia,50.5,35.0,2.58,28.69333333333333,
Nepal,NPL,2001,49.0,NPL,81.0,60.0,Asia,70.5,21.0,3.13,40.876666666666665,48.484848484848484
Nepal,NPL,2006,49.0,NPL,94.24,75.51,Asia,84.875,18.72999999999999,3.74,45.87166666666667,0.0
Nepal,NPL,2011,60.0,NPL,90.0,80.0,Asia,85.0,10.0,4.44,49.81333333333333,22.44897959183674
Nepal,NPL,2016,65.50101,NPL,94.43616,84.58498,Asia,89.51057,9.85118,5.44,53.48385999999999,9.16834999999998
Nepal,NPL,2019,68.7125,NPL,96.80686,92.07302,Asia,94.43994,4.733840000000001,5.44,56.197480000000006,4.9029625650047315
Nepal,NPL,2022,68.7125,NPL,97.16,89.2,Asia,93.18,7.959999999999994,6.19,56.0275,0.0
New Caledonia,NCL,1996,96.0,NCL,99.0,99.0,Oceania,99.0,0.0,11.82,68.94,
Nicaragua,NIC,2001,77.0,NIC,85.3,89.4,North America,87.35,-4.1000000000000085,5.7,56.68333333333333,
Nicaragua,NIC,2005,78.0,NIC,89.4,92.7,North America,91.05000000000001,-3.299999999999997,6.28,58.443333333333335,1.298701298701288
Nicaragua,NIC,2009,78.0,NIC,92.6,94.8,North America,93.69999999999999,-2.200000000000003,6.28,59.32666666666666,0.0
Nicaragua,NIC,2014,78.0,NIC,94.1,96.6,North America,95.35,-2.5,6.82,60.056666666666665,0.0
Niger,NER,2001,14.0,NER,26.0,14.0,Africa,20.0,12.0,1.43,11.81,
Niger,NER,2005,29.0,NER,52.0,23.0,Africa,37.5,29.0,1.62,22.706666666666667,107.14285714285717
Niger,NER,2006,29.0,NER,33.02,11.17,Africa,22.095000000000002,21.85,1.62,17.571666666666665,0.0
Niger,NER,2012,31.0,NER,49.0,32.0,Africa,40.5,17.0,1.95,24.483333333333334,6.896551724137923
Niger,NER,2018,33.04745,NER,56.88975,36.36699,Africa,46.628370000000004,20.522759999999998,2.44,27.37194,6.604677419354821
Niger,NER,2022,35.60971,NER,63.96316,44.7403,Africa,54.35173,19.222860000000004,3.04,31.000480000000007,7.753275971368456
Nigeria,NGA,1991,55.0,NGA,81.0,62.0,Africa,71.5,19.0,3.04,43.18,
Nigeria,NGA,2003,55.0,NGA,78.0,61.0,Africa,69.5,17.0,3.04,42.513333333333335,0.0
Nigeria,NGA,2006,70.0,NGA,83.0,75.0,Africa,79.0,8.0,3.04,50.68,27.27272727272727
Nigeria,NGA,2007,70.0,NGA,83.0,70.18,Africa,76.59,12.819999999999993,3.04,49.876666666666665,0.0
Nigeria,NGA,2008,70.0,NGA,78.5,51.6,Africa,65.05,26.9,3.04,46.03,0.0
Nigeria,NGA,2011,70.0,NGA,78.5,79.84,Africa,79.17,-1.3400000000000034,3.04,50.73666666666667,0.0
Nigeria,NGA,2013,70.0,NGA,86.17,70.75,Africa,78.46000000000001,15.420000000000002,3.04,50.5,0.0
Nigeria,NGA,2016,58.22134,NGA,78.43424,67.12351,Africa,72.778875,11.310730000000007,3.04,44.68007166666666,-16.826657142857147
Nigeria,NGA,2018,58.22134,NGA,71.80612,60.39587,Africa,66.10099500000001,11.410250000000005,3.04,42.45411166666667,0.0
Nigeria,NGA,2021,63.15554,NGA,77.77638,69.04957,Africa,73.412975,8.72681,3.04,46.53617166666666,8.474899409735336
North America (Wb),NGA,2003,98.61992,NGA,99.62593,99.54726,Africa,99.58659499999999,0.07867000000000246,11.858304,70.02160633333332,
North America (Wb),NGA,2004,98.63156,NGA,99.62974,99.54986,Africa,99.5898,0.07988000000000284,11.858304,70.02655466666667,0.011802889314860288
North America (Wb),NGA,2005,98.64237,NGA,99.63311,99.55087,Africa,99.59199000000001,0.08223999999999876,11.858304,70.030888,0.010959980760727461
North America (Wb),NGA,2006,98.65695,NGA,99.63755,99.55211,Africa,99.59483,0.08544000000000551,11.858304,70.03669466666666,0.014780666766212036
North America (Wb),NGA,2007,98.66643,NGA,99.63883,99.55438,Africa,99.596605,0.08445000000000391,11.858304,70.04044633333334,0.009609054405190776
North America (Wb),NGA,2008,98.68658,NGA,99.6403,99.55452,Africa,99.59741,0.08577999999999975,11.858304,70.04743133333334,0.020422346283321957
North America (Wb),NGA,2017,98.75348,NGA,99.6591,99.56526,Africa,99.61218,0.09384000000000015,11.858304,70.07465466666666,0.06779037230795204
North America (Wb),NGA,2018,98.75979,NGA,99.66024,99.56524,Africa,99.61274,0.09499999999999886,11.858304,70.07694466666666,0.006389648243287915
North America (Wb),NGA,2019,98.76517,NGA,99.66159,99.56584,Africa,99.613715,0.09575000000000955,11.858304,70.079063,0.005447561198734796
North America (Wb),NGA,2020,98.77029,NGA,99.66034,99.56623,Africa,99.613285,0.09411000000000058,11.858304,70.08062633333334,0.0051840137570868805
North America (Wb),NGA,2021,98.77717,NGA,99.66233,99.56689,Africa,99.61461,0.09543999999999642,11.858304,70.08336133333333,0.006965657385427093
North America (Wb),NGA,2022,98.77941,NGA,99.66295,99.567,Africa,99.61497499999999,0.09595000000000198,11.858304,70.08422966666667,0.002267730488725306
North Korea,PRK,2008,100.0,PRK,100.0,100.0,Asia,100.0,0.0,11.858304,70.61943466666666,
North Macedonia,MKD,1994,94.0,MKD,99.0,99.0,Europe,99.0,0.0,11.858304,68.28610133333333,
North Macedonia,MKD,2002,96.0,MKD,99.0,98.0,Europe,98.5,1.0,11.858304,68.78610133333333,2.127659574468077
North Macedonia,MKD,2005,96.0,MKD,99.0,98.69,Europe,98.845,0.3100000000000023,11.858304,68.90110133333333,0.0
North Macedonia,MKD,2011,96.0,MKD,99.0,99.36,Europe,99.18,-0.35999999999999943,11.858304,69.01276800000001,0.0
North Macedonia,MKD,2018,96.0,MKD,99.0,98.74764,Europe,98.87382,0.2523599999999959,11.858304,68.910708,0.0
Northern Africa And Western Asia (Sdg),MKD,1990,64.19637,MKD,86.77123,72.29262,Europe,79.531925,14.478610000000003,11.858304,51.86219966666667,
Northern Africa And Western Asia (Sdg),MKD,1991,65.00349,MKD,87.62791,73.40488,Europe,80.516395,14.223029999999994,11.858304,52.45939633333333,1.2572673501632492
Northern Africa And Western Asia (Sdg),MKD,1992,65.77178,MKD,88.09057,74.42594,Europe,81.25825499999999,13.664630000000002,11.858304,52.96277966666667,1.1819211553102837
Northern Africa And Western Asia (Sdg),MKD,1993,66.33577,MKD,88.13447,73.79197,Europe,80.96322,14.342499999999987,11.858304,53.05243133333334,0.8574954182477557
Northern Africa And Western Asia (Sdg),MKD,1994,67.05767,MKD,88.44629,74.7156,Europe,81.580945,13.73069000000001,11.858304,53.49897300000001,1.0882514818174371
Northern Africa And Western Asia (Sdg),MKD,1995,67.79916,MKD,88.81908,75.68437,Europe,82.251725,13.134709999999998,11.858304,53.969729666666666,1.1057497225895219
Northern Africa And Western Asia (Sdg),MKD,1996,68.66977,MKD,89.17943,76.75329,Europe,82.96636000000001,12.42613999999999,11.858304,54.49814466666667,1.2841014549442864
Northern Africa And Western Asia (Sdg),MKD,1997,69.50703,MKD,89.49842,77.78434,Europe,83.64138,11.714079999999996,11.858304,55.002238000000006,1.219255576362066
Northern Africa And Western Asia (Sdg),MKD,1998,70.41439,MKD,89.68784,78.69692,Europe,84.19238,10.990919999999988,11.858304,55.488358,1.3054219119994048
Northern Africa And Western Asia (Sdg),MKD,1999,71.24101,MKD,89.90529,79.65437,Europe,84.77983,10.250919999999994,11.858304,55.95971466666668,1.173936179806434
Northern Africa And Western Asia (Sdg),MKD,2000,72.16486,MKD,90.36577,80.47546,Europe,85.420615,9.89031,11.858304,56.481259666666666,1.2967952026508245
Northern Africa And Western Asia (Sdg),MKD,2001,73.03478,MKD,90.72356,81.42355,Europe,86.073555,9.30001,11.858304,56.98887966666667,1.2054620489806211
Northern Africa And Western Asia (Sdg),MKD,2002,73.83571,MKD,90.98169,82.30246,Europe,86.642075,8.679230000000004,11.858304,57.44536300000001,1.096641901296902
Northern Africa And Western Asia (Sdg),MKD,2003,75.93867,MKD,92.36484,82.6261,Europe,87.49547,9.738740000000007,11.858304,58.43081466666667,2.8481611404562956
Northern Africa And Western Asia (Sdg),MKD,2004,76.60167,MKD,92.53676,83.45652,Europe,87.99664,9.080240000000003,11.858304,58.818871333333334,0.873072967962174
Northern Africa And Western Asia (Sdg),MKD,2005,77.18137,MKD,92.72336,84.12263,Europe,88.422995,8.600729999999999,11.858304,59.154223,0.756772012933915
Northern Africa And Western Asia (Sdg),MKD,2006,75.35314,MKD,90.81431,83.61319,Europe,87.21375,7.201120000000003,11.858304,58.14173133333333,-2.368745203667677
Northern Africa And Western Asia (Sdg),MKD,2007,76.0082,MKD,91.32681,84.49342,Europe,87.91011499999999,6.833389999999994,11.858304,58.59220633333334,0.8693201106151793
Northern Africa And Western Asia (Sdg),MKD,2008,76.72649,MKD,91.77027,85.2762,Europe,88.523235,6.494069999999994,11.858304,59.03600966666667,0.9450164587504917
Northern Africa And Western Asia (Sdg),MKD,2009,76.07653,MKD,90.00552,83.06166,Europe,86.53359,6.943860000000001,11.858304,58.15614133333333,-0.847112907158909
Northern Africa And Western Asia (Sdg),MKD,2010,76.8703,MKD,90.27802,83.64832,Europe,86.96316999999999,6.6297,11.858304,58.56392466666666,1.0433835507481781
Northern Africa And Western Asia (Sdg),MKD,2011,78.47644,MKD,90.83069,84.23535,Europe,87.53302,6.595340000000007,11.858304,59.289254666666665,2.0894155480074783
Northern Africa And Western Asia (Sdg),MKD,2012,79.18889,MKD,91.40776,85.4149,Europe,88.41132999999999,5.992859999999993,11.858304,59.81950799999999,0.9078520891110831
Northern Africa And Western Asia (Sdg),MKD,2013,79.80632,MKD,91.66172,86.49718,Europe,89.07945000000001,5.164540000000002,11.858304,60.24802466666667,0.7796927068935977
Northern Africa And Western Asia (Sdg),MKD,2014,80.18829,MKD,91.6782,86.83956,Europe,89.25888,4.838639999999998,11.858304,60.435158,0.4786212420269331
Northern Africa And Western Asia (Sdg),MKD,2015,80.74607,MKD,91.68989,87.19533,Europe,89.44261,4.494560000000007,11.858304,60.682328000000005,0.6955878470534804
Northern Africa And Western Asia (Sdg),MKD,2016,79.70249,MKD,90.51795,86.01057,Europe,88.26426000000001,4.507379999999998,11.858304,59.94168466666667,-1.2924220336667847
Northern Africa And Western Asia (Sdg),MKD,2017,80.08974,MKD,90.6555,86.46706,Europe,88.56128000000001,4.18844,11.858304,60.169774666666676,0.4858693875185116
Northern Africa And Western Asia (Sdg),MKD,2018,80.34868,MKD,90.74045,86.80387,Europe,88.77216,3.936579999999992,11.858304,60.32638133333333,0.3233123244001046
Northern Africa And Western Asia (Sdg),MKD,2019,80.59253,MKD,90.84184,87.07572,Europe,88.95878,3.766120000000001,11.858304,60.46987133333334,0.3034897399683434
Northern Africa And Western Asia (Sdg),MKD,2020,80.83071,MKD,90.97112,87.32796,Europe,89.14954,3.6431599999999946,11.858304,60.61285133333334,0.2955360751176306
Northern Africa And Western Asia (Sdg),MKD,2021,81.11396,MKD,91.14234,87.58399,Europe,89.36316500000001,3.5583500000000043,11.858304,60.77847633333334,0.35042374364893103
Northern Africa And Western Asia (Sdg),MKD,2022,81.32228,MKD,91.21332,87.76496,Europe,89.48913999999999,3.448359999999994,11.858304,60.889908,0.25682385621415005
Northern Africa And Western Asia (Sdg),MKD,2023,81.52536,MKD,91.25193,87.87527,Europe,89.56360000000001,3.376660000000001,11.858304,60.98242133333334,0.24972246228216477
Oceania (Excluding Australia And New Zealand) (Sdg),MKD,1994,63.83721,MKD,77.99778,69.92531,Europe,73.961545,8.07247000000001,10.736105,49.51162,
Oceania (Excluding Australia And New Zealand) (Sdg),MKD,1995,63.73516,MKD,77.93086,69.80773,Europe,73.869295,8.123129999999989,10.736105,49.44685333333334,-0.15985974324378427
Oceania (Excluding Australia And New Zealand) (Sdg),MKD,1996,64.12549,MKD,77.80159,70.52277,Europe,74.16218,7.27882000000001,10.736105,49.674591666666664,0.6124249158549144
Oceania (Excluding Australia And New Zealand) (Sdg),MKD,1997,64.51518,MKD,77.57193,71.17595,Europe,74.37394,6.3959799999999944,10.736105,49.875075,0.6076990600773602
Oceania (Excluding Australia And New Zealand) (Sdg),MKD,1998,64.89708,MKD,77.23113,71.75108,Europe,74.491105,5.480049999999991,10.736105,50.04143000000001,0.591953707639048
Oceania (Excluding Australia And New Zealand) (Sdg),MKD,1999,65.18096,MKD,76.60148,72.01319,Europe,74.307335,4.588290000000001,10.736105,50.0748,0.43743108318585744
Oceania (Excluding Australia And New Zealand) (Sdg),MKD,2000,65.35132,MKD,75.68379,71.95756,Europe,73.820675,3.726230000000001,10.736105,49.969366666666666,0.2613646684553217
Oceania (Excluding Australia And New Zealand) (Sdg),MKD,2001,65.67382,MKD,75.20317,72.38272,Europe,73.792945,2.820449999999994,10.736105,50.06762333333334,0.4934865891002671
Oceania (Excluding Australia And New Zealand) (Sdg),MKD,2002,65.98396,MKD,74.65344,72.7736,Europe,73.71352,1.8798400000000015,10.736105,50.144528333333334,0.4722429729228317
Oceania (Excluding Australia And New Zealand) (Sdg),MKD,2003,66.2849,MKD,74.06713,73.14567,Europe,73.60640000000001,0.9214600000000104,10.736105,50.209135,0.4560805383611477
Oceania (Excluding Australia And New Zealand) (Sdg),MKD,2004,66.58231,MKD,73.51779,73.54148,Europe,73.52963500000001,-0.023690000000001987,10.736105,50.282683333333345,0.4486843911660321
Oceania (Excluding Australia And New Zealand) (Sdg),MKD,2005,66.86126,MKD,72.99228,73.94499,Europe,73.468635,-0.9527100000000104,10.736105,50.35533333333334,0.4189551248672485
Oceania (Excluding Australia And New Zealand) (Sdg),MKD,2006,67.13211,MKD,72.42972,74.27674,Europe,73.35323,-1.8470200000000006,10.736105,50.40714833333334,0.4050925752820067
Oceania (Excluding Australia And New Zealand) (Sdg),MKD,2007,67.3978,MKD,71.91764,74.65142,Europe,73.28453,-2.733779999999996,10.736105,50.47281166666667,0.3957718593978532
Oceania (Excluding Australia And New Zealand) (Sdg),MKD,2008,67.65311,MKD,71.43784,75.06341,Europe,73.250625,-3.6255700000000104,10.736105,50.54661333333333,0.37881058432174264
Oceania (Excluding Australia And New Zealand) (Sdg),MKD,2009,67.89148,MKD,71.16369,75.7507,Europe,73.457195,-4.587009999999992,10.736105,50.694926666666674,0.3523415257628226
Oceania (Excluding Australia And New Zealand) (Sdg),MKD,2010,68.12718,MKD,71.10046,76.70676,Europe,73.90361,-5.6063000000000045,10.736105,50.92229833333334,0.3471716922359036
Oceania (Excluding Australia And New Zealand) (Sdg),MKD,2011,68.01376,MKD,70.99472,76.65435,Europe,73.824535,-5.659629999999993,10.736105,50.85813333333334,-0.16648274594661672
Oceania (Excluding Australia And New Zealand) (Sdg),MKD,2012,67.90237,MKD,70.90169,76.61355,Europe,73.75762,-5.7118600000000015,10.736105,50.798698333333334,-0.16377568303825862
Oceania (Excluding Australia And New Zealand) (Sdg),MKD,2013,67.79107,MKD,70.80942,76.57255,Europe,73.69098500000001,-5.763130000000004,10.736105,50.73938666666667,-0.1639118045511534
Oceania (Excluding Australia And New Zealand) (Sdg),MKD,2014,67.79107,MKD,70.69678,76.51877,Europe,73.607775,-5.8219899999999996,,,0.0
Oceania (Excluding Australia And New Zealand) (Sdg),MKD,2016,67.79107,MKD,70.49173,76.40004,Europe,73.445885,-5.90831,,,0.0
Oceania (Excluding Australia And New Zealand) (Sdg),MKD,2017,67.29137,MKD,70.40302,76.33891,Europe,73.370965,-5.9358900000000006,10.736105,50.46614666666667,-0.7371177354185465
Oceania (Excluding Australia And New Zealand) (Sdg),MKD,2018,67.18698,MKD,70.31829,76.28157,Europe,73.29993,-5.9632799999999975,10.736105,50.40767166666668,-0.15513133407745183
Oceania (Excluding Australia And New Zealand) (Sdg),MKD,2019,67.08638,MKD,70.24382,76.2324,Europe,73.23811,-5.988579999999999,10.736105,50.353531666666676,-0.1497313914094689
Oceania (Excluding Australia And New Zealand) (Sdg),MKD,2020,66.98972,MKD,70.17836,76.19174,Europe,73.18504999999999,-6.013379999999998,10.736105,50.303625000000004,-0.1440828973034436
Oceania (Excluding Australia And New Zealand) (Sdg),MKD,2021,66.96753,MKD,70.16173,76.17388,Europe,73.167805,-6.012149999999991,10.736105,50.29048,-0.0331244853688184
Oman,OMN,2003,66.0,OMN,66.0,85.0,Asia,75.5,-19.0,10.736105,50.74536833333334,
Oman,OMN,2008,87.0,OMN,98.0,98.0,Asia,98.0,0.0,10.736105,65.24536833333333,31.818181818181813
Oman,OMN,2010,87.0,OMN,97.0,98.0,Asia,97.5,-1.0,10.736105,65.07870166666667,0.0
Oman,OMN,2015,93.0,OMN,99.0,99.0,Asia,99.0,0.0,10.736105,67.57870166666667,6.896551724137923
Oman,OMN,2017,96.0,OMN,98.0,99.0,Asia,98.5,-1.0,10.736105,68.412035,3.2258064516129004
Oman,OMN,2018,96.0,OMN,98.0,99.0,Asia,98.5,-1.0,10.736105,68.412035,0.0
Oman,OMN,2020,97.0,OMN,100.0,100.0,Asia,100.0,0.0,10.736105,69.24536833333333,1.041666666666674
Oman,OMN,2022,97.0,OMN,100.0,100.0,Asia,100.0,0.0,10.736105,69.24536833333333,0.0
Pakistan,PAK,1998,43.0,PAK,67.0,43.0,Asia,55.0,24.0,3.52,33.839999999999996,
Pakistan,PAK,2005,50.0,PAK,77.0,53.0,Asia,65.0,24.0,5.05,40.016666666666666,16.279069767441868
Pakistan,PAK,2006,54.0,PAK,79.0,58.0,Asia,68.5,21.0,5.05,42.516666666666666,8.000000000000007
Pakistan,PAK,2007,52.0,PAK,75.0,57.0,Asia,66.0,18.0,5.05,41.016666666666666,-3.703703703703709
Pakistan,PAK,2008,56.0,PAK,79.0,61.0,Asia,70.0,18.0,5.05,43.68333333333334,7.692307692307687
Pakistan,PAK,2009,55.0,PAK,79.0,61.0,Asia,70.0,18.0,5.05,43.35,-1.7857142857142905
Pakistan,PAK,2010,55.0,PAK,80.0,62.0,Asia,71.0,18.0,5.22,43.74,0.0
Pakistan,PAK,2011,55.0,PAK,78.0,63.0,Asia,70.5,15.0,5.22,43.57333333333333,0.0
Pakistan,PAK,2012,57.0,PAK,80.0,64.0,Asia,72.0,16.0,5.22,44.74,3.6363636363636376
Pakistan,PAK,2013,56.0,PAK,79.0,63.0,Asia,71.0,16.0,5.22,44.07333333333333,-1.7543859649122862
Pakistan,PAK,2014,57.0,PAK,80.0,66.0,Asia,73.0,14.0,5.22,45.07333333333333,1.7857142857142794
Pakistan,PAK,2017,59.0,PAK,81.0,68.0,Asia,74.5,13.0,5.89,46.46333333333333,3.5087719298245723
Pakistan,PAK,2018,57.0,PAK,80.0,64.0,Asia,72.0,16.0,5.89,44.96333333333333,-3.3898305084745783
Pakistan,PAK,2019,58.0,PAK,80.0,65.0,Asia,72.5,15.0,5.89,45.46333333333333,1.7543859649122862
Pakistan,PAK,2021,58.8561,PAK,79.45763,66.52292,Asia,72.990275,12.934709999999995,6.41,46.08545833333333,1.4760344827586147
Palau,PLW,2013,100.0,PLW,100.0,100.0,Oceania,100.0,0.0,6.41,68.80333333333333,
Palau,PLW,2015,97.0,PLW,98.0,99.0,Oceania,98.5,-1.0,6.41,67.30333333333333,-3.0000000000000027
Palestine,PSE,1997,86.0,PSE,97.0,97.0,Asia,97.0,0.0,6.41,63.13666666666666,
Palestine,PSE,2004,92.0,PSE,99.0,99.0,Asia,99.0,0.0,6.41,65.80333333333333,6.976744186046502
Palestine,PSE,2006,93.0,PSE,99.0,99.0,Asia,99.0,0.0,6.41,66.13666666666667,1.0869565217391353
Palestine,PSE,2007,94.0,PSE,99.0,99.0,Asia,99.0,0.0,6.41,66.47,1.0752688172043001
Palestine,PSE,2008,94.0,PSE,99.0,99.0,Asia,99.0,0.0,6.41,66.47,0.0
Palestine,PSE,2009,94.0,PSE,99.0,99.0,Asia,99.0,0.0,6.41,66.47,0.0
Palestine,PSE,2010,95.0,PSE,99.0,99.0,Asia,99.0,0.0,6.41,66.80333333333333,1.0638297872340496
Palestine,PSE,2011,95.0,PSE,99.0,99.0,Asia,99.0,0.0,6.41,66.80333333333333,0.0
Palestine,PSE,2012,96.0,PSE,99.0,99.0,Asia,99.0,0.0,6.41,67.13666666666667,1.0526315789473717
Palestine,PSE,2013,96.0,PSE,99.0,99.0,Asia,99.0,0.0,6.41,67.13666666666667,0.0
Palestine,PSE,2014,96.0,PSE,99.0,99.0,Asia,99.0,0.0,6.41,67.13666666666667,0.0
Palestine,PSE,2015,96.0,PSE,99.0,99.0,Asia,99.0,0.0,6.41,67.13666666666667,0.0
Palestine,PSE,2016,97.0,PSE,99.0,99.0,Asia,99.0,0.0,6.41,67.47,1.041666666666674
Palestine,PSE,2017,97.0,PSE,99.0,99.0,Asia,99.0,0.0,6.41,67.47,0.0
Palestine,PSE,2018,97.0,PSE,99.0,99.0,Asia,99.0,0.0,6.41,67.47,0.0
Palestine,PSE,2019,97.0,PSE,99.0,99.0,Asia,99.0,0.0,6.41,67.47,0.0
Palestine,PSE,2020,98.0,PSE,99.0,99.0,Asia,99.0,0.0,6.41,67.80333333333333,1.0309278350515427
Palestine,PSE,2022,98.0,PSE,99.0,99.0,Asia,99.0,0.0,6.41,67.80333333333333,0.0
Panama,PAN,1990,89.0,PAN,95.0,95.0,North America,95.0,0.0,8.08,64.02666666666667,
Panama,PAN,2000,92.0,PAN,97.0,96.0,North America,96.5,1.0,9.24,65.91333333333334,3.370786516853941
Panama,PAN,2010,94.0,PAN,98.0,97.0,North America,97.5,1.0,9.72,67.07333333333334,2.1739130434782705
Panama,PAN,2014,94.0,PAN,98.4,97.6,North America,98.0,0.8000000000000114,9.72,67.24,0.0
Panama,PAN,2015,94.0,PAN,98.4,98.1,North America,98.25,0.30000000000001137,10.06,67.43666666666667,0.0
Panama,PAN,2016,94.0,PAN,99.1,98.4,North America,98.75,0.6999999999999886,10.06,67.60333333333334,0.0
Panama,PAN,2017,94.0,PAN,99.3,98.8,North America,99.05,0.5,10.06,67.70333333333333,0.0
Panama,PAN,2018,95.0,PAN,99.3,98.9,North America,99.1,0.3999999999999915,10.06,68.05333333333333,1.0638297872340496
Panama,PAN,2019,96.0,PAN,98.9,98.9,North America,98.9,0.0,10.06,68.32000000000001,1.0526315789473717
Panama,PAN,2021,96.0,PAN,99.3,99.2,North America,99.25,0.09999999999999432,10.44,68.56333333333333,0.0
Panama,PAN,2022,96.0,PAN,99.4,99.3,North America,99.35,0.10000000000000853,10.44,68.59666666666666,0.0
Panama,PAN,2023,96.0,PAN,98.8,98.9,North America,98.85,-0.10000000000000853,10.44,68.42999999999999,0.0
Papua New Guinea,PNG,2000,57.0,PNG,69.0,64.0,Oceania,66.5,5.0,10.44,44.64666666666667,
Papua New Guinea,PNG,2017,70.06368,PNG,87.25939,78.08662,Oceania,82.67300499999999,9.17277,4.61,52.448895,22.918736842105282
Paraguay,PRY,1992,90.0,PRY,96.0,95.0,South America,95.5,1.0,6.43,63.97666666666667,
Paraguay,PRY,2001,90.0,PRY,95.7,95.6,South America,95.65,0.10000000000000853,6.55,64.06666666666668,0.0
Paraguay,PRY,2002,90.0,PRY,97.6,97.3,South America,97.44999999999999,0.29999999999999716,6.55,64.66666666666667,0.0
Paraguay,PRY,2003,90.0,PRY,97.3,97.5,South America,97.4,-0.20000000000000284,6.55,64.65,0.0
Paraguay,PRY,2004,90.0,PRY,97.3,97.2,South America,97.25,0.09999999999999432,6.55,64.60000000000001,0.0
Paraguay,PRY,2005,90.0,PRY,97.6,98.1,South America,97.85,-0.5,8.03,65.29333333333334,0.0
Paraguay,PRY,2006,90.0,PRY,98.4,97.9,South America,98.15,0.5,8.03,65.39333333333333,0.0
Paraguay,PRY,2007,95.0,PRY,98.6,98.8,South America,98.69999999999999,-0.20000000000000284,8.03,67.24333333333333,5.555555555555558
Paraguay,PRY,2008,93.0,PRY,97.6,98.2,South America,97.9,-0.6000000000000085,8.03,66.31,-2.1052631578947323
Paraguay,PRY,2009,94.0,PRY,98.0,99.0,South America,98.5,-1.0,8.03,66.84333333333333,1.0752688172043001
Paraguay,PRY,2010,94.0,PRY,98.5,98.6,South America,98.55,-0.09999999999999432,7.99,66.84666666666668,0.0
Paraguay,PRY,2011,94.0,PRY,98.3,98.7,South America,98.5,-0.4000000000000057,7.99,66.83,0.0
Paraguay,PRY,2012,94.0,PRY,98.3,98.1,South America,98.19999999999999,0.20000000000000284,7.99,66.73,0.0
Paraguay,PRY,2013,95.0,PRY,98.6,99.2,South America,98.9,-0.6000000000000085,7.99,67.29666666666667,1.0638297872340496
Paraguay,PRY,2014,95.0,PRY,99.0,98.5,South America,98.75,0.5,7.99,67.24666666666667,0.0
Paraguay,PRY,2015,96.0,PRY,98.4,99.0,South America,98.7,-0.5999999999999943,8.4,67.7,1.0526315789473717
Paraguay,PRY,2016,95.0,PRY,98.2,98.7,South America,98.45,-0.5,8.4,67.28333333333333,-1.041666666666663
Paraguay,PRY,2017,95.0,PRY,97.7,98.9,South America,98.30000000000001,-1.2000000000000028,8.4,67.23333333333333,0.0
Paraguay,PRY,2018,94.0,PRY,97.7,98.9,South America,98.30000000000001,-1.2000000000000028,8.4,66.9,-1.0526315789473717
Paraguay,PRY,2019,93.0,PRY,98.0,98.7,South America,98.35,-0.7000000000000028,8.4,66.58333333333333,-1.0638297872340385
Paraguay,PRY,2020,95.0,PRY,98.6,98.7,South America,98.65,-0.10000000000000853,8.83,67.49333333333334,2.1505376344086002
Paraguay,PRY,2021,95.0,PRY,98.1,99.2,South America,98.65,-1.1000000000000085,8.83,67.49333333333334,0.0
Paraguay,PRY,2022,95.0,PRY,98.5,98.8,South America,98.65,-0.29999999999999716,8.83,67.49333333333334,0.0
Paraguay,PRY,2023,95.0,PRY,98.8,99.0,South America,98.9,-0.20000000000000284,8.83,67.57666666666667,0.0
Peru,PER,1993,87.0,PER,97.0,94.0,South America,95.5,3.0,7.39,63.29666666666666,
Peru,PER,2000,87.0,PER,99.1,96.1,South America,97.6,3.0,9.05,64.55,0.0
Peru,PER,2001,87.0,PER,98.2,96.1,South America,97.15,2.1000000000000085,9.05,64.4,0.0
Peru,PER,2002,87.0,PER,97.6,95.9,South America,96.75,1.6999999999999886,9.05,64.26666666666667,0.0
Peru,PER,2003,87.0,PER,97.6,96.0,South America,96.8,1.5999999999999943,9.05,64.28333333333335,0.0
Peru,PER,2004,88.0,PER,98.4,96.3,South America,97.35,2.1000000000000085,9.05,64.8,1.1494252873563315
Peru,PER,2005,88.0,PER,98.1,96.8,South America,97.44999999999999,1.2999999999999972,9.88,65.11,0.0
Peru,PER,2006,89.0,PER,98.6,97.3,South America,97.94999999999999,1.2999999999999972,9.88,65.61,1.1363636363636465
Peru,PER,2007,90.0,PER,98.1,97.0,South America,97.55,1.0999999999999943,9.88,65.81,1.1235955056179803
Peru,PER,2008,90.0,PER,98.2,97.5,South America,97.85,0.7000000000000028,9.88,65.91,0.0
Peru,PER,2009,90.0,PER,98.7,97.9,South America,98.30000000000001,0.7999999999999972,9.88,66.06,0.0
Peru,PER,2010,90.0,PER,98.6,98.0,South America,98.3,0.5999999999999943,9.28,65.86,0.0
Peru,PER,2011,90.0,PER,98.6,98.3,South America,98.44999999999999,0.29999999999999716,9.28,65.91,0.0
Peru,PER,2012,94.0,PER,98.7,98.7,South America,98.7,0.0,9.28,67.32666666666667,4.444444444444451
Peru,PER,2013,94.0,PER,98.9,98.9,South America,98.9,0.0,9.28,67.39333333333333,0.0
Peru,PER,2014,94.0,PER,99.2,98.8,South America,99.0,0.4000000000000057,9.28,67.42666666666666,0.0
Peru,PER,2015,94.0,PER,99.3,98.8,South America,99.05,0.5,9.61,67.55333333333334,0.0
Peru,PER,2016,94.0,PER,99.1,98.8,South America,98.94999999999999,0.29999999999999716,9.61,67.52,0.0
Peru,PER,2017,94.0,PER,99.3,98.9,South America,99.1,0.3999999999999915,9.61,67.57,0.0
Peru,PER,2018,94.0,PER,99.1,99.0,South America,99.05,0.09999999999999432,9.61,67.55333333333334,0.0
Peru,PER,2019,94.0,PER,99.1,99.1,South America,99.1,0.0,9.61,67.57,0.0
Peru,PER,2020,94.0,PER,99.6,99.4,South America,99.5,0.19999999999998863,9.96,67.82000000000001,0.0
Peru,PER,2021,94.0,PER,99.1,99.2,South America,99.15,-0.10000000000000853,9.96,67.70333333333333,0.0
Peru,PER,2022,94.0,PER,99.3,99.3,South America,99.3,0.0,9.96,67.75333333333334,0.0
Peru,PER,2023,94.0,PER,99.3,99.4,South America,99.35,-0.10000000000000853,9.96,67.77,0.0
Philippines,PHL,1990,94.0,PHL,96.0,97.0,Asia,96.5,-1.0,7.15,65.88333333333334,
Philippines,PHL,1994,94.0,PHL,96.0,96.0,Asia,96.0,0.0,7.15,65.71666666666667,0.0
Philippines,PHL,2000,93.0,PHL,94.0,96.0,Asia,95.0,-2.0,7.96,65.32000000000001,-1.0638297872340385
Philippines,PHL,2003,93.0,PHL,94.0,97.0,Asia,95.5,-3.0,7.96,65.48666666666666,0.0
Philippines,PHL,2008,95.0,PHL,97.0,98.0,Asia,97.5,-1.0,8.27,66.92333333333333,2.1505376344086002
Philippines,PHL,2013,96.0,PHL,97.0,99.0,Asia,98.0,-2.0,8.65,67.55,1.0526315789473717
Philippines,PHL,2015,98.0,PHL,99.0,99.0,Asia,99.0,0.0,9.14,68.71333333333332,2.083333333333326
Philippines,PHL,2017,98.0,PHL,100.0,100.0,Asia,100.0,0.0,9.14,69.04666666666667,0.0
Philippines,PHL,2019,96.0,PHL,98.0,99.0,Asia,98.5,-1.0,9.14,67.88,-2.0408163265306145
Philippines,PHL,2020,98.0,PHL,99.0,99.0,Asia,99.0,0.0,9.44,68.81333333333333,2.083333333333326
Philippines,PHL,2022,98.0,PHL,100.0,99.51506,Asia,99.75753,0.4849399999999946,9.44,69.06584333333333,0.0
Portugal,PRT,1991,88.0,PRT,99.0,99.0,Europe,99.0,0.0,6.73,64.57666666666667,
Portugal,PRT,2011,94.0,PRT,99.0,99.0,Europe,99.0,0.0,8.71,67.23666666666666,6.818181818181812
Puerto Rico,PRI,1990,90.0,PRI,92.0,94.0,North America,93.0,-2.0,9.56,64.18666666666667,
Puerto Rico,PRI,2010,92.0,PRI,99.0,99.0,North America,99.0,0.0,9.56,66.85333333333334,2.2222222222222143
Puerto Rico,PRI,2017,92.0,PRI,92.0,92.0,North America,92.0,0.0,9.56,64.52,0.0
Qatar,QAT,1997,83.0,QAT,94.0,96.0,Asia,95.0,-2.0,9.56,62.52,
Qatar,QAT,2004,89.0,QAT,95.0,98.0,Asia,96.5,-3.0,9.56,65.02,7.2289156626506035
Qatar,QAT,2007,93.0,QAT,99.0,99.0,Asia,99.0,0.0,9.56,67.18666666666667,4.494382022471921
Qatar,QAT,2008,94.0,QAT,95.0,97.0,Asia,96.0,-2.0,9.56,66.52,1.0752688172043001
Qatar,QAT,2009,95.0,QAT,98.0,98.0,Asia,98.0,0.0,9.56,67.52,1.0638297872340496
Qatar,QAT,2010,96.0,QAT,96.0,98.0,Asia,97.0,-2.0,9.56,67.52,1.0526315789473717
Qatar,QAT,2011,96.0,QAT,98.0,99.0,Asia,98.5,-1.0,9.56,68.02,0.0
Qatar,QAT,2012,97.0,QAT,99.0,100.0,Asia,99.5,-1.0,9.56,68.68666666666667,1.041666666666674
Qatar,QAT,2013,97.0,QAT,99.0,99.0,Asia,99.0,0.0,9.56,68.52,0.0
Qatar,QAT,2014,98.0,QAT,98.0,100.0,Asia,99.0,-2.0,9.56,68.85333333333334,1.0309278350515427
Romania,ROU,1992,97.0,ROU,99.0,99.0,Europe,99.0,0.0,9.84,68.61333333333333,
Romania,ROU,2002,97.0,ROU,98.0,98.0,Europe,98.0,0.0,10.7,68.56666666666666,0.0
Romania,ROU,2011,99.0,ROU,99.0,99.0,Europe,99.0,0.0,11.24,69.74666666666667,2.0618556701030855
Romania,ROU,2021,99.0,ROU,100.0,100.0,Europe,100.0,0.0,11.28,70.09333333333333,0.0
Russia,RUS,2002,99.0,RUS,100.0,100.0,Europe,100.0,0.0,11.54,70.17999999999999,
Russia,RUS,2010,100.0,RUS,100.0,100.0,Europe,100.0,0.0,12.02,70.67333333333333,1.0101010101010166
Russia,RUS,2021,100.0,RUS,100.0,100.0,Europe,100.0,0.0,11.6,70.53333333333333,0.0
Rwanda,RWA,1991,58.0,RWA,60.0,45.0,Africa,52.5,15.0,11.6,40.699999999999996,
Rwanda,RWA,2000,65.0,RWA,79.0,77.0,Africa,78.0,2.0,11.6,51.53333333333333,12.06896551724137
Rwanda,RWA,2005,65.0,RWA,72.72,68.21,Africa,70.465,4.510000000000005,11.6,49.02166666666667,0.0
Rwanda,RWA,2010,65.0,RWA,80.31,80.06,Africa,80.185,0.25,11.6,52.26166666666666,0.0
Rwanda,RWA,2012,68.0,RWA,81.0,83.0,Africa,82.0,-2.0,11.6,53.86666666666667,4.615384615384621
Rwanda,RWA,2014,71.0,RWA,84.0,86.0,Africa,85.0,-2.0,11.6,55.86666666666667,4.4117647058823595
Rwanda,RWA,2015,71.0,RWA,87.92002,89.17011,Africa,88.545065,-1.2500900000000001,4.62,54.72168833333333,0.0
Rwanda,RWA,2018,73.0,RWA,84.0,89.0,Africa,86.5,-5.0,4.62,54.70666666666667,2.8169014084507005
Rwanda,RWA,2020,80.05086,RWA,90.36046,92.69652,Africa,91.52849,-2.3360600000000034,5.24,58.93978333333334,9.658712328767116
Rwanda,RWA,2022,79.0,RWA,88.0,92.0,Africa,90.0,-4.0,5.24,58.080000000000005,-1.3127404252746278
Saint Helena,SHN,1998,97.0,SHN,99.0,100.0,Africa,99.5,-1.0,5.24,67.24666666666667,
Saint Lucia,SHN,2012,97.0,LCA,100.0,99.96,North America,99.97999999999999,0.04000000000000625,5.24,67.40666666666667,
Samoa,WSM,1991,98.0,WSM,99.0,99.0,Oceania,99.0,0.0,5.24,67.41333333333334,
Samoa,WSM,2011,99.0,WSM,99.0,99.0,Oceania,99.0,0.0,5.24,67.74666666666667,1.0204081632652962
Samoa,WSM,2016,99.0,WSM,100.0,100.0,Oceania,100.0,0.0,5.24,68.08,0.0
Samoa,WSM,2019,97.99026,WSM,98.54096,99.55731,Oceania,99.049135,-1.0163500000000028,5.24,67.42646500000001,-1.0199393939393842
San Marino,SMR,2022,100.0,SMR,100.0,100.0,Europe,100.0,0.0,5.24,68.41333333333334,
Sao Tome And Principe,STP,1991,73.0,STP,96.0,92.0,Africa,94.0,4.0,5.24,57.413333333333334,
Sao Tome And Principe,STP,2001,85.0,STP,96.0,95.0,Africa,95.5,1.0,5.24,61.913333333333334,16.43835616438356
Sao Tome And Principe,STP,2012,90.0,STP,97.0,96.0,Africa,96.5,1.0,5.24,63.913333333333334,5.882352941176472
Sao Tome And Principe,STP,2014,90.0,STP,97.0,100.0,Africa,98.5,-3.0,5.24,64.58,0.0
Sao Tome And Principe,STP,2019,87.43846,STP,95.85022,95.07206,Africa,95.46114,0.7781599999999997,5.24,62.71320000000001,-2.8461555555555518
Saudi Arabia,SAU,1992,71.0,SAU,94.0,81.0,Asia,87.5,13.0,5.24,54.580000000000005,
Saudi Arabia,SAU,2000,79.0,SAU,98.0,94.0,Asia,96.0,4.0,5.24,60.080000000000005,11.267605633802823
Saudi Arabia,SAU,2004,83.0,SAU,97.0,95.0,Asia,96.0,2.0,5.24,61.413333333333334,5.063291139240511
Saudi Arabia,SAU,2013,94.0,SAU,99.0,99.0,Asia,99.0,0.0,5.24,66.08,13.25301204819278
Saudi Arabia,SAU,2017,95.0,SAU,99.0,99.0,Asia,99.0,0.0,9.34,67.78,1.0638297872340496
Saudi Arabia,SAU,2020,98.0,SAU,100.0,99.0,Asia,99.5,1.0,9.86,69.12,3.157894736842115
Senegal,SEN,2002,39.0,SEN,58.0,41.0,Africa,49.5,17.0,1.98,30.16,
Senegal,SEN,2005,39.0,SEN,57.43,34.01,Africa,45.72,23.42,1.67,28.796666666666667,0.0
Senegal,SEN,2006,42.0,SEN,58.0,45.0,Africa,51.5,13.0,1.67,31.723333333333333,7.692307692307687
Senegal,SEN,2009,48.0,SEN,72.0,55.0,Africa,63.5,17.0,1.67,37.723333333333336,14.28571428571428
Senegal,SEN,2011,52.0,SEN,74.0,59.0,Africa,66.5,15.0,3.11,40.53666666666667,8.333333333333325
Senegal,SEN,2013,44.0,SEN,63.0,51.0,Africa,57.0,12.0,3.11,34.70333333333333,-15.384615384615385
Senegal,SEN,2014,44.0,SEN,63.45,51.06,Africa,57.255,12.39,3.11,34.788333333333334,0.0
Senegal,SEN,2015,43.59273,SEN,65.78748,56.87536,Africa,61.33142,8.912120000000002,3.73,36.21805,-0.9256136363636314
Senegal,SEN,2016,46.09964,SEN,69.407,59.88586,Africa,64.64643,9.521139999999995,3.73,38.15869,5.750752476387677
Senegal,SEN,2017,52.0,SEN,76.0,64.0,Africa,70.0,12.0,3.73,41.910000000000004,12.799145503088516
Senegal,SEN,2018,46.60591,SEN,66.22319,65.68582,Africa,65.95450500000001,0.5373699999999957,3.73,38.76347166666667,-10.37325
Senegal,SEN,2019,46.83367,SEN,68.82227,64.02553,Africa,66.4239,4.79674,3.73,38.99585666666667,0.4886933867400023
Senegal,SEN,2023,50.35582,SEN,69.2685,65.59709,Africa,67.432795,3.6714100000000087,4.4,40.72953833333333,7.520550919883084
Serbia,SRB,2003,96.0,SRB,99.0,99.0,Europe,99.0,0.0,9.52,68.17333333333333,
Serbia,SRB,2005,96.0,SRB,99.0,99.63,Europe,99.315,-0.6299999999999955,10.6,68.63833333333334,0.0
Serbia,SRB,2011,98.0,SRB,99.0,99.0,Europe,99.0,0.0,11.52,69.50666666666667,2.083333333333326
Serbia,SRB,2014,98.0,SRB,99.0,99.83,Europe,99.41499999999999,-0.8299999999999983,11.52,69.645,0.0
Serbia,SRB,2016,99.0,SRB,100.0,100.0,Europe,100.0,0.0,11.49,70.16333333333334,1.0204081632652962
Serbia,SRB,2019,99.0,SRB,100.0,100.0,Europe,100.0,0.0,11.49,70.16333333333334,0.0
Seychelles,SYC,1994,88.0,SYC,98.0,99.0,Africa,98.5,-1.0,11.72,66.07333333333334,
Seychelles,SYC,2002,92.0,SYC,99.0,99.0,Africa,99.0,0.0,11.72,67.57333333333334,4.545454545454541
Seychelles,SYC,2010,94.0,SYC,99.0,99.0,Africa,99.0,0.0,11.72,68.24,2.1739130434782705
Sierra Leone,SLE,2004,35.0,SLE,60.0,37.0,Africa,48.5,23.0,2.9,28.8,
Sierra Leone,SLE,2005,35.0,SLE,60.0,37.15,Africa,48.575,22.85,3.36,28.978333333333335,0.0
Sierra Leone,SLE,2008,35.0,SLE,73.58,41.3,Africa,57.44,32.28,3.36,31.933333333333334,0.0
Sierra Leone,SLE,2010,35.0,SLE,73.58,49.46,Africa,61.519999999999996,24.119999999999997,4.28,33.6,0.0
Sierra Leone,SLE,2013,35.0,SLE,79.69,57.34,Africa,68.515,22.349999999999994,4.28,35.931666666666665,0.0
Sierra Leone,SLE,2017,44.83318,SLE,78.74271,68.66314,Africa,73.702925,10.079570000000004,4.23,40.922035,28.0948
Sierra Leone,SLE,2019,43.57778,SLE,78.1976,67.86192,Africa,73.02976,10.335679999999996,4.23,40.279180000000004,-2.800158275634257
Singapore,SGP,1990,89.0,SGP,99.0,99.0,Asia,99.0,0.0,4.99,64.33,
Singapore,SGP,2000,93.0,SGP,99.0,100.0,Asia,99.5,-1.0,4.99,65.83,4.494382022471921
Singapore,SGP,2010,96.0,SGP,100.0,100.0,Asia,100.0,0.0,4.99,66.99666666666667,3.2258064516129004
Singapore,SGP,2011,96.0,SGP,100.0,100.0,Asia,100.0,0.0,4.99,66.99666666666667,0.0
Singapore,SGP,2012,96.0,SGP,100.0,100.0,Asia,100.0,0.0,4.99,66.99666666666667,0.0
Singapore,SGP,2013,97.0,SGP,100.0,100.0,Asia,100.0,0.0,4.99,67.33,1.041666666666674
Singapore,SGP,2014,97.0,SGP,100.0,100.0,Asia,100.0,0.0,4.99,67.33,0.0
Singapore,SGP,2015,97.0,SGP,100.0,100.0,Asia,100.0,0.0,12.54,69.84666666666666,0.0
Singapore,SGP,2016,97.0,SGP,100.0,100.0,Asia,100.0,0.0,12.54,69.84666666666666,0.0
Singapore,SGP,2017,97.0,SGP,100.0,100.0,Asia,100.0,0.0,12.54,69.84666666666666,0.0
Singapore,SGP,2018,97.0,SGP,100.0,100.0,Asia,100.0,0.0,12.54,69.84666666666666,0.0
Singapore,SGP,2019,97.0,SGP,100.0,100.0,Asia,100.0,0.0,12.54,69.84666666666666,0.0
Singapore,SGP,2020,97.0,SGP,100.0,100.0,Asia,100.0,0.0,13.06,70.02,0.0
Singapore,SGP,2021,98.0,SGP,100.0,100.0,Asia,100.0,0.0,13.06,70.35333333333334,1.0309278350515427
Slovenia,SVN,1991,100.0,SVN,100.0,100.0,Europe,100.0,0.0,13.14,71.04666666666667,
Solomon Islands,SLB,1999,77.0,SVN,100.0,100.0,Europe,100.0,0.0,12.06,63.02,
Somalia,SLB,2006,77.0,SOM,100.0,23.79,Africa,61.894999999999996,76.21000000000001,12.06,50.31833333333333,
Somalia,SOM,2022,54.0,SOM,76.0,65.0,Africa,70.5,11.0,12.06,45.52,-29.87012987012987
South Africa,ZAF,1996,82.0,ZAF,93.0,94.0,Africa,93.5,-1.0,8.37,61.29,
South Africa,ZAF,2007,89.0,ZAF,97.0,98.0,Africa,97.5,-1.0,8.86,65.12,8.536585365853666
South Africa,ZAF,2009,93.0,ZAF,98.0,99.0,Africa,98.5,-1.0,8.86,66.78666666666668,4.494382022471921
South Africa,ZAF,2010,93.0,ZAF,98.0,99.0,Africa,98.5,-1.0,9.89,67.13,0.0
South Africa,ZAF,2011,93.0,ZAF,98.0,99.0,Africa,98.5,-1.0,9.89,67.13,0.0
South Africa,ZAF,2012,94.0,ZAF,98.0,99.0,Africa,98.5,-1.0,9.89,67.46333333333332,1.0752688172043001
South Africa,ZAF,2014,94.0,ZAF,99.0,99.0,Africa,99.0,0.0,9.89,67.63,0.0
South Africa,ZAF,2015,94.0,ZAF,99.0,99.0,Africa,99.0,0.0,10.15,67.71666666666667,0.0
South Africa,ZAF,2016,91.73724,ZAF,95.83106,97.71958,Africa,96.77532,-1.8885199999999998,10.15,66.22085333333334,-2.407191489361704
South Africa,ZAF,2017,87.0,ZAF,94.0,97.0,Africa,95.5,-3.0,10.15,64.21666666666667,-5.163922524811082
South Africa,ZAF,2019,95.0,ZAF,98.0,99.0,Africa,98.5,-1.0,10.15,67.88333333333334,9.195402298850585
South Africa,ZAF,2021,90.0,ZAF,96.0,97.0,Africa,96.5,-1.0,10.47,65.65666666666667,-5.263157894736848
South Asia (Wb),ZAF,1990,45.35921,ZAF,68.20921,45.63503,Africa,56.92212,22.57418,8.909957,37.06376233333334,
South Asia (Wb),ZAF,1991,46.08564,ZAF,68.92892,47.24611,Africa,58.087515,21.682810000000003,8.909957,37.69437066666667,1.6015049644824142
South Asia (Wb),ZAF,1992,47.08633,ZAF,70.42248,48.73938,Africa,59.580929999999995,21.683099999999996,8.909957,38.525739,2.1713705180181897
South Asia (Wb),ZAF,1993,48.08146,ZAF,71.8677,50.23563,Africa,61.051665,21.63207,8.909957,39.347694000000004,2.113415931970075
South Asia (Wb),ZAF,1994,48.84938,ZAF,72.58117,51.90192,Africa,62.241545,20.679250000000003,8.909957,40.000294000000004,1.597122882707791
South Asia (Wb),ZAF,1995,49.64049,ZAF,73.29805,53.54513,Africa,63.42159,19.752920000000003,8.909957,40.65734566666667,1.6194883128506588
South Asia (Wb),ZAF,1996,50.4492,ZAF,74.01736,55.14931,Africa,64.583335,18.868049999999997,8.909957,41.314164,1.6291337978331821
South Asia (Wb),ZAF,1997,51.26017,ZAF,74.6834,56.55587,Africa,65.619635,18.127530000000007,8.909957,41.92992066666667,1.6074982358491363
South Asia (Wb),ZAF,1998,56.07956,ZAF,78.93805,59.33065,Africa,69.13435,19.607400000000005,8.909957,44.70795566666666,9.40182211646976
South Asia (Wb),ZAF,1999,56.87631,ZAF,79.58144,61.19646,Africa,70.38895,18.38498,8.909957,45.391738999999994,1.420749378204822
South Asia (Wb),ZAF,2000,57.65058,ZAF,80.11587,62.95541,Africa,71.53564,17.16046,8.909957,46.032059,1.361322490857786
South Asia (Wb),ZAF,2001,58.41306,ZAF,80.55457,64.61875,Africa,72.58666,15.935819999999993,8.909957,46.636559,1.3225886018839672
South Asia (Wb),ZAF,2002,59.20313,ZAF,81.07521,66.302,Africa,73.688605,14.773209999999992,8.909957,47.267230666666656,1.3525571165078576
South Asia (Wb),ZAF,2003,60.09578,ZAF,82.17898,67.5551,Africa,74.86704,14.62388,8.909957,47.95759233333333,1.5077750112198363
South Asia (Wb),ZAF,2004,60.87617,ZAF,82.60598,69.19014,Africa,75.89806,13.415840000000003,8.909957,48.56139566666666,1.2985770381880535
South Asia (Wb),ZAF,2005,60.67367,ZAF,84.34488,69.3995,Africa,76.87219,14.94538,8.909957,48.81860566666666,-0.3326424773437586
South Asia (Wb),ZAF,2006,60.84876,ZAF,83.2914,70.5399,Africa,76.91565,12.751499999999993,8.909957,48.891455666666666,0.2885765769566895
South Asia (Wb),ZAF,2007,61.68392,ZAF,83.58977,72.24752,Africa,77.918645,11.342250000000007,8.909957,49.504174,1.3725176979777487
South Asia (Wb),ZAF,2008,62.5963,ZAF,84.51249,73.95381,Africa,79.23315,10.558679999999995,8.909957,50.246469,1.479121300980868
South Asia (Wb),ZAF,2009,63.45801,ZAF,85.06028,75.67667,Africa,80.368475,9.383610000000004,8.909957,50.91214733333333,1.3766149117439896
South Asia (Wb),ZAF,2010,66.02896,ZAF,86.65498,77.2101,Africa,81.93253999999999,9.444879999999998,8.909957,52.29048566666666,4.051419198301365
South Asia (Wb),ZAF,2011,66.62986,ZAF,86.86274,78.52292,Africa,82.69283,8.339820000000003,8.909957,52.74421566666666,0.9100552242531146
South Asia (Wb),ZAF,2012,66.67659,ZAF,87.20437,79.44468,Africa,83.324525,7.759689999999992,8.909957,52.97035733333333,0.0701337208272923
South Asia (Wb),ZAF,2013,67.70576,ZAF,88.39692,81.3398,Africa,84.86836,7.057119999999998,8.909957,53.82802566666666,1.5435252462670856
South Asia (Wb),ZAF,2014,68.45516,ZAF,88.77747,82.62181,Africa,85.69963999999999,6.1556599999999975,8.909957,54.354918999999995,1.1068482208899333
South Asia (Wb),ZAF,2015,69.78215,ZAF,89.4431,84.15232,Africa,86.79771,5.290779999999998,8.909957,55.16327233333333,1.9384806054065118
South Asia (Wb),ZAF,2016,71.10578,ZAF,90.26568,85.64712,Africa,87.9564,4.618560000000002,8.909957,55.990712333333335,1.8968031222884374
South Asia (Wb),ZAF,2017,71.66783,ZAF,90.72693,86.29461,Africa,88.51077000000001,4.43231999999999,8.909957,56.362852333333336,0.7904420709540005
South Asia (Wb),ZAF,2018,72.19206,ZAF,90.6786,86.08996,Africa,88.38428,4.588639999999998,8.909957,56.49543233333333,0.7314718472709592
South Asia (Wb),ZAF,2019,71.96603,ZAF,93.54365,88.6587,Africa,91.101175,4.8849500000000035,8.909957,57.32572066666666,-0.31309537364634377
South Asia (Wb),ZAF,2020,72.68319,ZAF,93.79383,89.36649,Africa,91.58016,4.427340000000001,8.909957,57.724435666666665,0.9965257219274104
South Asia (Wb),ZAF,2021,73.47901,ZAF,94.11137,90.07337,Africa,92.09236999999999,4.037999999999997,8.909957,58.160445666666654,1.09491616974986
South Asia (Wb),ZAF,2022,74.26527,ZAF,94.38901,90.81525,Africa,92.60213,3.573759999999993,8.909957,58.592452333333334,1.0700470787507799
South Asia (Wb),ZAF,2023,75.00885,ZAF,94.64723,91.47357,Africa,93.06039999999999,3.173659999999998,8.909957,58.99306899999999,1.001248632099494
South Korea,KOR,2008,98.0,KOR,100.0,100.0,Asia,100.0,0.0,12.27,70.09,
South Sudan,SSD,2008,27.0,SSD,44.0,30.0,Africa,37.0,14.0,13.68,25.893333333333334,
South Sudan,SSD,2010,27.0,SSD,44.0,24.87,Africa,34.435,19.13,,,0.0
Spain,ESP,1991,96.0,ESP,100.0,100.0,Europe,100.0,0.0,7.51,67.83666666666666,
Spain,ESP,2004,97.0,ESP,100.0,100.0,Europe,100.0,0.0,9.65,68.88333333333334,1.041666666666674
Spain,ESP,2005,98.0,ESP,100.0,100.0,Europe,100.0,0.0,10.64,69.54666666666667,1.0309278350515427
Spain,ESP,2006,98.0,ESP,100.0,99.0,Europe,99.5,1.0,10.64,69.38,0.0
Spain,ESP,2007,98.0,ESP,100.0,100.0,Europe,100.0,0.0,10.64,69.54666666666667,0.0
Spain,ESP,2008,98.0,ESP,100.0,100.0,Europe,100.0,0.0,10.64,69.54666666666667,0.0
Spain,ESP,2009,98.0,ESP,100.0,100.0,Europe,100.0,0.0,10.64,69.54666666666667,0.0
Spain,ESP,2010,98.0,ESP,100.0,100.0,Europe,100.0,0.0,10.75,69.58333333333333,0.0
Spain,ESP,2011,98.0,ESP,100.0,100.0,Europe,100.0,0.0,10.75,69.58333333333333,0.0
Spain,ESP,2012,98.0,ESP,100.0,100.0,Europe,100.0,0.0,10.75,69.58333333333333,0.0
Spain,ESP,2013,98.0,ESP,100.0,100.0,Europe,100.0,0.0,10.75,69.58333333333333,0.0
Spain,ESP,2014,98.0,ESP,100.0,100.0,Europe,100.0,0.0,10.75,69.58333333333333,0.0
Spain,ESP,2015,98.0,ESP,100.0,100.0,Europe,100.0,0.0,11.24,69.74666666666667,0.0
Spain,ESP,2016,98.0,ESP,100.0,100.0,Europe,100.0,0.0,11.24,69.74666666666667,0.0
Spain,ESP,2018,98.0,ESP,100.0,100.0,Europe,100.0,0.0,11.24,69.74666666666667,0.0
Spain,ESP,2020,99.0,ESP,99.0,100.0,Europe,99.5,-1.0,11.51,70.00333333333333,1.0204081632652962
Spain,ESP,2021,100.0,ESP,100.0,100.0,Europe,100.0,0.0,11.51,70.50333333333333,1.0101010101010166
Sri Lanka,LKA,2001,91.0,LKA,95.0,96.0,Asia,95.5,-1.0,10.77,65.75666666666667,
Sri Lanka,LKA,2006,91.0,LKA,97.0,98.0,Asia,97.5,-1.0,10.83,66.44333333333334,0.0
Sri Lanka,LKA,2008,91.0,LKA,97.0,99.0,Asia,98.0,-2.0,10.83,66.61,0.0
Sri Lanka,LKA,2010,91.0,LKA,98.0,99.0,Asia,98.5,-1.0,10.67,66.72333333333333,0.0
Sri Lanka,LKA,2016,92.0,LKA,98.0,99.0,Asia,98.5,-1.0,10.09,66.86333333333333,1.098901098901095
Sri Lanka,LKA,2017,92.0,LKA,99.0,99.0,Asia,99.0,0.0,10.09,67.03,0.0
Sri Lanka,LKA,2018,92.0,LKA,99.0,99.0,Asia,99.0,0.0,10.09,67.03,0.0
Sri Lanka,LKA,2019,92.0,LKA,99.0,99.0,Asia,99.0,0.0,10.09,67.03,0.0
Sri Lanka,LKA,2020,92.0,LKA,99.0,99.0,Asia,99.0,0.0,10.33,67.11,0.0
Sri Lanka,LKA,2021,92.0,LKA,99.0,99.0,Asia,99.0,0.0,10.33,67.11,0.0
Sri Lanka,LKA,2022,92.0,LKA,98.0,99.0,Asia,98.5,-1.0,10.33,66.94333333333334,0.0
Sri Lanka,LKA,2023,93.0,LKA,99.0,99.0,Asia,99.0,0.0,10.33,67.44333333333334,1.0869565217391353
Sub-Saharan Africa (Sdg),LKA,1990,52.11274,LKA,72.29014,58.32958,Asia,65.30986,13.960559999999994,10.33,42.5842,
Sub-Saharan Africa (Sdg),LKA,1991,52.47592,LKA,72.2987,58.80754,Asia,65.55312,13.491159999999994,10.33,42.786346666666674,0.6969121178429738
Sub-Saharan Africa (Sdg),LKA,1992,52.97165,LKA,72.05907,58.99608,Asia,65.527575,13.062990000000006,10.33,42.943075,0.9446809126929079
Sub-Saharan Africa (Sdg),LKA,1993,53.5766,LKA,72.08115,59.63437,Asia,65.85776,12.446779999999997,10.33,43.25478666666667,1.1420259704955527
Sub-Saharan Africa (Sdg),LKA,1994,54.20362,LKA,72.18253,60.30622,Asia,66.244375,11.876309999999997,10.33,43.592665000000004,1.170324358021979
Sub-Saharan Africa (Sdg),LKA,1995,54.63169,LKA,71.97712,60.54249,Asia,66.259805,11.434629999999999,10.33,43.740498333333335,0.7897443012108818
Sub-Saharan Africa (Sdg),LKA,1996,55.26828,LKA,71.98382,61.27053,Asia,66.627175,10.713289999999994,10.33,44.07515166666667,1.1652394425286872
Sub-Saharan Africa (Sdg),LKA,1997,56.09558,LKA,72.15557,62.15856,Asia,67.157065,9.997009999999996,10.33,44.527548333333336,1.4968803081984783
Sub-Saharan Africa (Sdg),LKA,1998,56.75086,LKA,72.20642,62.15919,Asia,67.182805,10.047229999999992,10.33,44.754555,1.1681490769861025
Sub-Saharan Africa (Sdg),LKA,1999,57.59484,LKA,72.93401,62.95219,Asia,67.9431,9.981819999999999,10.33,45.28931333333333,1.4871668905105384
Sub-Saharan Africa (Sdg),LKA,2000,56.3906,LKA,71.98056,60.39209,Asia,66.186325,11.588469999999994,10.33,44.302308333333336,-2.090881752601448
Sub-Saharan Africa (Sdg),LKA,2001,57.14965,LKA,72.22311,61.33031,Asia,66.77671000000001,10.892800000000008,10.33,44.75212000000001,1.3460576762793774
Sub-Saharan Africa (Sdg),LKA,2002,57.85295,LKA,74.55391,61.69737,Asia,68.12564,12.856540000000003,10.33,45.43619666666667,1.2306287090122048
Sub-Saharan Africa (Sdg),LKA,2003,58.36514,LKA,74.41884,62.31926,Asia,68.36905,12.099580000000003,10.33,45.68806333333333,0.8853308258265136
Sub-Saharan Africa (Sdg),LKA,2004,59.04088,LKA,74.9079,63.03124,Asia,68.96957,11.876660000000001,10.33,46.113483333333335,1.157780140679865
Sub-Saharan Africa (Sdg),LKA,2005,58.71344,LKA,74.3745,62.67028,Asia,68.52239,11.70422,10.33,45.85527666666667,-0.5545987796929941
Sub-Saharan Africa (Sdg),LKA,2006,58.41726,LKA,74.48927,62.25977,Asia,68.37452,12.229500000000002,10.33,45.70726,-0.5044500884294978
Sub-Saharan Africa (Sdg),LKA,2007,58.17579,LKA,74.51744,62.46845,Asia,68.49294499999999,12.048989999999996,10.33,45.666245,-0.41335386151284403
Sub-Saharan Africa (Sdg),LKA,2008,58.48229,LKA,74.663,62.84819,Asia,68.755595,11.814809999999994,10.33,45.85596166666667,0.5268514617506659
Sub-Saharan Africa (Sdg),LKA,2009,58.94138,LKA,75.04334,63.27447,Asia,69.158905,11.76887,10.33,46.14342833333334,0.7850068798605614
Sub-Saharan Africa (Sdg),LKA,2010,59.61513,LKA,75.64068,64.61997,Asia,70.130325,11.020710000000008,10.33,46.69181833333334,1.1430848751759815
Sub-Saharan Africa (Sdg),LKA,2011,61.13006,LKA,76.85467,67.16404,Asia,72.009355,9.690629999999999,10.33,47.82313833333333,2.5411837565396667
Sub-Saharan Africa (Sdg),LKA,2012,62.3788,LKA,78.12264,68.71044,Asia,73.41654,9.412199999999999,10.33,48.708446666666674,2.0427593233181884
Sub-Saharan Africa (Sdg),LKA,2013,63.23391,LKA,78.90765,69.77118,Asia,74.339415,9.136470000000003,10.33,49.30110833333334,1.3708343219170693
Sub-Saharan Africa (Sdg),LKA,2014,63.92325,LKA,79.18538,70.63868,Asia,74.91202999999999,8.546700000000001,10.33,49.721759999999996,1.0901429312215605
Sub-Saharan Africa (Sdg),LKA,2015,64.52015,LKA,79.54214,71.49852,Asia,75.52033,8.043620000000004,10.33,50.123493333333336,0.9337760517495575
Sub-Saharan Africa (Sdg),LKA,2016,65.10612,LKA,79.74457,72.37485,Asia,76.05971,7.369720000000001,10.33,50.498610000000006,0.9081968966284215
Sub-Saharan Africa (Sdg),LKA,2017,65.44503,LKA,80.03684,73.19637,Asia,76.61660499999999,6.840469999999996,10.33,50.79721166666667,0.5205501418299896
Sub-Saharan Africa (Sdg),LKA,2018,67.06734,LKA,80.90309,74.63522,Asia,77.76915500000001,6.267870000000002,10.33,51.72216500000001,2.4788895352328533
Sub-Saharan Africa (Sdg),LKA,2019,67.71821,LKA,80.98639,74.99446,Asia,77.990425,5.991929999999996,10.33,52.01287833333334,0.9704723640448609
Sub-Saharan Africa (Sdg),LKA,2020,67.9072,LKA,81.04912,75.18506,Asia,78.11708999999999,5.864060000000009,10.33,52.11809666666667,0.2790829822584051
Sub-Saharan Africa (Sdg),LKA,2021,67.89861,LKA,81.16229,75.56274,Asia,78.362515,5.599549999999994,10.33,52.19704166666667,-0.012649615946469517
Sub-Saharan Africa (Sdg),LKA,2022,68.2313,LKA,81.32142,75.94742,Asia,78.63442,5.374000000000009,10.33,52.39857333333334,0.48998057544917817
Sub-Saharan Africa (Sdg),LKA,2023,68.5022,LKA,81.43321,76.2435,Asia,78.838355,5.189710000000005,10.33,52.55685166666667,0.397031860744268
Sub-Saharan Africa (Wb),LKA,1990,52.30686,LKA,72.71775,58.56817,Asia,65.64296,14.149579999999993,10.33,42.75994,
Sub-Saharan Africa (Wb),LKA,1991,52.65164,LKA,72.7188,59.02214,Asia,65.87047,13.696660000000001,10.33,42.95070333333334,0.6591487235135141
Sub-Saharan Africa (Wb),LKA,1992,53.12544,LKA,72.48352,59.19959,Asia,65.841555,13.283929999999998,10.33,43.098998333333334,0.8998770028815661
Sub-Saharan Africa (Wb),LKA,1993,53.7068,LKA,72.50194,59.81377,Asia,66.157855,12.688170000000007,10.33,43.39821833333334,1.0943156423739886
Sub-Saharan Africa (Wb),LKA,1994,54.30921,LKA,72.60356,60.45989,Asia,66.531725,12.14367,10.33,43.723645000000005,1.121664295768876
Sub-Saharan Africa (Wb),LKA,1995,54.72155,LKA,72.41475,60.68785,Asia,66.5513,11.7269,10.33,43.86761666666667,0.7592450709557275
Sub-Saharan Africa (Wb),LKA,1996,55.37812,LKA,72.45479,61.44891,Asia,66.95185000000001,11.005880000000005,10.33,44.21999,1.1998380893815996
Sub-Saharan Africa (Wb),LKA,1997,56.21824,LKA,72.65162,62.3643,Asia,67.50796,10.287319999999994,10.33,44.68540000000001,1.5170612509055825
Sub-Saharan Africa (Wb),LKA,1998,56.89161,LKA,72.72885,62.42521,Asia,67.57703,10.303639999999994,10.33,44.932880000000004,1.1977785145888653
Sub-Saharan Africa (Wb),LKA,1999,57.74526,LKA,73.44743,63.24683,Asia,68.34712999999999,10.200599999999994,10.33,45.47413,1.500484869385832
Sub-Saharan Africa (Wb),LKA,2000,56.62755,LKA,72.55322,60.84378,Asia,66.6985,11.709439999999994,10.33,44.55201666666667,-1.9355874404236806
Sub-Saharan Africa (Wb),LKA,2001,57.40014,LKA,72.80689,61.80151,Asia,67.3042,11.005379999999995,10.33,45.01144666666667,1.3643359107007091
Sub-Saharan Africa (Wb),LKA,2002,58.11591,LKA,75.05337,62.20535,Asia,68.62936,12.848019999999998,10.33,45.69175666666667,1.2469830212957556
Sub-Saharan Africa (Wb),LKA,2003,58.6459,LKA,74.9335,62.84995,Asia,68.891725,12.083549999999995,10.33,45.955875,0.9119533704281535
Sub-Saharan Africa (Wb),LKA,2004,59.33332,LKA,75.41172,63.58071,Asia,69.496215,11.83101,10.33,46.38651166666668,1.1721535520812232
Sub-Saharan Africa (Wb),LKA,2005,59.05679,LKA,74.91303,63.28228,Asia,69.097655,11.630750000000006,10.33,46.161481666666674,-0.4660619024858259
Sub-Saharan Africa (Wb),LKA,2006,58.16811,LKA,74.18462,62.1581,Asia,68.17135999999999,12.026519999999998,10.33,45.55649,-1.5047888650907004
Sub-Saharan Africa (Wb),LKA,2007,57.96338,LKA,74.22833,62.4056,Asia,68.316965,11.82273,10.33,45.53678166666666,-0.3519626131913145
Sub-Saharan Africa (Wb),LKA,2008,58.28565,LKA,74.385,62.81743,Asia,68.601215,11.567570000000003,10.33,45.738955000000004,0.5559889709675359
Sub-Saharan Africa (Wb),LKA,2009,58.75711,LKA,74.77022,63.27435,Asia,69.022285,11.495869999999996,10.33,46.036465,0.8088783431256186
Sub-Saharan Africa (Wb),LKA,2010,59.43254,LKA,75.36194,64.61118,Asia,69.98656,10.75076,10.33,46.58303333333334,1.149528967643243
Sub-Saharan Africa (Wb),LKA,2011,60.91714,LKA,76.54916,67.10008,Asia,71.82462000000001,9.449079999999995,10.33,47.69058666666667,2.4979581892343727
Sub-Saharan Africa (Wb),LKA,2012,62.14601,LKA,77.78892,68.62974,Asia,73.20933,9.159180000000006,10.33,48.56178,2.017281178991648
Sub-Saharan Africa (Wb),LKA,2013,62.99641,LKA,78.56353,69.69256,Asia,74.128045,8.87097,10.33,49.15148500000001,1.368390343965764
Sub-Saharan Africa (Wb),LKA,2014,63.68724,LKA,78.85027,70.56996,Asia,74.710115,8.28031,10.33,49.575785,1.0966180453775065
Sub-Saharan Africa (Wb),LKA,2015,64.28751,LKA,79.20958,71.43871,Asia,75.324145,7.770870000000002,10.33,49.98055166666666,0.9425278909872548
Sub-Saharan Africa (Wb),LKA,2016,64.87826,LKA,79.42151,72.32338,Asia,75.872445,7.098129999999998,10.33,50.360234999999996,0.91891877597996
Sub-Saharan Africa (Wb),LKA,2017,65.2303,LKA,79.71815,73.15344,Asia,76.435795,6.564709999999991,10.33,50.665365,0.5426162785500122
Sub-Saharan Africa (Wb),LKA,2018,66.81657,LKA,80.56685,74.57623,Asia,77.57154,5.990620000000007,10.33,51.57270333333333,2.4317993325187803
Sub-Saharan Africa (Wb),LKA,2019,67.44165,LKA,80.64873,74.9221,Asia,77.785415,5.72663,10.33,51.852354999999996,0.9355164444987185
Sub-Saharan Africa (Wb),LKA,2020,67.62379,LKA,80.71279,75.10625,Asia,77.90952,5.606539999999995,10.33,51.95443666666667,0.27007049797862503
Sub-Saharan Africa (Wb),LKA,2021,67.61568,LKA,80.82516,75.47069,Asia,78.147925,5.354469999999992,10.33,52.03120166666667,-0.01199282086969955
Sub-Saharan Africa (Wb),LKA,2022,67.93573,LKA,80.98119,75.84205,Asia,78.41162,5.139139999999998,10.33,52.22578333333334,0.4733369537953447
Sub-Saharan Africa (Wb),LKA,2023,68.19624,LKA,81.09069,76.12796,Asia,78.609325,4.962729999999993,10.33,52.37852166666667,0.3834653723453041
Sudan,SDN,2000,61.0,SDN,86.0,72.0,Africa,79.0,14.0,3.09,47.696666666666665,
Sudan,SDN,2008,54.0,SDN,69.0,63.0,Africa,66.0,6.0,3.31,41.10333333333333,-11.475409836065575
Sudan,SDN,2010,54.0,SDN,69.0,64.81,Africa,66.905,4.189999999999998,3.49,41.464999999999996,0.0
Sudan,SDN,2014,54.0,SDN,69.0,100.0,Africa,84.5,-31.0,3.49,47.330000000000005,0.0
Suriname,SUR,2004,90.0,SUR,96.0,94.0,South America,95.0,2.0,4.38,63.126666666666665,
Suriname,SUR,2006,90.0,SUR,96.0,94.92,South America,95.46000000000001,1.0799999999999983,4.38,63.28,0.0
Suriname,SUR,2008,95.0,SUR,99.0,99.0,South America,99.0,0.0,4.38,66.12666666666667,5.555555555555558
Suriname,SUR,2010,95.0,SUR,98.0,99.0,South America,98.5,-1.0,4.38,65.96,0.0
Suriname,SUR,2012,93.0,SUR,98.0,97.0,South America,97.5,1.0,4.38,64.96,-2.1052631578947323
Suriname,SUR,2018,93.0,SUR,97.44166,97.9577,South America,97.69968,-0.5160400000000038,4.38,65.02656,0.0
Syria,SYR,2002,83.0,SYR,97.0,93.0,Asia,95.0,4.0,4.79,60.93,
Syria,SYR,2004,81.0,SYR,95.0,90.0,Asia,92.5,5.0,4.79,59.43,-2.409638554216864
Syria,SYR,2006,81.0,SYR,95.0,89.05,Asia,92.025,5.950000000000003,6.12,59.715,0.0
Syria,SYR,2021,94.0,SYR,98.0,98.0,Asia,98.0,0.0,7.92,66.64,16.049382716049386
Tajikistan,TJK,2000,99.0,TJK,100.0,100.0,Asia,100.0,0.0,12.76,70.58666666666666,
Tajikistan,TJK,2012,99.0,TJK,100.0,100.0,Asia,100.0,0.0,12.76,70.58666666666666,0.0
Tajikistan,TJK,2017,99.0,TJK,100.0,96.42241,Asia,98.211205,3.5775900000000007,10.16,69.123735,0.0
Tanzania,TZA,2002,69.0,TZA,81.0,76.0,Africa,78.5,5.0,10.12,52.54,
Tanzania,TZA,2012,78.0,TZA,87.0,85.0,Africa,86.0,2.0,10.12,58.04,13.043478260869556
Tanzania,TZA,2015,78.0,TZA,87.0,85.0,Africa,86.0,2.0,6.41,56.803333333333335,0.0
Tanzania,TZA,2022,78.0,TZA,88.81121,85.12921,Africa,86.97021000000001,3.682000000000002,6.87,57.28007,0.0
Thailand,THA,2000,93.0,THA,98.0,98.0,Asia,98.0,0.0,6.09,65.69666666666667,
Thailand,THA,2005,94.0,THA,98.0,98.0,Asia,98.0,0.0,7.46,66.48666666666666,1.0752688172043001
Thailand,THA,2010,96.0,THA,97.0,97.0,Asia,97.0,0.0,8.47,67.15666666666667,2.127659574468077
Thailand,THA,2013,94.0,THA,98.0,99.0,Asia,98.5,-1.0,8.47,66.99,-2.083333333333337
Thailand,THA,2015,93.0,THA,98.0,98.0,Asia,98.0,0.0,8.71,66.57000000000001,-1.0638297872340385
Thailand,THA,2016,91.9814,THA,97.36126,97.63726,Asia,97.49925999999999,-0.27599999999999625,8.71,66.06355333333333,-1.095268817204309
Thailand,THA,2018,94.0,THA,98.0,99.0,Asia,98.5,-1.0,8.71,67.07000000000001,2.194574120420012
Thailand,THA,2019,91.26915,THA,98.46694,98.57724,Asia,98.52208999999999,-0.11030000000000939,8.71,66.16708,-2.905159574468086
Thailand,THA,2022,91.09987,THA,97.94499,98.42796,Asia,98.186475,-0.48296999999999457,9.32,66.20211499999999,-0.18547340475943974
Togo,TGO,2000,53.0,TGO,84.0,64.0,Africa,74.0,20.0,5.05,44.01666666666667,
Togo,TGO,2006,57.0,TGO,85.0,68.0,Africa,76.5,17.0,5.44,46.31333333333333,7.547169811320753
Togo,TGO,2009,57.0,TGO,88.0,75.0,Africa,81.5,13.0,5.44,47.98,0.0
Togo,TGO,2010,57.0,TGO,88.0,51.42,Africa,69.71000000000001,36.58,6.09,44.26666666666667,0.0
Togo,TGO,2011,60.0,TGO,87.0,73.0,Africa,80.0,14.0,6.09,48.696666666666665,5.263157894736836
Togo,TGO,2014,60.0,TGO,88.61,67.68,Africa,78.14500000000001,20.929999999999993,6.09,48.07833333333334,0.0
Togo,TGO,2015,64.0,TGO,90.0,78.0,Africa,84.0,12.0,6.85,51.61666666666667,6.666666666666665
Togo,TGO,2017,64.0,TGO,89.43568,74.7365,Africa,82.08609000000001,14.699179999999998,6.85,50.97869666666667,0.0
Togo,TGO,2019,67.0,TGO,92.0,84.0,Africa,88.0,8.0,6.85,53.949999999999996,4.6875
Togo,TGO,2022,72.59589,TGO,93.32553,87.65002,Africa,90.487775,5.675510000000003,7.68,56.92122166666667,8.352074626865669
Tonga,TON,1996,99.0,TON,99.0,99.0,Oceania,99.0,0.0,7.68,68.56,
Tonga,TON,2006,99.0,TON,99.0,100.0,Oceania,99.5,-1.0,7.68,68.72666666666667,0.0
Tonga,TON,2011,99.0,TON,99.0,100.0,Oceania,99.5,-1.0,7.68,68.72666666666667,0.0
Tonga,TON,2016,97.0,TON,98.0,98.0,Oceania,98.0,0.0,11.22,68.74,-2.020202020202022
Tonga,TON,2019,91.05162,TON,99.91556,99.87335,Oceania,99.894455,0.042209999999997194,11.22,67.38869166666667,-6.132350515463914
Trinidad And Tobago,TTO,1990,97.0,TTO,99.0,99.0,North America,99.0,0.0,8.71,68.23666666666666,
Trinidad And Tobago,TTO,2006,97.0,TTO,99.0,99.18,North America,99.09,-0.18000000000000682,10.27,68.78666666666668,0.0
Trinidad And Tobago,TTO,2022,97.0,TTO,89.05,99.7281,North America,94.38905,-10.6781,11.28,67.55635,0.0
Tunisia,TUN,2004,74.0,TUN,96.0,92.0,Africa,94.0,4.0,6.32,58.10666666666666,
Tunisia,TUN,2007,77.0,TUN,98.0,95.0,Africa,96.5,3.0,7.21,60.23666666666667,4.054054054054057
Tunisia,TUN,2008,78.0,TUN,98.0,95.0,Africa,96.5,3.0,7.21,60.57,1.298701298701288
Tunisia,TUN,2010,79.0,TUN,98.0,96.0,Africa,97.0,2.0,8.0,61.333333333333336,1.2820512820512775
Tunisia,TUN,2011,80.0,TUN,98.0,96.0,Africa,97.0,2.0,8.0,61.666666666666664,1.2658227848101333
Tunisia,TUN,2012,80.0,TUN,98.0,96.0,Africa,97.0,2.0,8.0,61.666666666666664,0.0
Tunisia,TUN,2014,79.0,TUN,97.0,96.0,Africa,96.5,1.0,8.0,61.166666666666664,-1.2499999999999956
Tunisia,TUN,2018,79.47511,TUN,98.38471,97.53666,Africa,97.960685,0.8480500000000006,8.63,62.02193166666666,0.6014050632911383
Tunisia,TUN,2019,81.0,TUN,97.0,97.0,Africa,97.0,0.0,8.63,62.21,1.9187013393249686
Tunisia,TUN,2021,83.68263,TUN,98.83691,99.05225,Africa,98.94458,-0.21533999999999764,9.29,63.972403333333325,3.311888888888892
Tunisia,TUN,2023,86.24682,TUN,98.1943,98.12705,Africa,98.160675,0.06725000000000136,9.29,64.56583166666665,3.064184287707006
Turkey,TUR,1990,79.0,TUR,97.0,88.0,Asia,92.5,9.0,5.22,58.906666666666666,
Turkey,TUR,2004,87.0,TUR,98.0,93.0,Asia,95.5,5.0,6.37,62.95666666666667,10.126582278481022
Turkey,TUR,2005,88.0,TUR,98.0,94.0,Asia,96.0,4.0,6.86,63.620000000000005,1.1494252873563315
Turkey,TUR,2006,88.0,TUR,98.0,94.0,Asia,96.0,4.0,6.86,63.620000000000005,0.0
Turkey,TUR,2007,89.0,TUR,99.0,94.0,Asia,96.5,5.0,6.86,64.12,1.1363636363636465
Turkey,TUR,2009,91.0,TUR,99.0,97.0,Asia,98.0,2.0,6.86,65.28666666666668,2.2471910112359605
Turkey,TUR,2010,93.0,TUR,99.0,97.0,Asia,98.0,2.0,7.44,66.14666666666666,2.19780219780219
Turkey,TUR,2011,94.0,TUR,99.0,98.0,Asia,98.5,1.0,7.44,66.64666666666666,1.0752688172043001
Turkey,TUR,2012,95.0,TUR,100.0,98.0,Asia,99.0,2.0,7.44,67.14666666666666,1.0638297872340496
Turkey,TUR,2013,95.0,TUR,100.0,99.0,Asia,99.5,1.0,7.44,67.31333333333333,0.0
Turkey,TUR,2014,95.0,TUR,100.0,99.0,Asia,99.5,1.0,7.44,67.31333333333333,0.0
Turkey,TUR,2015,96.0,TUR,100.0,99.0,Asia,99.5,1.0,8.13,67.87666666666667,1.0526315789473717
Turkey,TUR,2016,96.0,TUR,100.0,99.0,Asia,99.5,1.0,8.13,67.87666666666667,0.0
Turkey,TUR,2017,96.0,TUR,100.0,100.0,Asia,100.0,0.0,8.13,68.04333333333334,0.0
Turkey,TUR,2018,96.0,TUR,100.0,98.8,Asia,99.4,1.2000000000000028,8.13,67.84333333333333,0.0
Turkey,TUR,2019,97.0,TUR,100.0,100.0,Asia,100.0,0.0,8.13,68.37666666666667,1.041666666666674
Turkey,TUR,2021,97.0,TUR,100.0,100.0,Asia,100.0,0.0,8.49,68.49666666666667,0.0
Turkey,TUR,2022,97.0,TUR,92.57,91.87,Asia,92.22,0.6999999999999886,8.49,65.90333333333334,0.0
Turkmenistan,TKM,1995,99.0,TKM,100.0,100.0,Asia,100.0,0.0,8.49,69.16333333333334,
Turkmenistan,TKM,2015,99.0,TKM,100.0,99.83259,Asia,99.91629499999999,0.16741000000000383,8.49,69.13543166666666,0.0
Turkmenistan,TKM,2019,99.0,TKM,100.0,99.98405,Asia,99.992025,0.015950000000003683,8.49,69.16067500000001,0.0
Turks And Caicos Islands,TKM,2020,99.0,TCA,99.88,100.0,North America,99.94,-0.12000000000000455,8.49,69.14333333333333,
Tuvalu,TKM,2019,99.0,TUV,99.09656,98.50764,Oceania,98.8021,0.5889200000000017,8.49,68.76403333333333,
Uganda,UGA,1991,56.0,UGA,77.0,63.0,Africa,70.0,14.0,3.71,43.23666666666667,
Uganda,UGA,2002,68.0,UGA,86.0,76.0,Africa,81.0,10.0,4.56,51.18666666666667,21.42857142857142
Uganda,UGA,2006,71.0,UGA,87.0,81.0,Africa,84.0,6.0,5.11,53.370000000000005,4.4117647058823595
Uganda,UGA,2010,73.0,UGA,90.0,85.0,Africa,87.5,5.0,5.87,55.45666666666667,2.8169014084507005
Uganda,UGA,2012,70.0,UGA,86.0,82.0,Africa,84.0,4.0,5.87,53.29,-4.109589041095896
Uganda,UGA,2016,69.10132,UGA,81.41776,78.18981,Africa,79.803785,3.227950000000007,6.27,51.725035,-1.283828571428569
Ukraine,UKR,2001,99.0,UKR,100.0,100.0,Europe,100.0,0.0,6.69,68.56333333333333,
Ukraine,UKR,2005,99.0,UKR,100.0,100.0,Europe,100.0,0.0,6.69,68.56333333333333,0.0
United Arab Emirates,ARE,2005,90.0,ARE,94.0,97.0,Asia,95.5,-3.0,10.82,65.44,
United Arab Emirates,ARE,2019,98.0,ARE,98.0,99.0,Asia,98.5,-1.0,9.35,68.61666666666666,8.888888888888879
United Arab Emirates,ARE,2021,98.0,ARE,100.0,100.0,Asia,100.0,0.0,9.57,69.19,0.0
United Arab Emirates,ARE,2022,98.0,ARE,100.0,100.0,Asia,100.0,0.0,9.57,69.19,0.0
United Arab Emirates,ARE,2023,98.0,ARE,100.0,100.0,Asia,100.0,0.0,9.57,69.19,0.0
Upper-Middle-Income Countries,ARE,1990,81.04114,ARE,95.47237,91.73029,Asia,93.60132999999999,3.7420800000000014,13.32,62.654156666666665,
Upper-Middle-Income Countries,ARE,1991,81.58651,ARE,95.69874,92.20113,Asia,93.94993500000001,3.4976099999999946,13.32,62.952148333333334,0.6729545018739902
Upper-Middle-Income Countries,ARE,1992,82.15758,ARE,95.88485,92.61763,Asia,94.25124,3.2672199999999947,13.32,63.24294,0.6999564021061611
Upper-Middle-Income Countries,ARE,1993,82.6979,ARE,96.0724,93.00922,Asia,94.54081,3.0631800000000027,13.32,63.519569999999995,0.6576629934815559
Upper-Middle-Income Countries,ARE,1994,83.23142,ARE,96.25916,93.42463,Asia,94.841895,2.834530000000001,13.32,63.797771666666655,0.6451433470499257
Upper-Middle-Income Countries,ARE,1995,83.80124,ARE,96.46448,93.88871,Asia,95.17659499999999,2.5757699999999915,13.32,64.09927833333333,0.6846212644215477
Upper-Middle-Income Countries,ARE,1996,84.31269,ARE,96.55877,94.25958,Asia,95.409175,2.299189999999996,13.32,64.34728833333334,0.6103131648171223
Upper-Middle-Income Countries,ARE,1997,88.7168,ARE,97.60968,96.68306,Asia,97.14636999999999,0.9266199999999998,13.32,66.39439,5.223543454727864
Upper-Middle-Income Countries,ARE,1998,89.1177,ARE,97.6549,96.80286,Asia,97.22888,0.8520400000000024,13.32,66.55552666666667,0.4518873539171686
Upper-Middle-Income Countries,ARE,1999,89.47645,ARE,97.70646,96.97013,Asia,97.338295,0.7363300000000095,13.32,66.71158166666667,0.4025575166324957
Upper-Middle-Income Countries,ARE,2000,89.87667,ARE,97.79391,97.0581,Asia,97.426005,0.7358100000000007,13.32,66.87422500000001,0.4472908793319519
Upper-Middle-Income Countries,ARE,2001,90.19642,ARE,97.85461,97.19832,Asia,97.526465,0.6562899999999985,13.32,67.014295,0.35576529482010955
Upper-Middle-Income Countries,ARE,2002,90.54139,ARE,97.99065,97.38526,Asia,97.687955,0.6053899999999999,13.32,67.183115,0.38246529075101066
Upper-Middle-Income Countries,ARE,2003,90.98183,ARE,98.2334,97.6757,Asia,97.95455000000001,0.557699999999997,13.32,67.41879333333334,0.48645155547091257
Upper-Middle-Income Countries,ARE,2004,91.3237,ARE,98.30662,97.84007,Asia,98.07334499999999,0.466549999999998,13.32,67.57234833333332,0.375756346074807
Upper-Middle-Income Countries,ARE,2005,91.58416,ARE,98.38385,97.96663,Asia,98.17524,0.41722000000000037,13.32,67.69313333333334,0.285205264350874
Upper-Middle-Income Countries,ARE,2006,91.86817,ARE,98.24177,97.81661,Asia,98.02919,0.4251600000000053,13.32,67.73912,0.3101082108522002
Upper-Middle-Income Countries,ARE,2007,92.87729,ARE,98.41625,98.09707,Asia,98.25666000000001,0.3191800000000029,13.32,68.15131666666667,1.098443563205831
Upper-Middle-Income Countries,ARE,2008,93.30886,ARE,98.77105,98.53875,Asia,98.6549,0.23230000000000928,13.32,68.42791999999999,0.46466687389348227
Upper-Middle-Income Countries,ARE,2009,93.40503,ARE,98.41689,98.16295,Asia,98.28992,0.25394000000000005,13.32,68.33831666666667,0.10306631117344978
Upper-Middle-Income Countries,ARE,2010,93.60919,ARE,98.39964,98.20577,Asia,98.302705,0.19387000000000398,13.32,68.41063166666667,0.21857495254806736
Upper-Middle-Income Countries,ARE,2011,93.75011,ARE,98.40447,98.20221,Asia,98.30333999999999,0.20226000000000965,13.32,68.45781666666666,0.15054077489615736
Upper-Middle-Income Countries,ARE,2012,93.99739,ARE,98.44543,98.25984,Asia,98.35263499999999,0.1855900000000048,13.32,68.556675,0.26376502384901634
Upper-Middle-Income Countries,ARE,2013,94.06516,ARE,98.41508,98.26575,Asia,98.34041500000001,0.14933000000000618,13.32,68.57519166666667,0.07209774654381995
Upper-Middle-Income Countries,ARE,2014,94.41684,ARE,98.53498,98.37738,Asia,98.45618,0.15760000000000218,13.32,68.73100666666666,0.37386849711411596
Upper-Middle-Income Countries,ARE,2015,94.53935,ARE,98.51003,98.35668,Asia,98.433355,0.1533500000000032,13.32,68.764235,0.12975439550826362
Upper-Middle-Income Countries,ARE,2016,94.76116,ARE,98.51744,98.38106,Asia,98.44925,0.1363799999999884,13.32,68.84347000000001,0.2346218796723365
Upper-Middle-Income Countries,ARE,2017,94.77168,ARE,98.37493,98.27023,Asia,98.32258,0.10470000000000823,13.32,68.80475333333334,0.011101594788409663
Upper-Middle-Income Countries,ARE,2018,94.92602,ARE,98.38033,98.28093,Asia,98.33063,0.09940000000000282,13.32,68.85888333333332,0.16285455739519783
Upper-Middle-Income Countries,ARE,2019,95.21391,ARE,98.49624,98.39383,Asia,98.44503499999999,0.10241000000000611,13.32,68.99298166666667,0.30327827923262163
Upper-Middle-Income Countries,ARE,2020,95.32048,ARE,98.49807,98.40296,Asia,98.450515,0.09511000000000536,13.32,69.03033166666667,0.11192692328254594
Upper-Middle-Income Countries,ARE,2021,95.35308,ARE,98.46274,98.39409,Asia,98.428415,0.068649999999991,13.32,69.03383166666667,0.03420041527277817
Upper-Middle-Income Countries,ARE,2022,95.49537,ARE,98.46457,98.40409,Asia,98.43432999999999,0.06047999999999831,13.32,69.08323333333333,0.14922433549078296
Upper-Middle-Income Countries,ARE,2023,95.61952,ARE,98.43889,98.39037,Asia,98.41463,0.048519999999996344,13.32,69.11805,0.1300063029233689
Uruguay,URY,1996,97.0,URY,98.0,99.0,South America,98.5,-1.0,8.08,67.86,
Uruguay,URY,2006,98.0,URY,98.0,99.0,South America,98.5,-1.0,8.5,68.33333333333333,1.0309278350515427
Uruguay,URY,2007,98.0,URY,98.0,99.0,South America,98.5,-1.0,8.5,68.33333333333333,0.0
Uruguay,URY,2008,98.0,URY,98.6,99.2,South America,98.9,-0.6000000000000085,8.5,68.46666666666667,0.0
Uruguay,URY,2009,98.0,URY,98.6,99.3,South America,98.94999999999999,-0.7000000000000028,8.5,68.48333333333333,0.0
Uruguay,URY,2010,98.0,URY,98.4,99.2,South America,98.80000000000001,-0.7999999999999972,8.61,68.47000000000001,0.0
Uruguay,URY,2011,98.0,URY,98.6,99.1,South America,98.85,-0.5,8.61,68.48666666666666,0.0
Uruguay,URY,2012,98.0,URY,98.6,99.3,South America,98.94999999999999,-0.7000000000000028,8.61,68.52,0.0
Uruguay,URY,2013,98.0,URY,98.6,99.3,South America,98.94999999999999,-0.7000000000000028,8.61,68.52,0.0
Uruguay,URY,2014,98.0,URY,98.3,99.4,South America,98.85,-1.1000000000000085,8.61,68.48666666666666,0.0
Uruguay,URY,2015,99.0,URY,98.6,99.2,South America,98.9,-0.6000000000000085,8.65,68.85000000000001,1.0204081632652962
Uruguay,URY,2016,99.0,URY,98.9,99.4,South America,99.15,-0.5,8.65,68.93333333333334,0.0
Uruguay,URY,2017,99.0,URY,98.6,99.3,South America,98.94999999999999,-0.7000000000000028,8.65,68.86666666666666,0.0
Uruguay,URY,2018,99.0,URY,98.6,99.2,South America,98.9,-0.6000000000000085,8.65,68.85000000000001,0.0
Uruguay,URY,2019,99.0,URY,98.7,99.3,South America,99.0,-0.5999999999999943,8.65,68.88333333333334,0.0
Uruguay,URY,2021,99.0,URY,99.1,99.2,South America,99.15,-0.10000000000000853,8.76,68.97,0.0
Uruguay,URY,2022,99.0,URY,98.9,99.4,South America,99.15,-0.5,8.76,68.97,0.0
Uruguay,URY,2023,99.0,URY,98.7,99.4,South America,99.05000000000001,-0.7000000000000028,8.76,68.93666666666667,0.0
Uzbekistan,UZB,2000,99.0,UZB,100.0,100.0,Asia,100.0,0.0,8.76,69.25333333333333,
Uzbekistan,UZB,2006,99.0,UZB,100.0,100.0,Asia,100.0,0.0,8.76,69.25333333333333,0.0
Uzbekistan,UZB,2013,100.0,UZB,100.0,100.0,Asia,100.0,0.0,8.76,69.58666666666666,1.0101010101010166
Uzbekistan,UZB,2014,100.0,UZB,100.0,100.0,Asia,100.0,0.0,8.76,69.58666666666666,0.0
Uzbekistan,UZB,2015,100.0,UZB,100.0,100.0,Asia,100.0,0.0,8.76,69.58666666666666,0.0
Uzbekistan,UZB,2016,100.0,UZB,100.0,100.0,Asia,100.0,0.0,8.76,69.58666666666666,0.0
Uzbekistan,UZB,2018,100.0,UZB,100.0,100.0,Asia,100.0,0.0,8.76,69.58666666666666,0.0
Uzbekistan,UZB,2019,100.0,UZB,100.0,100.0,Asia,100.0,0.0,8.76,69.58666666666666,0.0
Uzbekistan,UZB,2021,100.0,UZB,100.0,100.0,Asia,100.0,0.0,8.76,69.58666666666666,0.0
Uzbekistan,UZB,2022,100.0,UZB,100.0,100.0,Asia,100.0,0.0,8.76,69.58666666666666,0.0
Vanuatu,VUT,1999,74.0,VUT,76.0,68.0,Oceania,72.0,8.0,8.76,51.586666666666666,
Vanuatu,VUT,2023,87.96032,VUT,93.36447,94.51224,Oceania,93.938355,-1.1477700000000084,8.76,63.55289166666666,18.86529729729729
Venezuela,VEN,1990,90.0,VEN,95.0,96.0,South America,95.5,-1.0,5.26,63.586666666666666,
Venezuela,VEN,2000,90.0,VEN,96.9,98.2,South America,97.55000000000001,-1.2999999999999972,7.01,64.85333333333334,0.0
Venezuela,VEN,2001,93.0,VEN,97.0,98.3,South America,97.65,-1.2999999999999972,7.01,65.88666666666667,3.3333333333333437
Venezuela,VEN,2002,93.0,VEN,97.2,98.4,South America,97.80000000000001,-1.2000000000000028,,,0.0
Venezuela,VEN,2003,93.0,VEN,97.2,98.5,South America,97.85,-1.2999999999999972,,,0.0
Venezuela,VEN,2004,93.0,VEN,97.7,98.6,South America,98.15,-0.8999999999999915,,,0.0
Venezuela,VEN,2005,93.0,VEN,97.6,98.5,South America,98.05,-0.9000000000000057,7.8,66.28333333333335,0.0
Venezuela,VEN,2006,93.0,VEN,97.8,98.8,South America,98.3,-1.0,,,0.0
Venezuela,VEN,2007,95.0,VEN,98.0,98.8,South America,98.4,-0.7999999999999972,7.8,67.06666666666668,2.1505376344086002
Venezuela,VEN,2008,95.0,VEN,98.1,98.9,South America,98.5,-0.8000000000000114,,,0.0
Venezuela,VEN,2009,96.0,VEN,98.3,98.8,South America,98.55,-0.5,7.8,67.45,1.0526315789473717
Venezuela,VEN,2010,96.0,VEN,98.1,98.8,South America,98.44999999999999,-0.7000000000000028,8.78,67.74333333333333,0.0
Venezuela,VEN,2011,95.0,VEN,98.3,99.0,South America,98.65,-0.7000000000000028,8.78,67.47666666666667,-1.041666666666663
Venezuela,VEN,2012,95.0,VEN,98.6,99.1,South America,98.85,-0.5,,,0.0
Venezuela,VEN,2013,95.0,VEN,98.5,98.9,South America,98.7,-0.4000000000000057,,,0.0
Venezuela,VEN,2014,95.0,VEN,98.6,99.2,South America,98.9,-0.6000000000000085,,,0.0
Venezuela,VEN,2015,97.0,VEN,99.0,99.0,South America,99.0,0.0,9.02,68.34,2.1052631578947434
Venezuela,VEN,2016,97.0,VEN,98.0,99.0,South America,98.5,-1.0,9.02,68.17333333333333,0.0
Vietnam,VNM,1999,90.0,VNM,95.0,94.0,Asia,94.5,1.0,9.33,64.61,
Vietnam,VNM,2000,90.0,VNM,96.0,94.0,Asia,95.0,2.0,9.33,64.77666666666667,0.0
Vietnam,VNM,2006,90.0,VNM,96.0,100.0,Asia,98.0,-4.0,9.33,65.77666666666667,0.0
Vietnam,VNM,2009,94.0,VNM,97.0,97.0,Asia,97.0,0.0,9.33,66.77666666666667,4.444444444444451
Vietnam,VNM,2014,94.0,VNM,97.0,98.81,Asia,97.905,-1.8100000000000023,9.33,67.07833333333333,0.0
Vietnam,VNM,2019,96.0,VNM,99.0,99.0,Asia,99.0,0.0,7.99,67.66333333333334,2.127659574468077
Vietnam,VNM,2020,96.0,VNM,97.48152,98.96916,Asia,98.22534,-1.487639999999999,8.35,67.52511333333334,0.0
Vietnam,VNM,2022,96.0,VNM,99.0,99.0,Asia,99.0,0.0,8.35,67.78333333333333,0.0
World,OWID_WRL,1990,74.90702,OWID_WRL,87.31748,78.86351,Asia,83.090495,8.453969999999998,8.35,55.44917166666667,
World,OWID_WRL,1991,75.28651,OWID_WRL,87.43884,79.24219,Asia,83.340515,8.196650000000005,8.35,55.65900833333333,0.5066147338393723
World,OWID_WRL,1992,75.69432,OWID_WRL,87.67215,79.55118,Asia,83.611665,8.12097,8.35,55.88532833333334,0.5416773868253344
World,OWID_WRL,1993,76.10245,OWID_WRL,87.92209,79.79938,Asia,83.860735,8.122709999999998,8.35,56.104395000000004,0.5391818038658736
World,OWID_WRL,1994,76.50147,OWID_WRL,88.03336,80.19295,Asia,84.113155,7.840410000000006,8.35,56.32154166666666,0.5243195192796035
World,OWID_WRL,1995,76.91185,OWID_WRL,88.14821,80.59619,Asia,84.3722,7.552019999999999,8.35,56.54468333333333,0.5364341364943792
World,OWID_WRL,1996,77.29632,OWID_WRL,88.23841,80.9904,Asia,84.614405,7.248010000000008,8.35,56.753575000000005,0.4998839580636627
World,OWID_WRL,1997,79.28844,OWID_WRL,88.7176,82.21442,Asia,85.46601000000001,6.50318,8.35,57.701483333333336,2.5772507669187927
World,OWID_WRL,1998,80.4687,OWID_WRL,89.70054,82.80887,Asia,86.254705,6.891670000000005,8.35,58.35780166666667,1.4885650417639784
World,OWID_WRL,1999,80.806,OWID_WRL,89.85753,83.27845,Asia,86.56799000000001,6.5790799999999905,8.35,58.574663333333326,0.41916919249347373
World,OWID_WRL,2000,80.97923,OWID_WRL,89.84021,83.30813,Asia,86.57417000000001,6.5320799999999934,8.35,58.63446666666667,0.21437764522436176
World,OWID_WRL,2001,81.28601,OWID_WRL,89.94985,83.82793,Asia,86.88889,6.121920000000003,8.35,58.841633333333334,0.378837882256966
World,OWID_WRL,2002,81.64019,OWID_WRL,90.38558,84.33525,Asia,87.360415,6.050330000000002,8.35,59.116868333333336,0.4357207347242209
World,OWID_WRL,2003,82.11429,OWID_WRL,90.82547,84.83368,Asia,87.829575,5.991789999999995,8.35,59.431288333333335,0.5807188836772559
World,OWID_WRL,2004,82.44728,OWID_WRL,90.99728,85.37423,Asia,88.185755,5.623050000000006,8.35,59.66101166666667,0.4055201597675806
World,OWID_WRL,2005,82.45476,OWID_WRL,91.38889,85.40587,Asia,88.39738,5.98302000000001,8.35,59.734046666666664,0.009072464246218104
World,OWID_WRL,2006,82.42529,OWID_WRL,90.91807,85.46435,Asia,88.19121,5.453720000000004,8.35,59.655499999999996,-0.03574081108232985
World,OWID_WRL,2007,83.01185,OWID_WRL,91.08644,86.00191,Asia,88.544175,5.084530000000001,8.35,59.96867499999999,0.7116262496619452
World,OWID_WRL,2008,83.38555,OWID_WRL,91.41756,86.55271,Asia,88.985135,4.86484999999999,8.35,60.24022833333333,0.45017669164100216
World,OWID_WRL,2009,83.60871,OWID_WRL,91.40515,86.77014,Asia,89.08764500000001,4.635010000000008,8.35,60.348785,0.267624306609493
World,OWID_WRL,2010,84.2272,OWID_WRL,91.80122,87.23128,Asia,89.51625,4.5699400000000026,8.35,60.69781666666666,0.7397435028001276
World,OWID_WRL,2011,84.41082,OWID_WRL,91.86451,87.70053,Asia,89.78252,4.163979999999995,8.35,60.84778,0.21800558489419863
World,OWID_WRL,2012,84.60142,OWID_WRL,92.09037,88.10454,Asia,90.097455,3.985829999999993,8.35,61.01629166666666,0.22580043648432468
World,OWID_WRL,2013,84.90313,OWID_WRL,92.42617,88.67801,Asia,90.55208999999999,3.7481599999999986,8.35,61.268406666666664,0.35662521976580486
World,OWID_WRL,2014,85.28642,OWID_WRL,92.55024,89.10535,Asia,90.82779500000001,3.444890000000001,8.35,61.48807166666666,0.4514438984758229
World,OWID_WRL,2015,85.67891,OWID_WRL,92.69437,89.52198,Asia,91.108175,3.172390000000007,8.35,61.71236166666666,0.46020222211224926
World,OWID_WRL,2016,86.00014,OWID_WRL,92.76739,89.83617,Asia,91.30178000000001,2.9312200000000104,8.35,61.88397333333333,0.3749230703331774
World,OWID_WRL,2017,86.17703,OWID_WRL,92.85626,90.04203,Asia,91.449145,2.814230000000009,8.35,61.992058333333325,0.2056857116744304
World,OWID_WRL,2018,86.43751,OWID_WRL,92.88166,90.12206,Asia,91.50186,2.759599999999992,8.35,62.09645666666666,0.30226151910781596
World,OWID_WRL,2019,86.54794,OWID_WRL,93.74094,90.9163,Asia,92.32862,2.824639999999988,8.35,62.408853333333326,0.12775703511125336
World,OWID_WRL,2020,86.74748,OWID_WRL,93.77812,91.07546,Asia,92.42679000000001,2.7026599999999945,8.35,62.50809,0.23055430319889325
World,OWID_WRL,2021,86.92754,OWID_WRL,93.83333,91.26919,Asia,92.55126,2.564140000000009,8.35,62.60959999999999,0.20756798929491005
World,OWID_WRL,2022,87.15536,OWID_WRL,93.8974,91.50098,Asia,92.69919,2.396420000000006,8.35,62.73485,0.2620803487594525
World,OWID_WRL,2023,87.35603,OWID_WRL,93.93184,91.67273,Asia,92.802285,2.2591099999999926,8.35,62.836105,0.23024401482594214
Yemen,YEM,1994,37.0,YEM,83.0,35.0,Asia,59.0,48.0,1.25,32.416666666666664,
Yemen,YEM,2006,37.0,YEM,83.0,65.66,Asia,74.33,17.340000000000003,,,0.0
Yemen,YEM,2013,37.0,YEM,83.0,64.08,Asia,73.53999999999999,18.92,,,0.0
Yemen,YEM,2023,37.0,YEM,61.76,76.91698,Asia,69.33849,-15.156979999999997,,,0.0
Zambia,ZMB,1990,65.0,ZMB,67.0,66.0,Africa,66.5,1.0,5.02,45.50666666666667,
Zambia,ZMB,1999,68.0,ZMB,73.0,66.0,Africa,69.5,7.0,6.03,47.843333333333334,4.615384615384621
Zambia,ZMB,2002,69.0,ZMB,78.0,66.0,Africa,72.0,12.0,6.35,49.11666666666667,1.4705882352941124
Zambia,ZMB,2010,83.0,ZMB,91.0,87.0,Africa,89.0,4.0,7.4,59.800000000000004,20.28985507246377
Zambia,ZMB,2018,71.1323,ZMB,82.44786,72.90992,Africa,77.67889,9.537940000000006,7.9,52.23706333333334,-14.298433734939753
Zimbabwe,ZWE,1992,84.0,ZWE,97.0,94.0,Africa,95.5,3.0,5.97,61.82333333333333,
Zimbabwe,ZWE,2009,84.0,ZWE,97.0,95.65,Africa,96.325,1.3499999999999943,7.65,62.65833333333333,0.0
Zimbabwe,ZWE,2014,84.0,ZWE,97.0,96.31,Africa,96.655,0.6899999999999977,7.86,62.83833333333334,0.0
Zimbabwe,ZWE,2019,93.22755,ZWE,90.77383,94.2159,Africa,92.494865,-3.442070000000001,8.03,64.58413833333334,10.985178571428555
